ISO-10303-21;
HEADER;
/* Generated by software containing ST-Developer
 * from STEP Tools, Inc. (www.steptools.com) 
 */
/* OPTION: using custom schema-name function */

FILE_DESCRIPTION(
/* description */ (''),
/* implementation_level */ '2;1');

FILE_NAME(
/* name */ 'FF132-\X2\62C94E016263\X0\-2025.01.14.stp',
/* time_stamp */ '2026-01-14T17:30:27+08:00',
/* author */ (''),
/* organization */ (''),
/* preprocessor_version */ 'ST-DEVELOPER v16',
/* originating_system */ 'SIEMENS PLM Software NX 10.0',
/* authorisation */ '');

FILE_SCHEMA (('AUTOMOTIVE_DESIGN { 1 0 10303 214 3 1 1 1 }'));
ENDSEC;

DATA;
#10=CONSTRUCTIVE_GEOMETRY_REPRESENTATION_RELATIONSHIP(
'supplemental geometry','',#32,#11);
#11=CONSTRUCTIVE_GEOMETRY_REPRESENTATION('supplemental geometry',(#3662),
#7292);
#12=PROPERTY_DEFINITION_REPRESENTATION(#16,#14);
#13=PROPERTY_DEFINITION_REPRESENTATION(#17,#15);
#14=REPRESENTATION('',(#18),#7292);
#15=REPRESENTATION('',(#19),#7292);
#16=PROPERTY_DEFINITION('pmi validation property','',#23);
#17=PROPERTY_DEFINITION('pmi validation property','',#23);
#18=VALUE_REPRESENTATION_ITEM('number of annotations',COUNT_MEASURE(0.));
#19=VALUE_REPRESENTATION_ITEM('number of views',COUNT_MEASURE(0.));
#20=SHAPE_REPRESENTATION_RELATIONSHIP('None',
'relationship between Admi1600304Bud7e-None and Admi1600304Bud7e-None',
#32,#21);
#21=ADVANCED_BREP_SHAPE_REPRESENTATION('Admi1600304Bud7e-None',(#38),#7292);
#22=SHAPE_DEFINITION_REPRESENTATION(#23,#32);
#23=PRODUCT_DEFINITION_SHAPE('','',#24);
#24=PRODUCT_DEFINITION(' ','',#26,#25);
#25=PRODUCT_DEFINITION_CONTEXT('part definition',#31,'design');
#26=PRODUCT_DEFINITION_FORMATION_WITH_SPECIFIED_SOURCE(' ',' ',#28,
 .NOT_KNOWN.);
#27=PRODUCT_RELATED_PRODUCT_CATEGORY('part','',(#28));
#28=PRODUCT('Admi1600304Bud7e','Admi1600304Bud7e',' ',(#29));
#29=PRODUCT_CONTEXT(' ',#31,'mechanical');
#30=APPLICATION_PROTOCOL_DEFINITION('international standard',
'automotive_design',2010,#31);
#31=APPLICATION_CONTEXT(
'core data for automotive mechanical design processes');
#32=SHAPE_REPRESENTATION('Admi1600304Bud7e-None',(#3661),#7292);
#33=SURFACE_STYLE_USAGE(.BOTH.,#34);
#34=SURFACE_SIDE_STYLE('',(#35));
#35=SURFACE_STYLE_FILL_AREA(#36);
#36=FILL_AREA_STYLE('',(#37));
#37=FILL_AREA_STYLE_COLOUR('',#3659);
#38=MANIFOLD_SOLID_BREP('',#39);
#39=CLOSED_SHELL('',(#220,#221,#222,#223,#224,#225,#226,#227,#228,#229,
#230,#231,#232,#233,#234,#235,#236,#237,#238,#239,#240,#241,#242,#243,#244,
#245,#246,#247,#248,#249,#250,#251,#252,#253,#254,#255,#256,#257,#258,#259,
#260,#261,#262,#263,#264,#265,#266,#267,#268,#269,#270,#271,#272,#273,#274,
#275,#276,#277,#278,#279,#280,#281,#282,#283,#284,#285,#286,#287,#288,#289,
#290,#291,#292,#293,#294,#295,#296,#297,#298,#299,#300,#301,#302,#303,#304,
#305,#306,#307,#308,#309,#310,#311,#312,#313,#314,#315,#316,#317,#318,#319,
#320,#321,#322,#323,#324,#325,#326,#327,#328,#329,#330,#331,#332,#333,#334,
#335,#336,#337,#338,#339,#340,#341,#342,#343,#344,#345,#346,#347,#348,#349,
#350,#351,#352,#353,#354,#355,#356,#357,#358,#359,#360,#361,#362,#363,#364,
#365,#366,#367,#368,#369,#370,#371,#372,#373,#374,#375,#376,#377,#378,#379,
#380,#381,#382,#383,#384,#385,#386,#387,#388,#389,#390,#391,#392,#393,#394,
#395,#396,#397,#398,#399,#400,#401,#402,#403,#404,#405,#406,#407,#408,#409,
#410,#411));
#40=B_SPLINE_SURFACE_WITH_KNOTS('',1,3,((#6889,#6890,#6891,#6892,#6893,
#6894,#6895,#6896,#6897,#6898,#6899,#6900,#6901,#6902,#6903,#6904,#6905,
#6906,#6907,#6908,#6909,#6910),(#6911,#6912,#6913,#6914,#6915,#6916,#6917,
#6918,#6919,#6920,#6921,#6922,#6923,#6924,#6925,#6926,#6927,#6928,#6929,
#6930,#6931,#6932)),.UNSPECIFIED.,.F.,.F.,.F.,(2,2),(4,2,2,2,2,2,2,2,2,
2,4),(0.,1.),(0.,0.543852547624796,0.695901698416531,0.746584748680442,
0.763479098768413,0.769110548797736,0.77474199882706,0.780373448856383,
0.797267798944354,0.847950849208265,1.),.UNSPECIFIED.);
#41=B_SPLINE_SURFACE_WITH_KNOTS('',1,3,((#6972,#6973,#6974,#6975,#6976,
#6977,#6978,#6979,#6980,#6981,#6982,#6983,#6984,#6985,#6986,#6987,#6988,
#6989,#6990,#6991),(#6992,#6993,#6994,#6995,#6996,#6997,#6998,#6999,#7000,
#7001,#7002,#7003,#7004,#7005,#7006,#7007,#7008,#7009,#7010,#7011)),
 .UNSPECIFIED.,.F.,.F.,.F.,(2,2),(4,2,2,2,2,2,2,2,2,4),(0.,1.),(0.,0.641308549905326,
0.820654274952663,0.880436183301775,0.900363486084813,0.907005920345825,
0.913648354606838,0.92029078886785,0.940218091650888,1.),.UNSPECIFIED.);
#42=B_SPLINE_SURFACE_WITH_KNOTS('',1,3,((#7142,#7143,#7144,#7145,#7146,
#7147,#7148,#7149,#7150,#7151,#7152,#7153,#7154,#7155,#7156,#7157,#7158,
#7159,#7160,#7161,#7162,#7163),(#7164,#7165,#7166,#7167,#7168,#7169,#7170,
#7171,#7172,#7173,#7174,#7175,#7176,#7177,#7178,#7179,#7180,#7181,#7182,
#7183,#7184,#7185)),.UNSPECIFIED.,.F.,.F.,.F.,(2,2),(4,2,2,2,2,2,2,2,2,
2,4),(0.,1.),(0.,0.543736969876367,0.695824646584245,0.746520538820204,
0.763419169565524,0.76905204648063,0.774684923395737,0.780317800310844,
0.797216431056163,0.847912323292123,1.),.UNSPECIFIED.);
#43=B_SPLINE_SURFACE_WITH_KNOTS('',1,3,((#7207,#7208,#7209,#7210,#7211,
#7212,#7213,#7214,#7215,#7216,#7217,#7218,#7219,#7220,#7221,#7222,#7223,
#7224,#7225,#7226),(#7227,#7228,#7229,#7230,#7231,#7232,#7233,#7234,#7235,
#7236,#7237,#7238,#7239,#7240,#7241,#7242,#7243,#7244,#7245,#7246)),
 .UNSPECIFIED.,.F.,.F.,.F.,(2,2),(4,2,2,2,2,2,2,2,2,4),(0.,1.),(0.,0.641329733422173,
0.820664866711087,0.880443244474058,0.900369370395048,0.907011412368712,
0.913653454342375,0.920295496316038,0.940221622237029,1.),.UNSPECIFIED.);
#44=SURFACE_OF_LINEAR_EXTRUSION('',#962,#3437);
#45=SURFACE_OF_LINEAR_EXTRUSION('',#965,#3441);
#46=SURFACE_OF_LINEAR_EXTRUSION('',#968,#3468);
#47=SURFACE_OF_LINEAR_EXTRUSION('',#971,#3476);
#48=SURFACE_OF_LINEAR_EXTRUSION('',#974,#3477);
#49=SURFACE_OF_LINEAR_EXTRUSION('',#977,#3480);
#50=SURFACE_OF_LINEAR_EXTRUSION('',#980,#3481);
#51=SURFACE_OF_LINEAR_EXTRUSION('',#992,#3497);
#52=SURFACE_OF_LINEAR_EXTRUSION('',#994,#3498);
#53=SURFACE_OF_LINEAR_EXTRUSION('',#996,#3501);
#54=SURFACE_OF_LINEAR_EXTRUSION('',#998,#3502);
#55=SURFACE_OF_LINEAR_EXTRUSION('',#1000,#3505);
#56=SURFACE_OF_LINEAR_EXTRUSION('',#1002,#3509);
#57=SURFACE_OF_LINEAR_EXTRUSION('',#1004,#3510);
#58=SURFACE_OF_LINEAR_EXTRUSION('',#1006,#3513);
#59=SURFACE_OF_LINEAR_EXTRUSION('',#1008,#3521);
#60=SURFACE_OF_LINEAR_EXTRUSION('',#1010,#3524);
#61=SURFACE_OF_LINEAR_EXTRUSION('',#1013,#3525);
#62=SURFACE_OF_LINEAR_EXTRUSION('',#1016,#3526);
#63=SURFACE_OF_LINEAR_EXTRUSION('',#1019,#3527);
#64=SURFACE_OF_LINEAR_EXTRUSION('',#1022,#3528);
#65=SURFACE_OF_LINEAR_EXTRUSION('',#1025,#3534);
#66=SURFACE_OF_LINEAR_EXTRUSION('',#1028,#3537);
#67=CYLINDRICAL_SURFACE('',#3708,1.);
#68=CYLINDRICAL_SURFACE('',#3709,1.);
#69=CYLINDRICAL_SURFACE('',#3711,3.5);
#70=CYLINDRICAL_SURFACE('',#3713,3.5);
#71=CYLINDRICAL_SURFACE('',#3738,1.);
#72=CYLINDRICAL_SURFACE('',#3739,1.);
#73=CYLINDRICAL_SURFACE('',#3744,2.);
#74=CYLINDRICAL_SURFACE('',#3746,3.);
#75=CYLINDRICAL_SURFACE('',#3748,2.5);
#76=CYLINDRICAL_SURFACE('',#3750,3.);
#77=CYLINDRICAL_SURFACE('',#3758,1.);
#78=CYLINDRICAL_SURFACE('',#3759,1.);
#79=CYLINDRICAL_SURFACE('',#3760,3.5);
#80=CYLINDRICAL_SURFACE('',#3761,3.5);
#81=CYLINDRICAL_SURFACE('',#3782,1.);
#82=CYLINDRICAL_SURFACE('',#3783,1.);
#83=CYLINDRICAL_SURFACE('',#3785,3.);
#84=CYLINDRICAL_SURFACE('',#3786,3.);
#85=CYLINDRICAL_SURFACE('',#3831,2.95275590551181);
#86=CYLINDRICAL_SURFACE('',#3834,1.96850393700788);
#87=CYLINDRICAL_SURFACE('',#3842,0.2);
#88=CYLINDRICAL_SURFACE('',#3849,0.2);
#89=CYLINDRICAL_SURFACE('',#3855,0.5);
#90=CYLINDRICAL_SURFACE('',#3866,0.2);
#91=CYLINDRICAL_SURFACE('',#3869,0.2);
#92=CYLINDRICAL_SURFACE('',#3876,0.2);
#93=CYLINDRICAL_SURFACE('',#3883,0.2);
#94=CYLINDRICAL_SURFACE('',#3889,0.5);
#95=CONICAL_SURFACE('',#3705,0.,13.6504191347716);
#96=CONICAL_SURFACE('',#3707,0.,13.6504191347716);
#97=CONICAL_SURFACE('',#3734,0.5749999999998,13.65041913477);
#98=CONICAL_SURFACE('',#3737,0.5749999999998,13.65041913477);
#99=CONICAL_SURFACE('',#3755,0.,13.6504191347716);
#100=CONICAL_SURFACE('',#3757,0.,13.6504191347716);
#101=CONICAL_SURFACE('',#3778,0.5749999999998,13.65041913477);
#102=CONICAL_SURFACE('',#3781,0.5749999999998,13.65041913477);
#103=CONICAL_SURFACE('',#3787,2.75,5.);
#104=CONICAL_SURFACE('',#3788,2.75,5.);
#105=FACE_BOUND('',#715,.T.);
#106=FACE_BOUND('',#716,.T.);
#107=FACE_BOUND('',#717,.T.);
#108=FACE_BOUND('',#718,.T.);
#109=FACE_BOUND('',#719,.T.);
#110=FACE_BOUND('',#720,.T.);
#111=FACE_BOUND('',#721,.T.);
#112=FACE_BOUND('',#722,.T.);
#113=FACE_BOUND('',#723,.T.);
#114=FACE_BOUND('',#724,.T.);
#115=FACE_BOUND('',#725,.T.);
#116=FACE_BOUND('',#728,.T.);
#117=FACE_BOUND('',#729,.T.);
#118=FACE_BOUND('',#730,.T.);
#119=FACE_BOUND('',#731,.T.);
#120=FACE_BOUND('',#736,.T.);
#121=FACE_BOUND('',#737,.T.);
#122=FACE_BOUND('',#738,.T.);
#123=FACE_BOUND('',#739,.T.);
#124=FACE_BOUND('',#740,.T.);
#125=FACE_BOUND('',#741,.T.);
#126=FACE_BOUND('',#742,.T.);
#127=FACE_BOUND('',#821,.T.);
#128=FACE_BOUND('',#822,.T.);
#129=FACE_BOUND('',#823,.T.);
#130=FACE_BOUND('',#824,.T.);
#131=FACE_BOUND('',#825,.T.);
#132=FACE_BOUND('',#826,.T.);
#133=FACE_BOUND('',#827,.T.);
#134=FACE_BOUND('',#828,.T.);
#135=FACE_BOUND('',#829,.T.);
#136=FACE_BOUND('',#849,.T.);
#137=FACE_BOUND('',#850,.T.);
#138=FACE_BOUND('',#852,.T.);
#139=FACE_BOUND('',#853,.T.);
#140=FACE_BOUND('',#854,.T.);
#141=FACE_BOUND('',#855,.T.);
#142=FACE_BOUND('',#856,.T.);
#143=FACE_BOUND('',#857,.T.);
#144=FACE_BOUND('',#859,.T.);
#145=FACE_BOUND('',#860,.T.);
#146=FACE_BOUND('',#862,.T.);
#147=FACE_BOUND('',#863,.T.);
#148=FACE_BOUND('',#864,.T.);
#149=FACE_BOUND('',#865,.T.);
#150=FACE_BOUND('',#866,.T.);
#151=FACE_BOUND('',#867,.T.);
#152=FACE_BOUND('',#873,.T.);
#153=FACE_BOUND('',#874,.T.);
#154=FACE_BOUND('',#875,.T.);
#155=FACE_BOUND('',#876,.T.);
#156=FACE_BOUND('',#878,.T.);
#157=FACE_BOUND('',#879,.T.);
#158=FACE_BOUND('',#882,.T.);
#159=FACE_BOUND('',#883,.T.);
#160=FACE_BOUND('',#885,.T.);
#161=FACE_BOUND('',#886,.T.);
#162=CIRCLE('',#3666,2.75);
#163=CIRCLE('',#3668,2.75);
#164=CIRCLE('',#3670,1.96850393700788);
#165=CIRCLE('',#3671,2.95275590551181);
#166=CIRCLE('',#3672,1.);
#167=CIRCLE('',#3673,1.);
#168=CIRCLE('',#3674,1.);
#169=CIRCLE('',#3675,1.);
#170=CIRCLE('',#3676,1.);
#171=CIRCLE('',#3677,1.);
#172=CIRCLE('',#3678,1.);
#173=CIRCLE('',#3679,1.);
#174=CIRCLE('',#3681,3.5);
#175=CIRCLE('',#3682,3.5);
#176=CIRCLE('',#3683,3.5);
#177=CIRCLE('',#3684,3.5);
#178=CIRCLE('',#3693,3.00371712422518);
#179=CIRCLE('',#3694,3.00371712422518);
#180=CIRCLE('',#3696,3.5);
#181=CIRCLE('',#3697,3.5);
#182=CIRCLE('',#3698,3.5);
#183=CIRCLE('',#3699,3.5);
#184=CIRCLE('',#3701,0.15);
#185=CIRCLE('',#3702,0.15);
#186=CIRCLE('',#3704,1.);
#187=CIRCLE('',#3706,1.);
#188=CIRCLE('',#3716,2.);
#189=CIRCLE('',#3717,2.5);
#190=CIRCLE('',#3729,0.1499999999993);
#191=CIRCLE('',#3730,0.1499999999993);
#192=CIRCLE('',#3731,0.1499999999993);
#193=CIRCLE('',#3733,1.);
#194=CIRCLE('',#3735,1.);
#195=CIRCLE('',#3736,1.);
#196=CIRCLE('',#3743,2.);
#197=CIRCLE('',#3747,2.5);
#198=CIRCLE('',#3751,0.15);
#199=CIRCLE('',#3752,0.15);
#200=CIRCLE('',#3754,1.);
#201=CIRCLE('',#3756,1.);
#202=CIRCLE('',#3773,0.1499999999993);
#203=CIRCLE('',#3774,0.1499999999993);
#204=CIRCLE('',#3775,0.1499999999993);
#205=CIRCLE('',#3777,1.);
#206=CIRCLE('',#3779,1.);
#207=CIRCLE('',#3780,1.);
#208=CIRCLE('',#3830,2.95275590551181);
#209=CIRCLE('',#3833,1.96850393700788);
#210=CIRCLE('',#3840,0.2);
#211=CIRCLE('',#3841,0.2);
#212=CIRCLE('',#3847,0.2);
#213=CIRCLE('',#3848,0.2);
#214=CIRCLE('',#3867,0.2);
#215=CIRCLE('',#3868,0.2);
#216=CIRCLE('',#3874,0.2);
#217=CIRCLE('',#3875,0.2);
#218=CIRCLE('',#3881,0.2);
#219=CIRCLE('',#3882,0.2);
#220=ADVANCED_FACE('',(#539),#412,.T.);
#221=ADVANCED_FACE('',(#540),#413,.F.);
#222=ADVANCED_FACE('',(#541),#414,.F.);
#223=ADVANCED_FACE('',(#105,#106,#107,#108,#109,#110,#111,#112,#113),#415,
 .T.);
#224=ADVANCED_FACE('',(#114,#115),#416,.T.);
#225=ADVANCED_FACE('',(#542),#417,.T.);
#226=ADVANCED_FACE('',(#543),#418,.T.);
#227=ADVANCED_FACE('',(#116,#117,#118,#119),#419,.T.);
#228=ADVANCED_FACE('',(#544),#420,.T.);
#229=ADVANCED_FACE('',(#545),#421,.T.);
#230=ADVANCED_FACE('',(#546),#422,.T.);
#231=ADVANCED_FACE('',(#547),#423,.T.);
#232=ADVANCED_FACE('',(#120,#121,#122,#123,#124),#424,.T.);
#233=ADVANCED_FACE('',(#125,#126),#425,.T.);
#234=ADVANCED_FACE('',(#548),#426,.T.);
#235=ADVANCED_FACE('',(#549),#95,.T.);
#236=ADVANCED_FACE('',(#550),#96,.T.);
#237=ADVANCED_FACE('',(#551),#67,.T.);
#238=ADVANCED_FACE('',(#552),#68,.T.);
#239=ADVANCED_FACE('',(#553),#69,.T.);
#240=ADVANCED_FACE('',(#554),#70,.T.);
#241=ADVANCED_FACE('',(#555),#427,.T.);
#242=ADVANCED_FACE('',(#556),#428,.T.);
#243=ADVANCED_FACE('',(#557),#429,.T.);
#244=ADVANCED_FACE('',(#558),#430,.T.);
#245=ADVANCED_FACE('',(#559),#431,.T.);
#246=ADVANCED_FACE('',(#560),#432,.T.);
#247=ADVANCED_FACE('',(#561),#433,.T.);
#248=ADVANCED_FACE('',(#562),#434,.T.);
#249=ADVANCED_FACE('',(#563),#435,.F.);
#250=ADVANCED_FACE('',(#564),#436,.F.);
#251=ADVANCED_FACE('',(#565),#437,.T.);
#252=ADVANCED_FACE('',(#566),#438,.T.);
#253=ADVANCED_FACE('',(#567),#97,.T.);
#254=ADVANCED_FACE('',(#568),#98,.T.);
#255=ADVANCED_FACE('',(#569),#71,.T.);
#256=ADVANCED_FACE('',(#570),#72,.T.);
#257=ADVANCED_FACE('',(#571),#439,.T.);
#258=ADVANCED_FACE('',(#572),#440,.T.);
#259=ADVANCED_FACE('',(#573),#441,.T.);
#260=ADVANCED_FACE('',(#574),#73,.F.);
#261=ADVANCED_FACE('',(#575),#74,.T.);
#262=ADVANCED_FACE('',(#576),#75,.F.);
#263=ADVANCED_FACE('',(#577),#76,.T.);
#264=ADVANCED_FACE('',(#578),#442,.T.);
#265=ADVANCED_FACE('',(#579),#99,.T.);
#266=ADVANCED_FACE('',(#580),#100,.T.);
#267=ADVANCED_FACE('',(#581),#77,.T.);
#268=ADVANCED_FACE('',(#582),#78,.T.);
#269=ADVANCED_FACE('',(#583),#79,.T.);
#270=ADVANCED_FACE('',(#584),#80,.T.);
#271=ADVANCED_FACE('',(#585),#443,.T.);
#272=ADVANCED_FACE('',(#586),#444,.T.);
#273=ADVANCED_FACE('',(#587),#445,.T.);
#274=ADVANCED_FACE('',(#588),#446,.T.);
#275=ADVANCED_FACE('',(#589),#447,.T.);
#276=ADVANCED_FACE('',(#590),#448,.T.);
#277=ADVANCED_FACE('',(#591),#449,.T.);
#278=ADVANCED_FACE('',(#592),#450,.F.);
#279=ADVANCED_FACE('',(#593),#451,.F.);
#280=ADVANCED_FACE('',(#594),#452,.T.);
#281=ADVANCED_FACE('',(#595),#101,.T.);
#282=ADVANCED_FACE('',(#596),#102,.T.);
#283=ADVANCED_FACE('',(#597),#81,.T.);
#284=ADVANCED_FACE('',(#598),#82,.T.);
#285=ADVANCED_FACE('',(#599),#453,.T.);
#286=ADVANCED_FACE('',(#600),#83,.T.);
#287=ADVANCED_FACE('',(#601),#84,.T.);
#288=ADVANCED_FACE('',(#602),#103,.F.);
#289=ADVANCED_FACE('',(#603),#104,.F.);
#290=ADVANCED_FACE('',(#604),#454,.F.);
#291=ADVANCED_FACE('',(#605),#455,.F.);
#292=ADVANCED_FACE('',(#606),#456,.F.);
#293=ADVANCED_FACE('',(#607),#457,.F.);
#294=ADVANCED_FACE('',(#608),#44,.F.);
#295=ADVANCED_FACE('',(#609),#458,.F.);
#296=ADVANCED_FACE('',(#610),#45,.F.);
#297=ADVANCED_FACE('',(#611),#459,.T.);
#298=ADVANCED_FACE('',(#612),#460,.T.);
#299=ADVANCED_FACE('',(#613),#461,.T.);
#300=ADVANCED_FACE('',(#614),#462,.T.);
#301=ADVANCED_FACE('',(#615),#463,.T.);
#302=ADVANCED_FACE('',(#616),#464,.T.);
#303=ADVANCED_FACE('',(#617),#465,.T.);
#304=ADVANCED_FACE('',(#618),#466,.T.);
#305=ADVANCED_FACE('',(#619),#46,.T.);
#306=ADVANCED_FACE('',(#620),#467,.T.);
#307=ADVANCED_FACE('',(#621),#468,.T.);
#308=ADVANCED_FACE('',(#622),#47,.F.);
#309=ADVANCED_FACE('',(#623),#48,.F.);
#310=ADVANCED_FACE('',(#624),#49,.F.);
#311=ADVANCED_FACE('',(#625),#50,.F.);
#312=ADVANCED_FACE('',(#127,#128,#129,#130,#131,#132,#133,#134,#135),#469,
 .F.);
#313=ADVANCED_FACE('',(#626),#470,.F.);
#314=ADVANCED_FACE('',(#627),#471,.F.);
#315=ADVANCED_FACE('',(#628),#472,.F.);
#316=ADVANCED_FACE('',(#629),#473,.F.);
#317=ADVANCED_FACE('',(#630),#51,.F.);
#318=ADVANCED_FACE('',(#631),#52,.F.);
#319=ADVANCED_FACE('',(#632),#53,.F.);
#320=ADVANCED_FACE('',(#633),#54,.F.);
#321=ADVANCED_FACE('',(#634),#55,.F.);
#322=ADVANCED_FACE('',(#635),#474,.F.);
#323=ADVANCED_FACE('',(#636),#56,.F.);
#324=ADVANCED_FACE('',(#637),#57,.F.);
#325=ADVANCED_FACE('',(#638),#58,.F.);
#326=ADVANCED_FACE('',(#639),#475,.F.);
#327=ADVANCED_FACE('',(#640),#476,.F.);
#328=ADVANCED_FACE('',(#641),#477,.F.);
#329=ADVANCED_FACE('',(#642),#59,.F.);
#330=ADVANCED_FACE('',(#643),#478,.F.);
#331=ADVANCED_FACE('',(#644),#60,.F.);
#332=ADVANCED_FACE('',(#136,#137),#479,.F.);
#333=ADVANCED_FACE('',(#645),#480,.F.);
#334=ADVANCED_FACE('',(#138,#139),#61,.F.);
#335=ADVANCED_FACE('',(#140,#141),#481,.F.);
#336=ADVANCED_FACE('',(#142,#143),#62,.F.);
#337=ADVANCED_FACE('',(#646),#482,.F.);
#338=ADVANCED_FACE('',(#144,#145),#483,.F.);
#339=ADVANCED_FACE('',(#647),#484,.F.);
#340=ADVANCED_FACE('',(#146,#147),#63,.F.);
#341=ADVANCED_FACE('',(#148,#149),#485,.F.);
#342=ADVANCED_FACE('',(#150,#151),#64,.F.);
#343=ADVANCED_FACE('',(#648),#486,.F.);
#344=ADVANCED_FACE('',(#649),#487,.F.);
#345=ADVANCED_FACE('',(#650),#65,.F.);
#346=ADVANCED_FACE('',(#651),#488,.F.);
#347=ADVANCED_FACE('',(#652),#489,.F.);
#348=ADVANCED_FACE('',(#152,#153),#490,.F.);
#349=ADVANCED_FACE('',(#154,#155),#66,.F.);
#350=ADVANCED_FACE('',(#653),#491,.F.);
#351=ADVANCED_FACE('',(#156,#157),#492,.F.);
#352=ADVANCED_FACE('',(#654),#493,.F.);
#353=ADVANCED_FACE('',(#655),#494,.F.);
#354=ADVANCED_FACE('',(#158,#159),#85,.F.);
#355=ADVANCED_FACE('',(#656),#495,.F.);
#356=ADVANCED_FACE('',(#160,#161),#86,.F.);
#357=ADVANCED_FACE('',(#657),#496,.F.);
#358=ADVANCED_FACE('',(#658),#497,.F.);
#359=ADVANCED_FACE('',(#659),#498,.T.);
#360=ADVANCED_FACE('',(#660),#499,.T.);
#361=ADVANCED_FACE('',(#661),#500,.F.);
#362=ADVANCED_FACE('',(#662),#87,.T.);
#363=ADVANCED_FACE('',(#663),#501,.F.);
#364=ADVANCED_FACE('',(#664),#502,.T.);
#365=ADVANCED_FACE('',(#665),#503,.T.);
#366=ADVANCED_FACE('',(#666),#504,.F.);
#367=ADVANCED_FACE('',(#667),#88,.T.);
#368=ADVANCED_FACE('',(#668),#505,.T.);
#369=ADVANCED_FACE('',(#669),#40,.T.);
#370=ADVANCED_FACE('',(#670),#506,.F.);
#371=ADVANCED_FACE('',(#671),#41,.F.);
#372=ADVANCED_FACE('',(#672),#507,.F.);
#373=ADVANCED_FACE('',(#673),#89,.T.);
#374=ADVANCED_FACE('',(#674),#508,.T.);
#375=ADVANCED_FACE('',(#675),#509,.F.);
#376=ADVANCED_FACE('',(#676),#510,.F.);
#377=ADVANCED_FACE('',(#677),#511,.F.);
#378=ADVANCED_FACE('',(#678),#512,.F.);
#379=ADVANCED_FACE('',(#679),#513,.T.);
#380=ADVANCED_FACE('',(#680),#514,.T.);
#381=ADVANCED_FACE('',(#681),#515,.T.);
#382=ADVANCED_FACE('',(#682),#516,.T.);
#383=ADVANCED_FACE('',(#683),#517,.F.);
#384=ADVANCED_FACE('',(#684),#90,.T.);
#385=ADVANCED_FACE('',(#685),#91,.T.);
#386=ADVANCED_FACE('',(#686),#518,.F.);
#387=ADVANCED_FACE('',(#687),#519,.T.);
#388=ADVANCED_FACE('',(#688),#520,.T.);
#389=ADVANCED_FACE('',(#689),#521,.F.);
#390=ADVANCED_FACE('',(#690),#92,.T.);
#391=ADVANCED_FACE('',(#691),#522,.F.);
#392=ADVANCED_FACE('',(#692),#523,.T.);
#393=ADVANCED_FACE('',(#693),#524,.T.);
#394=ADVANCED_FACE('',(#694),#525,.F.);
#395=ADVANCED_FACE('',(#695),#93,.T.);
#396=ADVANCED_FACE('',(#696),#526,.T.);
#397=ADVANCED_FACE('',(#697),#42,.T.);
#398=ADVANCED_FACE('',(#698),#527,.F.);
#399=ADVANCED_FACE('',(#699),#43,.F.);
#400=ADVANCED_FACE('',(#700),#528,.F.);
#401=ADVANCED_FACE('',(#701),#94,.T.);
#402=ADVANCED_FACE('',(#702),#529,.T.);
#403=ADVANCED_FACE('',(#703),#530,.F.);
#404=ADVANCED_FACE('',(#704),#531,.F.);
#405=ADVANCED_FACE('',(#705),#532,.T.);
#406=ADVANCED_FACE('',(#706),#533,.F.);
#407=ADVANCED_FACE('',(#707),#534,.F.);
#408=ADVANCED_FACE('',(#708),#535,.T.);
#409=ADVANCED_FACE('',(#709),#536,.F.);
#410=ADVANCED_FACE('',(#710),#537,.F.);
#411=ADVANCED_FACE('',(#711),#538,.T.);
#412=PLANE('',#3665);
#413=PLANE('',#3667);
#414=PLANE('',#3669);
#415=PLANE('',#3680);
#416=PLANE('',#3685);
#417=PLANE('',#3686);
#418=PLANE('',#3687);
#419=PLANE('',#3688);
#420=PLANE('',#3689);
#421=PLANE('',#3690);
#422=PLANE('',#3691);
#423=PLANE('',#3692);
#424=PLANE('',#3695);
#425=PLANE('',#3700);
#426=PLANE('',#3703);
#427=PLANE('',#3718);
#428=PLANE('',#3719);
#429=PLANE('',#3720);
#430=PLANE('',#3721);
#431=PLANE('',#3722);
#432=PLANE('',#3723);
#433=PLANE('',#3724);
#434=PLANE('',#3725);
#435=PLANE('',#3726);
#436=PLANE('',#3727);
#437=PLANE('',#3728);
#438=PLANE('',#3732);
#439=PLANE('',#3740);
#440=PLANE('',#3741);
#441=PLANE('',#3742);
#442=PLANE('',#3753);
#443=PLANE('',#3764);
#444=PLANE('',#3765);
#445=PLANE('',#3766);
#446=PLANE('',#3767);
#447=PLANE('',#3768);
#448=PLANE('',#3769);
#449=PLANE('',#3770);
#450=PLANE('',#3771);
#451=PLANE('',#3772);
#452=PLANE('',#3776);
#453=PLANE('',#3784);
#454=PLANE('',#3789);
#455=PLANE('',#3790);
#456=PLANE('',#3791);
#457=PLANE('',#3792);
#458=PLANE('',#3793);
#459=PLANE('',#3794);
#460=PLANE('',#3795);
#461=PLANE('',#3796);
#462=PLANE('',#3797);
#463=PLANE('',#3798);
#464=PLANE('',#3799);
#465=PLANE('',#3800);
#466=PLANE('',#3801);
#467=PLANE('',#3802);
#468=PLANE('',#3803);
#469=PLANE('',#3804);
#470=PLANE('',#3805);
#471=PLANE('',#3806);
#472=PLANE('',#3807);
#473=PLANE('',#3808);
#474=PLANE('',#3809);
#475=PLANE('',#3810);
#476=PLANE('',#3811);
#477=PLANE('',#3812);
#478=PLANE('',#3813);
#479=PLANE('',#3814);
#480=PLANE('',#3815);
#481=PLANE('',#3816);
#482=PLANE('',#3817);
#483=PLANE('',#3818);
#484=PLANE('',#3819);
#485=PLANE('',#3820);
#486=PLANE('',#3821);
#487=PLANE('',#3822);
#488=PLANE('',#3823);
#489=PLANE('',#3824);
#490=PLANE('',#3825);
#491=PLANE('',#3826);
#492=PLANE('',#3827);
#493=PLANE('',#3828);
#494=PLANE('',#3829);
#495=PLANE('',#3832);
#496=PLANE('',#3835);
#497=PLANE('',#3836);
#498=PLANE('',#3837);
#499=PLANE('',#3838);
#500=PLANE('',#3839);
#501=PLANE('',#3843);
#502=PLANE('',#3844);
#503=PLANE('',#3845);
#504=PLANE('',#3846);
#505=PLANE('',#3850);
#506=PLANE('',#3851);
#507=PLANE('',#3852);
#508=PLANE('',#3856);
#509=PLANE('',#3857);
#510=PLANE('',#3858);
#511=PLANE('',#3859);
#512=PLANE('',#3860);
#513=PLANE('',#3861);
#514=PLANE('',#3862);
#515=PLANE('',#3863);
#516=PLANE('',#3864);
#517=PLANE('',#3865);
#518=PLANE('',#3870);
#519=PLANE('',#3871);
#520=PLANE('',#3872);
#521=PLANE('',#3873);
#522=PLANE('',#3877);
#523=PLANE('',#3878);
#524=PLANE('',#3879);
#525=PLANE('',#3880);
#526=PLANE('',#3884);
#527=PLANE('',#3885);
#528=PLANE('',#3886);
#529=PLANE('',#3890);
#530=PLANE('',#3891);
#531=PLANE('',#3892);
#532=PLANE('',#3893);
#533=PLANE('',#3894);
#534=PLANE('',#3895);
#535=PLANE('',#3896);
#536=PLANE('',#3897);
#537=PLANE('',#3898);
#538=PLANE('',#3899);
#539=FACE_OUTER_BOUND('',#712,.T.);
#540=FACE_OUTER_BOUND('',#713,.T.);
#541=FACE_OUTER_BOUND('',#714,.T.);
#542=FACE_OUTER_BOUND('',#726,.T.);
#543=FACE_OUTER_BOUND('',#727,.T.);
#544=FACE_OUTER_BOUND('',#732,.T.);
#545=FACE_OUTER_BOUND('',#733,.T.);
#546=FACE_OUTER_BOUND('',#734,.T.);
#547=FACE_OUTER_BOUND('',#735,.T.);
#548=FACE_OUTER_BOUND('',#743,.T.);
#549=FACE_OUTER_BOUND('',#744,.T.);
#550=FACE_OUTER_BOUND('',#745,.T.);
#551=FACE_OUTER_BOUND('',#746,.T.);
#552=FACE_OUTER_BOUND('',#747,.T.);
#553=FACE_OUTER_BOUND('',#748,.T.);
#554=FACE_OUTER_BOUND('',#749,.T.);
#555=FACE_OUTER_BOUND('',#750,.T.);
#556=FACE_OUTER_BOUND('',#751,.T.);
#557=FACE_OUTER_BOUND('',#752,.T.);
#558=FACE_OUTER_BOUND('',#753,.T.);
#559=FACE_OUTER_BOUND('',#754,.T.);
#560=FACE_OUTER_BOUND('',#755,.T.);
#561=FACE_OUTER_BOUND('',#756,.T.);
#562=FACE_OUTER_BOUND('',#757,.T.);
#563=FACE_OUTER_BOUND('',#758,.T.);
#564=FACE_OUTER_BOUND('',#759,.T.);
#565=FACE_OUTER_BOUND('',#760,.T.);
#566=FACE_OUTER_BOUND('',#761,.T.);
#567=FACE_OUTER_BOUND('',#762,.T.);
#568=FACE_OUTER_BOUND('',#763,.T.);
#569=FACE_OUTER_BOUND('',#764,.T.);
#570=FACE_OUTER_BOUND('',#765,.T.);
#571=FACE_OUTER_BOUND('',#766,.T.);
#572=FACE_OUTER_BOUND('',#767,.T.);
#573=FACE_OUTER_BOUND('',#768,.T.);
#574=FACE_OUTER_BOUND('',#769,.T.);
#575=FACE_OUTER_BOUND('',#770,.T.);
#576=FACE_OUTER_BOUND('',#771,.T.);
#577=FACE_OUTER_BOUND('',#772,.T.);
#578=FACE_OUTER_BOUND('',#773,.T.);
#579=FACE_OUTER_BOUND('',#774,.T.);
#580=FACE_OUTER_BOUND('',#775,.T.);
#581=FACE_OUTER_BOUND('',#776,.T.);
#582=FACE_OUTER_BOUND('',#777,.T.);
#583=FACE_OUTER_BOUND('',#778,.T.);
#584=FACE_OUTER_BOUND('',#779,.T.);
#585=FACE_OUTER_BOUND('',#780,.T.);
#586=FACE_OUTER_BOUND('',#781,.T.);
#587=FACE_OUTER_BOUND('',#782,.T.);
#588=FACE_OUTER_BOUND('',#783,.T.);
#589=FACE_OUTER_BOUND('',#784,.T.);
#590=FACE_OUTER_BOUND('',#785,.T.);
#591=FACE_OUTER_BOUND('',#786,.T.);
#592=FACE_OUTER_BOUND('',#787,.T.);
#593=FACE_OUTER_BOUND('',#788,.T.);
#594=FACE_OUTER_BOUND('',#789,.T.);
#595=FACE_OUTER_BOUND('',#790,.T.);
#596=FACE_OUTER_BOUND('',#791,.T.);
#597=FACE_OUTER_BOUND('',#792,.T.);
#598=FACE_OUTER_BOUND('',#793,.T.);
#599=FACE_OUTER_BOUND('',#794,.T.);
#600=FACE_OUTER_BOUND('',#795,.T.);
#601=FACE_OUTER_BOUND('',#796,.T.);
#602=FACE_OUTER_BOUND('',#797,.T.);
#603=FACE_OUTER_BOUND('',#798,.T.);
#604=FACE_OUTER_BOUND('',#799,.T.);
#605=FACE_OUTER_BOUND('',#800,.T.);
#606=FACE_OUTER_BOUND('',#801,.T.);
#607=FACE_OUTER_BOUND('',#802,.T.);
#608=FACE_OUTER_BOUND('',#803,.T.);
#609=FACE_OUTER_BOUND('',#804,.T.);
#610=FACE_OUTER_BOUND('',#805,.T.);
#611=FACE_OUTER_BOUND('',#806,.T.);
#612=FACE_OUTER_BOUND('',#807,.T.);
#613=FACE_OUTER_BOUND('',#808,.T.);
#614=FACE_OUTER_BOUND('',#809,.T.);
#615=FACE_OUTER_BOUND('',#810,.T.);
#616=FACE_OUTER_BOUND('',#811,.T.);
#617=FACE_OUTER_BOUND('',#812,.T.);
#618=FACE_OUTER_BOUND('',#813,.T.);
#619=FACE_OUTER_BOUND('',#814,.T.);
#620=FACE_OUTER_BOUND('',#815,.T.);
#621=FACE_OUTER_BOUND('',#816,.T.);
#622=FACE_OUTER_BOUND('',#817,.T.);
#623=FACE_OUTER_BOUND('',#818,.T.);
#624=FACE_OUTER_BOUND('',#819,.T.);
#625=FACE_OUTER_BOUND('',#820,.T.);
#626=FACE_OUTER_BOUND('',#830,.T.);
#627=FACE_OUTER_BOUND('',#831,.T.);
#628=FACE_OUTER_BOUND('',#832,.T.);
#629=FACE_OUTER_BOUND('',#833,.T.);
#630=FACE_OUTER_BOUND('',#834,.T.);
#631=FACE_OUTER_BOUND('',#835,.T.);
#632=FACE_OUTER_BOUND('',#836,.T.);
#633=FACE_OUTER_BOUND('',#837,.T.);
#634=FACE_OUTER_BOUND('',#838,.T.);
#635=FACE_OUTER_BOUND('',#839,.T.);
#636=FACE_OUTER_BOUND('',#840,.T.);
#637=FACE_OUTER_BOUND('',#841,.T.);
#638=FACE_OUTER_BOUND('',#842,.T.);
#639=FACE_OUTER_BOUND('',#843,.T.);
#640=FACE_OUTER_BOUND('',#844,.T.);
#641=FACE_OUTER_BOUND('',#845,.T.);
#642=FACE_OUTER_BOUND('',#846,.T.);
#643=FACE_OUTER_BOUND('',#847,.T.);
#644=FACE_OUTER_BOUND('',#848,.T.);
#645=FACE_OUTER_BOUND('',#851,.T.);
#646=FACE_OUTER_BOUND('',#858,.T.);
#647=FACE_OUTER_BOUND('',#861,.T.);
#648=FACE_OUTER_BOUND('',#868,.T.);
#649=FACE_OUTER_BOUND('',#869,.T.);
#650=FACE_OUTER_BOUND('',#870,.T.);
#651=FACE_OUTER_BOUND('',#871,.T.);
#652=FACE_OUTER_BOUND('',#872,.T.);
#653=FACE_OUTER_BOUND('',#877,.T.);
#654=FACE_OUTER_BOUND('',#880,.T.);
#655=FACE_OUTER_BOUND('',#881,.T.);
#656=FACE_OUTER_BOUND('',#884,.T.);
#657=FACE_OUTER_BOUND('',#887,.T.);
#658=FACE_OUTER_BOUND('',#888,.T.);
#659=FACE_OUTER_BOUND('',#889,.T.);
#660=FACE_OUTER_BOUND('',#890,.T.);
#661=FACE_OUTER_BOUND('',#891,.T.);
#662=FACE_OUTER_BOUND('',#892,.T.);
#663=FACE_OUTER_BOUND('',#893,.T.);
#664=FACE_OUTER_BOUND('',#894,.T.);
#665=FACE_OUTER_BOUND('',#895,.T.);
#666=FACE_OUTER_BOUND('',#896,.T.);
#667=FACE_OUTER_BOUND('',#897,.T.);
#668=FACE_OUTER_BOUND('',#898,.T.);
#669=FACE_OUTER_BOUND('',#899,.T.);
#670=FACE_OUTER_BOUND('',#900,.T.);
#671=FACE_OUTER_BOUND('',#901,.T.);
#672=FACE_OUTER_BOUND('',#902,.T.);
#673=FACE_OUTER_BOUND('',#903,.T.);
#674=FACE_OUTER_BOUND('',#904,.T.);
#675=FACE_OUTER_BOUND('',#905,.T.);
#676=FACE_OUTER_BOUND('',#906,.T.);
#677=FACE_OUTER_BOUND('',#907,.T.);
#678=FACE_OUTER_BOUND('',#908,.T.);
#679=FACE_OUTER_BOUND('',#909,.T.);
#680=FACE_OUTER_BOUND('',#910,.T.);
#681=FACE_OUTER_BOUND('',#911,.T.);
#682=FACE_OUTER_BOUND('',#912,.T.);
#683=FACE_OUTER_BOUND('',#913,.T.);
#684=FACE_OUTER_BOUND('',#914,.T.);
#685=FACE_OUTER_BOUND('',#915,.T.);
#686=FACE_OUTER_BOUND('',#916,.T.);
#687=FACE_OUTER_BOUND('',#917,.T.);
#688=FACE_OUTER_BOUND('',#918,.T.);
#689=FACE_OUTER_BOUND('',#919,.T.);
#690=FACE_OUTER_BOUND('',#920,.T.);
#691=FACE_OUTER_BOUND('',#921,.T.);
#692=FACE_OUTER_BOUND('',#922,.T.);
#693=FACE_OUTER_BOUND('',#923,.T.);
#694=FACE_OUTER_BOUND('',#924,.T.);
#695=FACE_OUTER_BOUND('',#925,.T.);
#696=FACE_OUTER_BOUND('',#926,.T.);
#697=FACE_OUTER_BOUND('',#927,.T.);
#698=FACE_OUTER_BOUND('',#928,.T.);
#699=FACE_OUTER_BOUND('',#929,.T.);
#700=FACE_OUTER_BOUND('',#930,.T.);
#701=FACE_OUTER_BOUND('',#931,.T.);
#702=FACE_OUTER_BOUND('',#932,.T.);
#703=FACE_OUTER_BOUND('',#933,.T.);
#704=FACE_OUTER_BOUND('',#934,.T.);
#705=FACE_OUTER_BOUND('',#935,.T.);
#706=FACE_OUTER_BOUND('',#936,.T.);
#707=FACE_OUTER_BOUND('',#937,.T.);
#708=FACE_OUTER_BOUND('',#938,.T.);
#709=FACE_OUTER_BOUND('',#939,.T.);
#710=FACE_OUTER_BOUND('',#940,.T.);
#711=FACE_OUTER_BOUND('',#941,.T.);
#712=EDGE_LOOP('',(#1038,#1039,#1040,#1041,#1042,#1043,#1044,#1045,#1046,
#1047,#1048,#1049,#1050,#1051,#1052,#1053,#1054,#1055,#1056,#1057));
#713=EDGE_LOOP('',(#1058,#1059,#1060,#1061,#1062,#1063,#1064,#1065,#1066,
#1067));
#714=EDGE_LOOP('',(#1068,#1069,#1070,#1071,#1072,#1073,#1074,#1075,#1076,
#1077));
#715=EDGE_LOOP('',(#1078));
#716=EDGE_LOOP('',(#1079));
#717=EDGE_LOOP('',(#1080,#1081,#1082,#1083));
#718=EDGE_LOOP('',(#1084,#1085,#1086,#1087));
#719=EDGE_LOOP('',(#1088,#1089,#1090,#1091));
#720=EDGE_LOOP('',(#1092,#1093));
#721=EDGE_LOOP('',(#1094,#1095));
#722=EDGE_LOOP('',(#1096,#1097));
#723=EDGE_LOOP('',(#1098,#1099));
#724=EDGE_LOOP('',(#1100,#1101,#1102,#1103,#1104,#1105,#1106,#1107,#1108,
#1109));
#725=EDGE_LOOP('',(#1110,#1111,#1112,#1113,#1114,#1115));
#726=EDGE_LOOP('',(#1116,#1117,#1118,#1119));
#727=EDGE_LOOP('',(#1120,#1121,#1122,#1123));
#728=EDGE_LOOP('',(#1124,#1125,#1126,#1127));
#729=EDGE_LOOP('',(#1128,#1129,#1130,#1131));
#730=EDGE_LOOP('',(#1132,#1133,#1134,#1135));
#731=EDGE_LOOP('',(#1136,#1137,#1138,#1139));
#732=EDGE_LOOP('',(#1140,#1141,#1142,#1143));
#733=EDGE_LOOP('',(#1144,#1145,#1146,#1147));
#734=EDGE_LOOP('',(#1148,#1149,#1150,#1151));
#735=EDGE_LOOP('',(#1152,#1153,#1154,#1155));
#736=EDGE_LOOP('',(#1156,#1157,#1158,#1159,#1160,#1161,#1162,#1163,#1164,
#1165));
#737=EDGE_LOOP('',(#1166,#1167,#1168,#1169));
#738=EDGE_LOOP('',(#1170,#1171,#1172,#1173));
#739=EDGE_LOOP('',(#1174,#1175,#1176,#1177));
#740=EDGE_LOOP('',(#1178,#1179,#1180,#1181));
#741=EDGE_LOOP('',(#1182,#1183,#1184,#1185,#1186,#1187));
#742=EDGE_LOOP('',(#1188,#1189,#1190,#1191,#1192,#1193,#1194,#1195,#1196,
#1197,#1198,#1199));
#743=EDGE_LOOP('',(#1200,#1201));
#744=EDGE_LOOP('',(#1202,#1203,#1204,#1205));
#745=EDGE_LOOP('',(#1206,#1207,#1208,#1209));
#746=EDGE_LOOP('',(#1210,#1211,#1212,#1213));
#747=EDGE_LOOP('',(#1214,#1215,#1216,#1217));
#748=EDGE_LOOP('',(#1218,#1219,#1220,#1221));
#749=EDGE_LOOP('',(#1222,#1223,#1224,#1225));
#750=EDGE_LOOP('',(#1226,#1227,#1228,#1229,#1230,#1231,#1232,#1233,#1234,
#1235,#1236,#1237,#1238,#1239,#1240,#1241));
#751=EDGE_LOOP('',(#1242,#1243,#1244,#1245,#1246,#1247,#1248,#1249,#1250,
#1251,#1252,#1253,#1254,#1255,#1256,#1257,#1258,#1259,#1260,#1261));
#752=EDGE_LOOP('',(#1262,#1263,#1264,#1265));
#753=EDGE_LOOP('',(#1266,#1267,#1268,#1269));
#754=EDGE_LOOP('',(#1270,#1271,#1272,#1273));
#755=EDGE_LOOP('',(#1274,#1275,#1276,#1277));
#756=EDGE_LOOP('',(#1278,#1279,#1280,#1281));
#757=EDGE_LOOP('',(#1282,#1283,#1284,#1285));
#758=EDGE_LOOP('',(#1286,#1287,#1288,#1289));
#759=EDGE_LOOP('',(#1290,#1291,#1292,#1293));
#760=EDGE_LOOP('',(#1294,#1295,#1296,#1297,#1298));
#761=EDGE_LOOP('',(#1299,#1300,#1301));
#762=EDGE_LOOP('',(#1302,#1303,#1304,#1305));
#763=EDGE_LOOP('',(#1306,#1307,#1308,#1309,#1310,#1311));
#764=EDGE_LOOP('',(#1312,#1313,#1314,#1315));
#765=EDGE_LOOP('',(#1316,#1317,#1318,#1319,#1320));
#766=EDGE_LOOP('',(#1321,#1322,#1323,#1324));
#767=EDGE_LOOP('',(#1325,#1326,#1327,#1328,#1329));
#768=EDGE_LOOP('',(#1330,#1331,#1332,#1333));
#769=EDGE_LOOP('',(#1334,#1335,#1336,#1337));
#770=EDGE_LOOP('',(#1338,#1339,#1340,#1341));
#771=EDGE_LOOP('',(#1342,#1343,#1344,#1345));
#772=EDGE_LOOP('',(#1346,#1347,#1348,#1349));
#773=EDGE_LOOP('',(#1350,#1351));
#774=EDGE_LOOP('',(#1352,#1353,#1354,#1355));
#775=EDGE_LOOP('',(#1356,#1357,#1358,#1359));
#776=EDGE_LOOP('',(#1360,#1361,#1362,#1363));
#777=EDGE_LOOP('',(#1364,#1365,#1366,#1367));
#778=EDGE_LOOP('',(#1368,#1369,#1370,#1371));
#779=EDGE_LOOP('',(#1372,#1373,#1374,#1375));
#780=EDGE_LOOP('',(#1376,#1377,#1378,#1379,#1380,#1381,#1382,#1383,#1384,
#1385,#1386,#1387,#1388,#1389,#1390,#1391));
#781=EDGE_LOOP('',(#1392,#1393,#1394,#1395));
#782=EDGE_LOOP('',(#1396,#1397,#1398,#1399));
#783=EDGE_LOOP('',(#1400,#1401,#1402,#1403));
#784=EDGE_LOOP('',(#1404,#1405,#1406,#1407));
#785=EDGE_LOOP('',(#1408,#1409,#1410,#1411));
#786=EDGE_LOOP('',(#1412,#1413,#1414,#1415));
#787=EDGE_LOOP('',(#1416,#1417,#1418,#1419));
#788=EDGE_LOOP('',(#1420,#1421,#1422,#1423));
#789=EDGE_LOOP('',(#1424,#1425,#1426));
#790=EDGE_LOOP('',(#1427,#1428,#1429,#1430));
#791=EDGE_LOOP('',(#1431,#1432,#1433,#1434,#1435,#1436));
#792=EDGE_LOOP('',(#1437,#1438,#1439,#1440));
#793=EDGE_LOOP('',(#1441,#1442,#1443,#1444,#1445));
#794=EDGE_LOOP('',(#1446,#1447,#1448,#1449));
#795=EDGE_LOOP('',(#1450,#1451,#1452,#1453));
#796=EDGE_LOOP('',(#1454,#1455,#1456,#1457));
#797=EDGE_LOOP('',(#1458,#1459,#1460,#1461));
#798=EDGE_LOOP('',(#1462,#1463,#1464,#1465));
#799=EDGE_LOOP('',(#1466,#1467,#1468,#1469));
#800=EDGE_LOOP('',(#1470,#1471,#1472,#1473));
#801=EDGE_LOOP('',(#1474,#1475,#1476,#1477));
#802=EDGE_LOOP('',(#1478,#1479,#1480,#1481));
#803=EDGE_LOOP('',(#1482,#1483,#1484,#1485));
#804=EDGE_LOOP('',(#1486,#1487,#1488,#1489));
#805=EDGE_LOOP('',(#1490,#1491,#1492,#1493));
#806=EDGE_LOOP('',(#1494,#1495,#1496,#1497));
#807=EDGE_LOOP('',(#1498,#1499,#1500,#1501));
#808=EDGE_LOOP('',(#1502,#1503,#1504,#1505));
#809=EDGE_LOOP('',(#1506,#1507,#1508,#1509));
#810=EDGE_LOOP('',(#1510,#1511,#1512,#1513));
#811=EDGE_LOOP('',(#1514,#1515,#1516,#1517));
#812=EDGE_LOOP('',(#1518,#1519,#1520,#1521));
#813=EDGE_LOOP('',(#1522,#1523,#1524,#1525));
#814=EDGE_LOOP('',(#1526,#1527,#1528,#1529));
#815=EDGE_LOOP('',(#1530,#1531,#1532,#1533));
#816=EDGE_LOOP('',(#1534,#1535,#1536,#1537));
#817=EDGE_LOOP('',(#1538,#1539,#1540,#1541));
#818=EDGE_LOOP('',(#1542,#1543,#1544,#1545));
#819=EDGE_LOOP('',(#1546,#1547,#1548,#1549));
#820=EDGE_LOOP('',(#1550,#1551,#1552,#1553));
#821=EDGE_LOOP('',(#1554,#1555,#1556,#1557,#1558,#1559,#1560,#1561,#1562,
#1563,#1564));
#822=EDGE_LOOP('',(#1565,#1566,#1567,#1568));
#823=EDGE_LOOP('',(#1569,#1570));
#824=EDGE_LOOP('',(#1571,#1572));
#825=EDGE_LOOP('',(#1573,#1574));
#826=EDGE_LOOP('',(#1575,#1576,#1577,#1578));
#827=EDGE_LOOP('',(#1579,#1580));
#828=EDGE_LOOP('',(#1581,#1582,#1583,#1584,#1585,#1586,#1587));
#829=EDGE_LOOP('',(#1588,#1589,#1590,#1591,#1592,#1593,#1594));
#830=EDGE_LOOP('',(#1595,#1596,#1597,#1598));
#831=EDGE_LOOP('',(#1599,#1600,#1601,#1602));
#832=EDGE_LOOP('',(#1603,#1604,#1605,#1606));
#833=EDGE_LOOP('',(#1607,#1608,#1609,#1610));
#834=EDGE_LOOP('',(#1611,#1612,#1613,#1614));
#835=EDGE_LOOP('',(#1615,#1616,#1617,#1618));
#836=EDGE_LOOP('',(#1619,#1620,#1621,#1622));
#837=EDGE_LOOP('',(#1623,#1624,#1625,#1626));
#838=EDGE_LOOP('',(#1627,#1628,#1629,#1630));
#839=EDGE_LOOP('',(#1631,#1632,#1633,#1634));
#840=EDGE_LOOP('',(#1635,#1636,#1637,#1638));
#841=EDGE_LOOP('',(#1639,#1640,#1641,#1642));
#842=EDGE_LOOP('',(#1643,#1644,#1645,#1646));
#843=EDGE_LOOP('',(#1647,#1648,#1649,#1650));
#844=EDGE_LOOP('',(#1651,#1652,#1653,#1654));
#845=EDGE_LOOP('',(#1655,#1656,#1657,#1658));
#846=EDGE_LOOP('',(#1659,#1660,#1661,#1662));
#847=EDGE_LOOP('',(#1663,#1664,#1665,#1666));
#848=EDGE_LOOP('',(#1667,#1668,#1669,#1670));
#849=EDGE_LOOP('',(#1671));
#850=EDGE_LOOP('',(#1672,#1673));
#851=EDGE_LOOP('',(#1674));
#852=EDGE_LOOP('',(#1675));
#853=EDGE_LOOP('',(#1676));
#854=EDGE_LOOP('',(#1677));
#855=EDGE_LOOP('',(#1678,#1679));
#856=EDGE_LOOP('',(#1680));
#857=EDGE_LOOP('',(#1681));
#858=EDGE_LOOP('',(#1682));
#859=EDGE_LOOP('',(#1683));
#860=EDGE_LOOP('',(#1684,#1685));
#861=EDGE_LOOP('',(#1686));
#862=EDGE_LOOP('',(#1687));
#863=EDGE_LOOP('',(#1688));
#864=EDGE_LOOP('',(#1689));
#865=EDGE_LOOP('',(#1690,#1691));
#866=EDGE_LOOP('',(#1692));
#867=EDGE_LOOP('',(#1693));
#868=EDGE_LOOP('',(#1694));
#869=EDGE_LOOP('',(#1695,#1696,#1697,#1698));
#870=EDGE_LOOP('',(#1699,#1700,#1701,#1702));
#871=EDGE_LOOP('',(#1703,#1704,#1705,#1706));
#872=EDGE_LOOP('',(#1707,#1708,#1709));
#873=EDGE_LOOP('',(#1710,#1711,#1712));
#874=EDGE_LOOP('',(#1713,#1714,#1715,#1716,#1717,#1718,#1719,#1720,#1721,
#1722,#1723));
#875=EDGE_LOOP('',(#1724));
#876=EDGE_LOOP('',(#1725));
#877=EDGE_LOOP('',(#1726));
#878=EDGE_LOOP('',(#1727));
#879=EDGE_LOOP('',(#1728,#1729,#1730,#1731));
#880=EDGE_LOOP('',(#1732,#1733,#1734,#1735,#1736,#1737,#1738));
#881=EDGE_LOOP('',(#1739,#1740,#1741,#1742,#1743,#1744,#1745));
#882=EDGE_LOOP('',(#1746));
#883=EDGE_LOOP('',(#1747));
#884=EDGE_LOOP('',(#1748));
#885=EDGE_LOOP('',(#1749));
#886=EDGE_LOOP('',(#1750));
#887=EDGE_LOOP('',(#1751));
#888=EDGE_LOOP('',(#1752,#1753,#1754,#1755));
#889=EDGE_LOOP('',(#1756,#1757,#1758,#1759));
#890=EDGE_LOOP('',(#1760,#1761,#1762,#1763));
#891=EDGE_LOOP('',(#1764,#1765,#1766,#1767));
#892=EDGE_LOOP('',(#1768,#1769,#1770,#1771));
#893=EDGE_LOOP('',(#1772,#1773,#1774,#1775));
#894=EDGE_LOOP('',(#1776,#1777,#1778,#1779));
#895=EDGE_LOOP('',(#1780,#1781,#1782,#1783));
#896=EDGE_LOOP('',(#1784,#1785,#1786,#1787));
#897=EDGE_LOOP('',(#1788,#1789,#1790,#1791));
#898=EDGE_LOOP('',(#1792,#1793,#1794,#1795));
#899=EDGE_LOOP('',(#1796,#1797,#1798,#1799,#1800,#1801,#1802,#1803,#1804,
#1805,#1806,#1807,#1808,#1809,#1810,#1811));
#900=EDGE_LOOP('',(#1812,#1813,#1814,#1815));
#901=EDGE_LOOP('',(#1816,#1817,#1818,#1819,#1820,#1821,#1822,#1823,#1824,
#1825,#1826,#1827,#1828,#1829,#1830,#1831));
#902=EDGE_LOOP('',(#1832,#1833,#1834));
#903=EDGE_LOOP('',(#1835,#1836,#1837,#1838,#1839,#1840));
#904=EDGE_LOOP('',(#1841,#1842,#1843,#1844,#1845,#1846,#1847,#1848));
#905=EDGE_LOOP('',(#1849,#1850,#1851,#1852,#1853,#1854,#1855,#1856));
#906=EDGE_LOOP('',(#1857,#1858,#1859));
#907=EDGE_LOOP('',(#1860,#1861,#1862,#1863));
#908=EDGE_LOOP('',(#1864,#1865,#1866,#1867));
#909=EDGE_LOOP('',(#1868,#1869,#1870,#1871));
#910=EDGE_LOOP('',(#1872,#1873,#1874,#1875));
#911=EDGE_LOOP('',(#1876,#1877,#1878,#1879));
#912=EDGE_LOOP('',(#1880,#1881,#1882,#1883,#1884,#1885,#1886));
#913=EDGE_LOOP('',(#1887,#1888,#1889,#1890,#1891,#1892,#1893));
#914=EDGE_LOOP('',(#1894,#1895,#1896,#1897));
#915=EDGE_LOOP('',(#1898,#1899,#1900,#1901));
#916=EDGE_LOOP('',(#1902,#1903,#1904,#1905));
#917=EDGE_LOOP('',(#1906,#1907,#1908,#1909));
#918=EDGE_LOOP('',(#1910,#1911,#1912,#1913));
#919=EDGE_LOOP('',(#1914,#1915,#1916,#1917));
#920=EDGE_LOOP('',(#1918,#1919,#1920,#1921));
#921=EDGE_LOOP('',(#1922,#1923,#1924,#1925));
#922=EDGE_LOOP('',(#1926,#1927,#1928,#1929));
#923=EDGE_LOOP('',(#1930,#1931,#1932,#1933));
#924=EDGE_LOOP('',(#1934,#1935,#1936,#1937));
#925=EDGE_LOOP('',(#1938,#1939,#1940,#1941));
#926=EDGE_LOOP('',(#1942,#1943,#1944,#1945));
#927=EDGE_LOOP('',(#1946,#1947,#1948,#1949,#1950,#1951,#1952,#1953,#1954,
#1955,#1956,#1957,#1958,#1959,#1960,#1961));
#928=EDGE_LOOP('',(#1962,#1963,#1964,#1965));
#929=EDGE_LOOP('',(#1966,#1967,#1968,#1969,#1970,#1971,#1972,#1973,#1974,
#1975,#1976,#1977,#1978,#1979,#1980,#1981));
#930=EDGE_LOOP('',(#1982,#1983,#1984));
#931=EDGE_LOOP('',(#1985,#1986,#1987,#1988,#1989,#1990));
#932=EDGE_LOOP('',(#1991,#1992,#1993,#1994,#1995,#1996,#1997,#1998));
#933=EDGE_LOOP('',(#1999,#2000,#2001));
#934=EDGE_LOOP('',(#2002,#2003,#2004,#2005,#2006,#2007,#2008,#2009));
#935=EDGE_LOOP('',(#2010,#2011,#2012,#2013));
#936=EDGE_LOOP('',(#2014,#2015,#2016,#2017));
#937=EDGE_LOOP('',(#2018,#2019,#2020,#2021));
#938=EDGE_LOOP('',(#2022,#2023,#2024,#2025));
#939=EDGE_LOOP('',(#2026,#2027,#2028,#2029));
#940=EDGE_LOOP('',(#2030,#2031,#2032,#2033,#2034,#2035,#2036));
#941=EDGE_LOOP('',(#2037,#2038,#2039,#2040,#2041,#2042,#2043));
#942=ELLIPSE('',#3663,40.1579963598445,3.5);
#943=ELLIPSE('',#3664,40.1579963598445,3.5);
#944=ELLIPSE('',#3710,40.1579963598445,3.5);
#945=ELLIPSE('',#3712,40.1579963598445,3.5);
#946=ELLIPSE('',#3714,3.00004112382143,3.);
#947=ELLIPSE('',#3715,3.00004112382143,3.);
#948=ELLIPSE('',#3745,3.00004112382143,3.);
#949=ELLIPSE('',#3749,3.00004112382143,3.);
#950=ELLIPSE('',#3762,3.00004112382143,3.);
#951=ELLIPSE('',#3763,3.00004112382143,3.);
#952=ELLIPSE('',#3853,0.501909916845264,0.5);
#953=ELLIPSE('',#3854,0.501909920698084,0.5);
#954=ELLIPSE('',#3887,0.501909920698084,0.5);
#955=ELLIPSE('',#3888,0.501909916845264,0.5);
#956=B_SPLINE_CURVE_WITH_KNOTS('',3,(#4778,#4779,#4780,#4781),
 .UNSPECIFIED.,.F.,.F.,(4,4),(0.,1.),.UNSPECIFIED.);
#957=B_SPLINE_CURVE_WITH_KNOTS('',3,(#4809,#4810,#4811,#4812),
 .UNSPECIFIED.,.F.,.F.,(4,4),(0.,1.),.UNSPECIFIED.);
#958=B_SPLINE_CURVE_WITH_KNOTS('',3,(#5097,#5098,#5099,#5100),
 .UNSPECIFIED.,.F.,.F.,(4,4),(0.,1.),.UNSPECIFIED.);
#959=B_SPLINE_CURVE_WITH_KNOTS('',3,(#5103,#5104,#5105,#5106),
 .UNSPECIFIED.,.F.,.F.,(4,4),(0.,1.),.UNSPECIFIED.);
#960=B_SPLINE_CURVE_WITH_KNOTS('',3,(#5268,#5269,#5270,#5271,#5272,#5273),
 .UNSPECIFIED.,.F.,.F.,(4,2,4),(0.,0.500043948111797,1.),.UNSPECIFIED.);
#961=B_SPLINE_CURVE_WITH_KNOTS('',3,(#5277,#5278,#5279,#5280,#5281,#5282,
#5283,#5284,#5285,#5286,#5287,#5288,#5289),.UNSPECIFIED.,.F.,.F.,(4,3,3,
3,4),(0.,0.21722373624752,0.510192048152184,0.850029889260635,1.),
 .UNSPECIFIED.);
#962=B_SPLINE_CURVE_WITH_KNOTS('',3,(#5290,#5291,#5292,#5293,#5294,#5295),
 .UNSPECIFIED.,.F.,.F.,(4,2,4),(0.,0.500043948111797,1.),.UNSPECIFIED.);
#963=B_SPLINE_CURVE_WITH_KNOTS('',3,(#5302,#5303,#5304,#5305,#5306,#5307),
 .UNSPECIFIED.,.F.,.F.,(4,2,4),(0.,0.498298839101859,1.),.UNSPECIFIED.);
#964=B_SPLINE_CURVE_WITH_KNOTS('',3,(#5308,#5309,#5310,#5311,#5312,#5313,
#5314,#5315,#5316,#5317),.UNSPECIFIED.,.F.,.F.,(4,3,3,4),(0.,0.388351375792043,
0.693134444183897,1.),.UNSPECIFIED.);
#965=B_SPLINE_CURVE_WITH_KNOTS('',3,(#5318,#5319,#5320,#5321,#5322,#5323),
 .UNSPECIFIED.,.F.,.F.,(4,2,4),(0.,0.498298839101859,1.),.UNSPECIFIED.);
#966=B_SPLINE_CURVE_WITH_KNOTS('',3,(#5375,#5376,#5377,#5378,#5379,#5380,
#5381,#5382,#5383,#5384,#5385,#5386,#5387),.UNSPECIFIED.,.F.,.F.,(4,3,3,
3,4),(0.,0.229545781895855,0.503522496816139,0.971481901667425,1.),
 .UNSPECIFIED.);
#967=B_SPLINE_CURVE_WITH_KNOTS('',3,(#5391,#5392,#5393,#5394,#5395,#5396),
 .UNSPECIFIED.,.F.,.F.,(4,2,4),(0.,0.5,1.),.UNSPECIFIED.);
#968=B_SPLINE_CURVE_WITH_KNOTS('',3,(#5397,#5398,#5399,#5400,#5401,#5402),
 .UNSPECIFIED.,.F.,.F.,(4,2,4),(0.,0.5,1.),.UNSPECIFIED.);
#969=B_SPLINE_CURVE_WITH_KNOTS('',3,(#5415,#5416,#5417,#5418,#5419,#5420,
#5421,#5422,#5423,#5424),.UNSPECIFIED.,.F.,.F.,(4,2,2,2,4),(0.,0.262775752332689,
0.503923870728531,0.745071989124376,1.),.UNSPECIFIED.);
#970=B_SPLINE_CURVE_WITH_KNOTS('',3,(#5428,#5429,#5430,#5431,#5432,#5433,
#5434,#5435,#5436,#5437,#5438,#5439,#5440,#5441,#5442,#5443,#5444,#5445,
#5446,#5447,#5448,#5449,#5450,#5451,#5452,#5453,#5454,#5455,#5456,#5457,
#5458,#5459,#5460,#5461),.UNSPECIFIED.,.F.,.F.,(4,3,3,3,3,3,3,3,3,3,3,4),
(0.,0.00779192535167684,0.0780526797143128,0.121271346608122,0.168438431158544,
0.208754148181433,0.253041172390926,0.296906927518435,0.364792096145736,
0.429686168233354,0.777865592021549,1.),.UNSPECIFIED.);
#971=B_SPLINE_CURVE_WITH_KNOTS('',3,(#5462,#5463,#5464,#5465,#5466,#5467,
#5468,#5469,#5470,#5471),.UNSPECIFIED.,.F.,.F.,(4,2,2,2,4),(0.,0.262775752332689,
0.503923870728531,0.745071989124376,1.),.UNSPECIFIED.);
#972=B_SPLINE_CURVE_WITH_KNOTS('',3,(#5472,#5473,#5474,#5475,#5476,#5477,
#5478,#5479),.UNSPECIFIED.,.F.,.F.,(4,2,2,4),(0.,0.244322412509308,0.739987996508078,
1.),.UNSPECIFIED.);
#973=B_SPLINE_CURVE_WITH_KNOTS('',3,(#5480,#5481,#5482,#5483,#5484,#5485,
#5486,#5487,#5488,#5489,#5490,#5491,#5492,#5493,#5494,#5495,#5496,#5497,
#5498,#5499,#5500,#5501,#5502,#5503,#5504,#5505,#5506,#5507,#5508,#5509,
#5510,#5511,#5512,#5513),.UNSPECIFIED.,.F.,.F.,(4,3,3,3,3,3,3,3,3,3,3,4),
(0.,0.0106033857598313,0.0790082694255476,0.123409324232116,0.173035229049312,
0.214056499071426,0.258320097803883,0.302252363032771,0.370020531179041,
0.451947569729871,0.863299876771508,1.),.UNSPECIFIED.);
#974=B_SPLINE_CURVE_WITH_KNOTS('',3,(#5514,#5515,#5516,#5517,#5518,#5519,
#5520,#5521),.UNSPECIFIED.,.F.,.F.,(4,2,2,4),(0.,0.244322412509308,0.739987996508078,
1.),.UNSPECIFIED.);
#975=B_SPLINE_CURVE_WITH_KNOTS('',3,(#5525,#5526,#5527,#5528,#5529,#5530,
#5531,#5532,#5533,#5534),.UNSPECIFIED.,.F.,.F.,(4,2,2,2,4),(0.,0.262775752332689,
0.503923870728531,0.745071989124376,1.),.UNSPECIFIED.);
#976=B_SPLINE_CURVE_WITH_KNOTS('',3,(#5538,#5539,#5540,#5541,#5542,#5543,
#5544,#5545,#5546,#5547,#5548,#5549,#5550,#5551,#5552,#5553,#5554,#5555,
#5556,#5557,#5558,#5559,#5560,#5561,#5562,#5563,#5564,#5565,#5566,#5567,
#5568,#5569,#5570,#5571),.UNSPECIFIED.,.F.,.F.,(4,3,3,3,3,3,3,3,3,3,3,4),
(0.,0.0077919253517461,0.0780526797143839,0.121271346608185,0.168438431158607,
0.208754148181487,0.253041172390977,0.296906927518484,0.364792096145743,
0.429686168233332,0.777865592021839,1.),.UNSPECIFIED.);
#977=B_SPLINE_CURVE_WITH_KNOTS('',3,(#5572,#5573,#5574,#5575,#5576,#5577,
#5578,#5579,#5580,#5581),.UNSPECIFIED.,.F.,.F.,(4,2,2,2,4),(0.,0.262775752332689,
0.503923870728531,0.745071989124376,1.),.UNSPECIFIED.);
#978=B_SPLINE_CURVE_WITH_KNOTS('',3,(#5582,#5583,#5584,#5585,#5586,#5587,
#5588,#5589),.UNSPECIFIED.,.F.,.F.,(4,2,2,4),(0.,0.244322412509308,0.739987996508078,
1.),.UNSPECIFIED.);
#979=B_SPLINE_CURVE_WITH_KNOTS('',3,(#5590,#5591,#5592,#5593,#5594,#5595,
#5596,#5597,#5598,#5599,#5600,#5601,#5602,#5603,#5604,#5605,#5606,#5607,
#5608,#5609,#5610,#5611,#5612,#5613,#5614,#5615,#5616,#5617,#5618,#5619,
#5620,#5621,#5622,#5623),.UNSPECIFIED.,.F.,.F.,(4,3,3,3,3,3,3,3,3,3,3,4),
(0.,0.0106033857597747,0.0790082694255092,0.123409324232072,0.173035229049259,
0.214056499071362,0.258320097803836,0.302252363032734,0.370020531178982,
0.451947569729771,0.863299876771451,1.),.UNSPECIFIED.);
#980=B_SPLINE_CURVE_WITH_KNOTS('',3,(#5624,#5625,#5626,#5627,#5628,#5629,
#5630,#5631),.UNSPECIFIED.,.F.,.F.,(4,2,2,4),(0.,0.244322412509308,0.739987996508078,
1.),.UNSPECIFIED.);
#981=B_SPLINE_CURVE_WITH_KNOTS('',3,(#5640,#5641,#5642,#5643,#5644,#5645,
#5646,#5647),.UNSPECIFIED.,.F.,.F.,(4,2,2,4),(0.,0.260012003491922,0.755677587490692,
1.),.UNSPECIFIED.);
#982=B_SPLINE_CURVE_WITH_KNOTS('',3,(#5650,#5651,#5652,#5653,#5654,#5655,
#5656,#5657,#5658,#5659),.UNSPECIFIED.,.F.,.F.,(4,2,2,2,4),(0.,0.254928010875624,
0.496076129271469,0.737224247667311,1.),.UNSPECIFIED.);
#983=B_SPLINE_CURVE_WITH_KNOTS('',3,(#5660,#5661,#5662,#5663,#5664,#5665,
#5666,#5667),.UNSPECIFIED.,.F.,.F.,(4,2,2,4),(0.,0.260012003491922,0.755677587490692,
1.),.UNSPECIFIED.);
#984=B_SPLINE_CURVE_WITH_KNOTS('',3,(#5670,#5671,#5672,#5673,#5674,#5675,
#5676,#5677,#5678,#5679),.UNSPECIFIED.,.F.,.F.,(4,2,2,2,4),(0.,0.254928010875624,
0.496076129271469,0.737224247667311,1.),.UNSPECIFIED.);
#985=B_SPLINE_CURVE_WITH_KNOTS('',3,(#5680,#5681,#5682,#5683,#5684,#5685),
 .UNSPECIFIED.,.F.,.F.,(4,2,4),(0.,0.500449554000835,1.),.UNSPECIFIED.);
#986=B_SPLINE_CURVE_WITH_KNOTS('',3,(#5688,#5689,#5690,#5691,#5692,#5693,
#5694,#5695,#5696,#5697,#5698,#5699,#5700,#5701,#5702,#5703,#5704,#5705,
#5706,#5707,#5708,#5709),.UNSPECIFIED.,.F.,.F.,(4,2,2,2,2,2,2,2,2,2,4),
(0.,0.11151542701424,0.201455608242517,0.291655162843166,0.388026265916492,
0.484397368989809,0.584418892634079,0.684598884593231,0.808321986494161,
0.932197128637473,1.),.UNSPECIFIED.);
#987=B_SPLINE_CURVE_WITH_KNOTS('',3,(#5713,#5714,#5715,#5716),
 .UNSPECIFIED.,.F.,.F.,(4,4),(0.,1.),.UNSPECIFIED.);
#988=B_SPLINE_CURVE_WITH_KNOTS('',3,(#5717,#5718,#5719,#5720,#5721,#5722,
#5723,#5724),.UNSPECIFIED.,.F.,.F.,(4,2,2,4),(0.,0.413842499681611,0.707481783688018,
1.),.UNSPECIFIED.);
#989=B_SPLINE_CURVE_WITH_KNOTS('',3,(#5729,#5730,#5731,#5732,#5733,#5734,
#5735,#5736,#5737,#5738,#5739,#5740,#5741,#5742,#5743,#5744,#5745,#5746,
#5747,#5748),.UNSPECIFIED.,.F.,.F.,(4,2,2,2,2,2,2,2,2,4),(0.,0.0797318308475262,
0.159507331495324,0.288667665877483,0.417605450723194,0.532552918738135,
0.647203986301577,0.764448934755371,0.882086661291011,1.),.UNSPECIFIED.);
#990=B_SPLINE_CURVE_WITH_KNOTS('',3,(#5756,#5757,#5758,#5759,#5760,#5761,
#5762,#5763,#5764,#5765,#5766,#5767,#5768,#5769,#5770,#5771),
 .UNSPECIFIED.,.F.,.F.,(4,2,2,2,2,2,2,4),(0.,0.0450034158687296,0.201747020406652,
0.35849062494458,0.515234229482508,0.675581777321196,0.836687425318152,
1.),.UNSPECIFIED.);
#991=B_SPLINE_CURVE_WITH_KNOTS('',3,(#5781,#5782,#5783,#5784,#5785,#5786,
#5787,#5788,#5789,#5790,#5791,#5792,#5793,#5794,#5795,#5796,#5797,#5798,
#5799,#5800,#5801,#5802,#5803,#5804,#5805,#5806,#5807,#5808,#5809,#5810,
#5811,#5812,#5813,#5814),.UNSPECIFIED.,.F.,.F.,(4,3,3,3,3,3,3,3,3,3,3,4),
(0.,0.222134407978309,0.570313831766624,0.635207903854265,0.703093072481581,
0.746958827609094,0.791245851818589,0.831561568841467,0.878728653391902,
0.921947320285714,0.992208074648341,1.),.UNSPECIFIED.);
#992=B_SPLINE_CURVE_WITH_KNOTS('',3,(#5819,#5820,#5821,#5822,#5823,#5824,
#5825,#5826,#5827,#5828),.UNSPECIFIED.,.F.,.F.,(4,2,2,2,4),(0.,0.262775752332689,
0.503923870728531,0.745071989124376,1.),.UNSPECIFIED.);
#993=B_SPLINE_CURVE_WITH_KNOTS('',3,(#5829,#5830,#5831,#5832,#5833,#5834,
#5835,#5836,#5837,#5838,#5839,#5840,#5841,#5842,#5843,#5844,#5845,#5846,
#5847,#5848,#5849,#5850,#5851,#5852,#5853,#5854,#5855,#5856,#5857,#5858,
#5859),.UNSPECIFIED.,.F.,.F.,(4,3,3,3,3,3,3,3,3,3,4),(0.,0.123392263870144,
0.528644559927536,0.645767914362067,0.706642671090064,0.74816577849874,
0.789739860238994,0.833518321569797,0.88097622427918,0.928037721529744,
1.),.UNSPECIFIED.);
#994=B_SPLINE_CURVE_WITH_KNOTS('',3,(#5860,#5861,#5862,#5863,#5864,#5865,
#5866,#5867),.UNSPECIFIED.,.F.,.F.,(4,2,2,4),(0.,0.244322412509308,0.739987996508078,
1.),.UNSPECIFIED.);
#995=B_SPLINE_CURVE_WITH_KNOTS('',3,(#5868,#5869,#5870,#5871,#5872,#5873,
#5874,#5875,#5876,#5877,#5878,#5879,#5880,#5881,#5882,#5883,#5884,#5885,
#5886,#5887,#5888,#5889,#5890,#5891,#5892,#5893,#5894,#5895,#5896,#5897,
#5898,#5899,#5900,#5901),.UNSPECIFIED.,.F.,.F.,(4,3,3,3,3,3,3,3,3,3,3,4),
(0.,0.222134407978318,0.570313831766461,0.635207903854229,0.703093072481454,
0.746958827608969,0.791245851818478,0.831561568841372,0.878728653391797,
0.921947320285597,0.992208074648185,1.),.UNSPECIFIED.);
#996=B_SPLINE_CURVE_WITH_KNOTS('',3,(#5906,#5907,#5908,#5909,#5910,#5911,
#5912,#5913,#5914,#5915),.UNSPECIFIED.,.F.,.F.,(4,2,2,2,4),(0.,0.262775752332689,
0.503923870728531,0.745071989124376,1.),.UNSPECIFIED.);
#997=B_SPLINE_CURVE_WITH_KNOTS('',3,(#5916,#5917,#5918,#5919,#5920,#5921,
#5922,#5923,#5924,#5925,#5926,#5927,#5928,#5929,#5930,#5931,#5932,#5933,
#5934,#5935,#5936,#5937,#5938,#5939,#5940,#5941,#5942,#5943,#5944,#5945,
#5946),.UNSPECIFIED.,.F.,.F.,(4,3,3,3,3,3,3,3,3,3,4),(0.,0.123392263870177,
0.528644559927549,0.645767914362068,0.706642671090046,0.748165778498727,
0.789739860238996,0.833518321569793,0.880976224279172,0.928037721529745,
1.),.UNSPECIFIED.);
#998=B_SPLINE_CURVE_WITH_KNOTS('',3,(#5947,#5948,#5949,#5950,#5951,#5952,
#5953,#5954),.UNSPECIFIED.,.F.,.F.,(4,2,2,4),(0.,0.244322412509308,0.739987996508078,
1.),.UNSPECIFIED.);
#999=B_SPLINE_CURVE_WITH_KNOTS('',3,(#5955,#5956,#5957,#5958,#5959,#5960,
#5961,#5962,#5963,#5964,#5965,#5966,#5967),.UNSPECIFIED.,.F.,.F.,(4,3,3,
3,4),(0.,0.207339522005377,0.484122824742367,0.904694254735672,1.),
 .UNSPECIFIED.);
#1000=B_SPLINE_CURVE_WITH_KNOTS('',3,(#5972,#5973,#5974,#5975),
 .UNSPECIFIED.,.F.,.F.,(4,4),(0.,1.),.UNSPECIFIED.);
#1001=B_SPLINE_CURVE_WITH_KNOTS('',3,(#5980,#5981,#5982,#5983,#5984,#5985,
#5986,#5987,#5988,#5989,#5990,#5991,#5992,#5993,#5994,#5995,#5996,#5997,
#5998,#5999,#6000,#6001,#6002,#6003,#6004,#6005,#6006,#6007,#6008,#6009,
#6010,#6011,#6012,#6013,#6014,#6015,#6016,#6017,#6018,#6019,#6020,#6021,
#6022,#6023,#6024,#6025,#6026,#6027,#6028,#6029,#6030,#6031,#6032,#6033,
#6034,#6035,#6036,#6037,#6038,#6039,#6040,#6041,#6042,#6043,#6044,#6045,
#6046,#6047,#6048,#6049,#6050,#6051,#6052,#6053,#6054,#6055,#6056,#6057,
#6058),.UNSPECIFIED.,.F.,.F.,(4,3,3,3,3,3,3,3,3,3,3,3,3,3,3,3,3,3,3,3,3,
3,3,3,3,3,4),(0.,0.0210422940752395,0.0542679268785378,0.0878182659819286,
0.116360206169818,0.155741014347884,0.225441683115363,0.382000690396351,
0.43129342198065,0.495756078156128,0.519979981259069,0.544581279216977,
0.565855250949246,0.591139420000833,0.616522161444997,0.648548802399179,
0.694849094074311,0.765358081202766,0.815847219344402,0.851619613820197,
0.876540346436953,0.897723298475752,0.918847281534931,0.941954218814,0.962226420937683,
0.988340002054606,1.),.UNSPECIFIED.);
#1002=B_SPLINE_CURVE_WITH_KNOTS('',3,(#6061,#6062,#6063,#6064,#6065,#6066,
#6067,#6068,#6069,#6070,#6071,#6072,#6073,#6074,#6075,#6076,#6077,#6078,
#6079,#6080,#6081,#6082),.UNSPECIFIED.,.F.,.F.,(4,2,2,2,2,2,2,2,2,2,4),
(0.,0.0678028713625274,0.191678013505839,0.315401115406769,0.415581107365922,
0.515602631010191,0.611973734083509,0.708344837156834,0.798544391757483,
0.88848457298576,1.),.UNSPECIFIED.);
#1003=B_SPLINE_CURVE_WITH_KNOTS('',3,(#6083,#6084,#6085,#6086,#6087,#6088,
#6089,#6090,#6091,#6092,#6093,#6094,#6095,#6096,#6097,#6098),
 .UNSPECIFIED.,.F.,.F.,(4,3,3,3,3,4),(0.,0.474515130046899,0.68494934921673,
0.806715309843607,0.903578467270245,1.),.UNSPECIFIED.);
#1004=B_SPLINE_CURVE_WITH_KNOTS('',3,(#6099,#6100,#6101,#6102,#6103,#6104),
 .UNSPECIFIED.,.F.,.F.,(4,2,4),(0.,0.499550445999165,1.),.UNSPECIFIED.);
#1005=B_SPLINE_CURVE_WITH_KNOTS('',3,(#6105,#6106,#6107,#6108,#6109,#6110,
#6111,#6112,#6113,#6114,#6115,#6116,#6117,#6118,#6119,#6120,#6121,#6122,
#6123,#6124,#6125,#6126,#6127,#6128,#6129),.UNSPECIFIED.,.F.,.F.,(4,3,3,
3,3,3,3,3,4),(0.,0.0281995832415966,0.0907477792650627,0.199723094182801,
0.309808014964767,0.476388119683334,0.661298324534312,0.807208800074263,
1.),.UNSPECIFIED.);
#1006=B_SPLINE_CURVE_WITH_KNOTS('',3,(#6134,#6135,#6136,#6137,#6138,#6139,
#6140,#6141,#6142,#6143,#6144,#6145,#6146,#6147,#6148,#6149),
 .UNSPECIFIED.,.F.,.F.,(4,2,2,2,2,2,2,4),(0.,0.163312574681848,0.324418222678804,
0.484765770517492,0.64150937505542,0.798252979593348,0.95499658413127,1.),
 .UNSPECIFIED.);
#1007=B_SPLINE_CURVE_WITH_KNOTS('',3,(#6162,#6163,#6164,#6165,#6166,#6167,
#6168,#6169,#6170,#6171,#6172,#6173,#6174,#6175,#6176,#6177,#6178,#6179,
#6180,#6181,#6182,#6183,#6184,#6185,#6186,#6187,#6188,#6189,#6190,#6191,
#6192,#6193,#6194,#6195,#6196,#6197,#6198,#6199,#6200,#6201),
 .UNSPECIFIED.,.F.,.F.,(4,3,3,3,3,3,3,3,3,3,3,3,3,4),(0.,0.0660525489697448,
0.154637085160194,0.412355298045537,0.509452629506431,0.612598564753611,
0.674278666187697,0.73677510877289,0.781520166257931,0.826141881999258,
0.874561323763684,0.920673056265896,0.978464971682672,1.),.UNSPECIFIED.);
#1008=B_SPLINE_CURVE_WITH_KNOTS('',3,(#6204,#6205,#6206,#6207,#6208,#6209,
#6210,#6211,#6212,#6213,#6214,#6215,#6216,#6217,#6218,#6219,#6220,#6221,
#6222,#6223),.UNSPECIFIED.,.F.,.F.,(4,2,2,2,2,2,2,2,2,4),(0.,0.117913338708989,
0.235551065244629,0.352796013698423,0.467447081261865,0.582394549276806,
0.711332334122517,0.840492668504676,0.920268169152474,1.),.UNSPECIFIED.);
#1009=B_SPLINE_CURVE_WITH_KNOTS('',3,(#6228,#6229,#6230,#6231,#6232,#6233,
#6234,#6235,#6236,#6237,#6238,#6239,#6240,#6241,#6242,#6243,#6244,#6245,
#6246),.UNSPECIFIED.,.F.,.F.,(4,3,3,3,3,3,4),(0.,0.26788512493081,0.479063958610436,
0.617923244558186,0.759755985203067,0.880187228247009,1.),.UNSPECIFIED.);
#1010=B_SPLINE_CURVE_WITH_KNOTS('',3,(#6247,#6248,#6249,#6250,#6251,#6252,
#6253,#6254),.UNSPECIFIED.,.F.,.F.,(4,2,2,4),(0.,0.292518216311982,0.58615750031839,
1.),.UNSPECIFIED.);
#1011=B_SPLINE_CURVE_WITH_KNOTS('',3,(#6255,#6256,#6257,#6258,#6259,#6260,
#6261,#6262,#6263,#6264,#6265,#6266,#6267,#6268,#6269,#6270,#6271,#6272,
#6273,#6274,#6275,#6276,#6277,#6278,#6279,#6280,#6281,#6282,#6283,#6284,
#6285,#6286,#6287,#6288,#6289,#6290,#6291,#6292,#6293,#6294,#6295,#6296,
#6297,#6298,#6299,#6300,#6301,#6302,#6303,#6304,#6305,#6306,#6307,#6308,
#6309,#6310,#6311,#6312,#6313,#6314,#6315,#6316,#6317,#6318),
 .UNSPECIFIED.,.T.,.F.,(1,3,3,3,3,3,3,3,3,3,3,3,3,3,3,3,3,3,3,3,3,3,3,1),
(-0.0142353235647421,0.,0.00755639490313853,0.0242452114998085,0.0407474085492372,
0.0789235891258435,0.239691839889245,0.401272289574822,0.445157768929297,
0.468008825818955,0.483757192214356,0.499840733936596,0.514835215003223,
0.529858408157915,0.550839752310276,0.57150071554927,0.633597940975179,
0.757239724391508,0.915240417209732,0.951850865738037,0.971518194080101,
0.985764676435258,1.,1.00755639490314),.UNSPECIFIED.);
#1012=B_SPLINE_CURVE_WITH_KNOTS('',3,(#6321,#6322,#6323,#6324,#6325,#6326,
#6327,#6328,#6329,#6330),.UNSPECIFIED.,.T.,.F.,(1,3,2,2,2,3,1),(-0.240483125740819,
0.,0.246872791491862,0.510398806840056,0.759516874259181,1.,1.24687279149186),
 .UNSPECIFIED.);
#1013=B_SPLINE_CURVE_WITH_KNOTS('',3,(#6333,#6334,#6335,#6336,#6337,#6338,
#6339,#6340,#6341,#6342),.UNSPECIFIED.,.T.,.F.,(1,3,2,2,2,3,1),(-0.240483125740819,
0.,0.246872791491862,0.510398806840056,0.759516874259181,1.,1.24687279149186),
 .UNSPECIFIED.);
#1014=B_SPLINE_CURVE_WITH_KNOTS('',3,(#6343,#6344,#6345,#6346,#6347,#6348,
#6349,#6350,#6351,#6352,#6353,#6354,#6355,#6356,#6357,#6358,#6359,#6360,
#6361,#6362,#6363,#6364,#6365,#6366,#6367,#6368,#6369,#6370,#6371,#6372,
#6373,#6374,#6375,#6376,#6377,#6378,#6379,#6380,#6381,#6382,#6383,#6384,
#6385,#6386,#6387,#6388,#6389,#6390,#6391,#6392,#6393,#6394,#6395,#6396,
#6397,#6398,#6399,#6400,#6401,#6402,#6403,#6404,#6405,#6406,#6407,#6408,
#6409),.UNSPECIFIED.,.T.,.F.,(1,3,3,3,3,3,3,3,3,3,3,3,3,3,3,3,3,3,3,3,3,
3,3,3,1),(-0.0176163963321021,0.,0.00569696957901355,0.0198993262569439,
0.0397342605051806,0.0591901163195213,0.105558878469918,0.147401369244268,
0.367963976298022,0.436040695215645,0.461610458525759,0.476373814268103,
0.493105030186802,0.508558273081199,0.526936407136812,0.54504671650629,
0.571077179227572,0.643217063665369,0.714640124098434,0.894535408453171,
0.94128709265516,0.964779739760384,0.982383603667898,1.,1.00569696957901),
 .UNSPECIFIED.);
#1015=B_SPLINE_CURVE_WITH_KNOTS('',3,(#6412,#6413,#6414,#6415,#6416,#6417,
#6418,#6419,#6420,#6421),.UNSPECIFIED.,.T.,.F.,(1,3,2,2,2,3,1),(-0.246872791491861,
0.,0.240483125740819,0.489601193159944,0.753127208508139,1.,1.24048312574082),
 .UNSPECIFIED.);
#1016=B_SPLINE_CURVE_WITH_KNOTS('',3,(#6423,#6424,#6425,#6426,#6427,#6428,
#6429,#6430,#6431,#6432),.UNSPECIFIED.,.T.,.F.,(1,3,2,2,2,3,1),(-0.240483125740819,
0.,0.246872791491862,0.510398806840056,0.759516874259181,1.,1.24687279149186),
 .UNSPECIFIED.);
#1017=B_SPLINE_CURVE_WITH_KNOTS('',3,(#6434,#6435,#6436,#6437,#6438,#6439,
#6440,#6441,#6442,#6443,#6444,#6445,#6446,#6447,#6448,#6449,#6450,#6451,
#6452,#6453,#6454,#6455,#6456,#6457,#6458,#6459,#6460,#6461,#6462,#6463,
#6464,#6465,#6466,#6467,#6468,#6469,#6470,#6471,#6472,#6473,#6474,#6475,
#6476,#6477,#6478,#6479,#6480,#6481,#6482,#6483,#6484,#6485,#6486,#6487,
#6488,#6489,#6490,#6491,#6492,#6493,#6494,#6495,#6496,#6497),
 .UNSPECIFIED.,.T.,.F.,(1,3,3,3,3,3,3,3,3,3,3,3,3,3,3,3,3,3,3,3,3,3,3,1),
(-0.0142353235647266,0.,0.00755639490930447,0.0242452115071587,0.0407474085576592,
0.0789235891415082,0.239691839897806,0.401272289577089,0.445157768930474,
0.4680088258198,0.483757192215263,0.499840733937388,0.514835215004056,0.529858408158776,
0.55083975231168,0.571500715551191,0.633597940976561,0.757239724391873,
0.915240417209821,0.951850865738106,0.97151819408014,0.985764676435273,
1.,1.0075563949093),.UNSPECIFIED.);
#1018=B_SPLINE_CURVE_WITH_KNOTS('',3,(#6500,#6501,#6502,#6503,#6504,#6505,
#6506,#6507,#6508,#6509),.UNSPECIFIED.,.T.,.F.,(1,3,2,2,2,3,1),(-0.240483125740819,
0.,0.246872791491862,0.510398806840056,0.759516874259181,1.,1.24687279149186),
 .UNSPECIFIED.);
#1019=B_SPLINE_CURVE_WITH_KNOTS('',3,(#6512,#6513,#6514,#6515,#6516,#6517,
#6518,#6519,#6520,#6521),.UNSPECIFIED.,.T.,.F.,(1,3,2,2,2,3,1),(-0.240483125740819,
0.,0.246872791491862,0.510398806840056,0.759516874259181,1.,1.24687279149186),
 .UNSPECIFIED.);
#1020=B_SPLINE_CURVE_WITH_KNOTS('',3,(#6522,#6523,#6524,#6525,#6526,#6527,
#6528,#6529,#6530,#6531,#6532,#6533,#6534,#6535,#6536,#6537,#6538,#6539,
#6540,#6541,#6542,#6543,#6544,#6545,#6546,#6547,#6548,#6549,#6550,#6551,
#6552,#6553,#6554,#6555,#6556,#6557,#6558,#6559,#6560,#6561,#6562,#6563,
#6564,#6565,#6566,#6567,#6568,#6569,#6570,#6571,#6572,#6573,#6574,#6575,
#6576,#6577,#6578,#6579,#6580,#6581,#6582,#6583,#6584,#6585,#6586,#6587,
#6588),.UNSPECIFIED.,.T.,.F.,(1,3,3,3,3,3,3,3,3,3,3,3,3,3,3,3,3,3,3,3,3,
3,3,3,1),(-0.0176163963320956,0.,0.00569696957889801,0.0198993262568347,
0.0397342605050101,0.0591901163192935,0.105558878469569,0.147401369243775,
0.367963976298185,0.436040695215707,0.461610458525803,0.47637381426816,
0.493105030186865,0.508558273081255,0.526936407136874,0.545046716506368,
0.571077179227726,0.64321706366543,0.714640124098402,0.894535408453163,
0.941287092655141,0.964779739760393,0.982383603667904,1.,1.0056969695789),
 .UNSPECIFIED.);
#1021=B_SPLINE_CURVE_WITH_KNOTS('',3,(#6591,#6592,#6593,#6594,#6595,#6596,
#6597,#6598,#6599,#6600),.UNSPECIFIED.,.T.,.F.,(1,3,2,2,2,3,1),(-0.246872791491861,
0.,0.240483125740819,0.489601193159944,0.753127208508139,1.,1.24048312574082),
 .UNSPECIFIED.);
#1022=B_SPLINE_CURVE_WITH_KNOTS('',3,(#6602,#6603,#6604,#6605,#6606,#6607,
#6608,#6609,#6610,#6611),.UNSPECIFIED.,.T.,.F.,(1,3,2,2,2,3,1),(-0.240483125740819,
0.,0.246872791491862,0.510398806840056,0.759516874259181,1.,1.24687279149186),
 .UNSPECIFIED.);
#1023=B_SPLINE_CURVE_WITH_KNOTS('',3,(#6622,#6623,#6624,#6625,#6626,#6627,
#6628,#6629,#6630,#6631,#6632,#6633,#6634),.UNSPECIFIED.,.F.,.F.,(4,3,3,
3,4),(0.,0.237585212519575,0.517931414107016,0.788297754031716,1.),
 .UNSPECIFIED.);
#1024=B_SPLINE_CURVE_WITH_KNOTS('',3,(#6636,#6637,#6638,#6639,#6640,#6641),
 .UNSPECIFIED.,.F.,.F.,(4,2,4),(0.,0.499779520099548,1.),.UNSPECIFIED.);
#1025=B_SPLINE_CURVE_WITH_KNOTS('',3,(#6644,#6645,#6646,#6647,#6648,#6649),
 .UNSPECIFIED.,.F.,.F.,(4,2,4),(0.,0.500220479900452,1.),.UNSPECIFIED.);
#1026=B_SPLINE_CURVE_WITH_KNOTS('',3,(#6655,#6656,#6657,#6658,#6659,#6660,
#6661,#6662,#6663,#6664,#6665,#6666,#6667,#6668,#6669,#6670,#6671,#6672),
 .UNSPECIFIED.,.T.,.F.,(1,3,2,2,2,2,2,2,2,3,1),(-0.141408413172214,0.,0.11644895077217,
0.217526640042414,0.317924443467376,0.458576083171216,0.599016905651656,
0.728924666446044,0.858591586827786,1.,1.11644895077217),.UNSPECIFIED.);
#1027=B_SPLINE_CURVE_WITH_KNOTS('',3,(#6674,#6675,#6676,#6677,#6678,#6679,
#6680,#6681,#6682,#6683,#6684,#6685,#6686,#6687,#6688,#6689,#6690,#6691,
#6692,#6693,#6694,#6695,#6696,#6697,#6698,#6699,#6700,#6701,#6702,#6703,
#6704,#6705,#6706,#6707,#6708,#6709,#6710,#6711,#6712,#6713,#6714,#6715,
#6716,#6717,#6718,#6719,#6720,#6721,#6722,#6723,#6724,#6725,#6726,#6727,
#6728,#6729,#6730,#6731,#6732,#6733,#6734),.UNSPECIFIED.,.T.,.F.,(1,3,3,
3,3,3,3,3,3,3,3,3,3,3,3,3,3,3,3,3,3,3,1),(-0.0455447812788187,0.,0.0154476142987725,
0.120422485154816,0.211336839651316,0.272031624764792,0.317722128972117,
0.348009168629524,0.383912207939085,0.415177661756869,0.446602611956862,
0.489099138393573,0.530939947856449,0.656330328808238,0.744011544931659,
0.802575115849247,0.837763251966855,0.867626317058575,0.895212051320513,
0.924951945294956,0.954455218721181,1.,1.01544761429877),.UNSPECIFIED.);
#1028=B_SPLINE_CURVE_WITH_KNOTS('',3,(#6736,#6737,#6738,#6739,#6740,#6741,
#6742,#6743,#6744,#6745,#6746,#6747,#6748,#6749,#6750,#6751,#6752,#6753),
 .UNSPECIFIED.,.T.,.F.,(1,3,2,2,2,2,2,2,2,3,1),(-0.11644895077217,0.,0.141408413172214,
0.271075333553956,0.400983094348344,0.541423916828784,0.682075556532624,
0.782473359957586,0.88355104922783,1.,1.14140841317221),.UNSPECIFIED.);
#1029=B_SPLINE_CURVE_WITH_KNOTS('',3,(#6838,#6839,#6840,#6841,#6842,#6843,
#6844,#6845,#6846,#6847,#6848,#6849,#6850,#6851,#6852,#6853),
 .UNSPECIFIED.,.F.,.F.,(4,3,3,3,3,4),(0.,0.214940488396764,0.429880976793562,
0.644821465190369,0.859761953587212,1.),.UNSPECIFIED.);
#1030=B_SPLINE_CURVE_WITH_KNOTS('',3,(#6854,#6855,#6856,#6857),
 .UNSPECIFIED.,.F.,.F.,(4,4),(0.,1.),.UNSPECIFIED.);
#1031=B_SPLINE_CURVE_WITH_KNOTS('',3,(#6861,#6862,#6863,#6864,#6865,#6866,
#6867,#6868,#6869,#6870,#6871,#6872,#6873,#6874,#6875,#6876,#6877,#6878,
#6879,#6880,#6881,#6882,#6883,#6884,#6885,#6886,#6887,#6888),
 .UNSPECIFIED.,.F.,.F.,(4,2,2,2,2,2,2,2,2,2,2,2,2,4),(0.,0.00177676894253945,
0.00408124102985315,0.00638571311716891,0.00869018518191184,0.0271259616950174,
0.0363438499515776,0.0741094603220858,0.101763125091721,0.215059956203213,
0.298020950512257,0.637911443849796,0.886794426776639,1.),.UNSPECIFIED.);
#1032=B_SPLINE_CURVE_WITH_KNOTS('',3,(#6939,#6940,#6941,#6942,#6943,#6944,
#6945,#6946,#6947,#6948,#6949,#6950,#6951,#6952,#6953,#6954),
 .UNSPECIFIED.,.F.,.F.,(4,3,3,3,3,4),(0.,0.21494048839687,0.429880976793756,
0.644821465190615,0.859761953587445,1.),.UNSPECIFIED.);
#1033=B_SPLINE_CURVE_WITH_KNOTS('',3,(#6955,#6956,#6957,#6958,#6959,#6960,
#6961,#6962,#6963,#6964),.UNSPECIFIED.,.F.,.F.,(4,3,3,4),(0.,0.346999812495448,
0.673499906237847,1.),.UNSPECIFIED.);
#1034=B_SPLINE_CURVE_WITH_KNOTS('',3,(#6968,#6969,#6970,#6971),
 .UNSPECIFIED.,.F.,.F.,(4,4),(0.,1.),.UNSPECIFIED.);
#1035=B_SPLINE_CURVE_WITH_KNOTS('',3,(#7136,#7137,#7138,#7139),
 .UNSPECIFIED.,.F.,.F.,(4,4),(0.,1.),.UNSPECIFIED.);
#1036=B_SPLINE_CURVE_WITH_KNOTS('',3,(#7190,#7191,#7192,#7193),
 .UNSPECIFIED.,.F.,.F.,(4,4),(0.,1.),.UNSPECIFIED.);
#1037=B_SPLINE_CURVE_WITH_KNOTS('',3,(#7195,#7196,#7197,#7198,#7199,#7200,
#7201,#7202,#7203,#7204),.UNSPECIFIED.,.F.,.F.,(4,3,3,4),(0.,0.34699795782511,
0.67349897891254,1.),.UNSPECIFIED.);
#1038=ORIENTED_EDGE('',*,*,#2381,.F.);
#1039=ORIENTED_EDGE('',*,*,#2382,.T.);
#1040=ORIENTED_EDGE('',*,*,#2383,.F.);
#1041=ORIENTED_EDGE('',*,*,#2384,.F.);
#1042=ORIENTED_EDGE('',*,*,#2385,.T.);
#1043=ORIENTED_EDGE('',*,*,#2386,.T.);
#1044=ORIENTED_EDGE('',*,*,#2387,.F.);
#1045=ORIENTED_EDGE('',*,*,#2388,.F.);
#1046=ORIENTED_EDGE('',*,*,#2389,.T.);
#1047=ORIENTED_EDGE('',*,*,#2390,.T.);
#1048=ORIENTED_EDGE('',*,*,#2391,.F.);
#1049=ORIENTED_EDGE('',*,*,#2392,.F.);
#1050=ORIENTED_EDGE('',*,*,#2393,.T.);
#1051=ORIENTED_EDGE('',*,*,#2394,.T.);
#1052=ORIENTED_EDGE('',*,*,#2395,.F.);
#1053=ORIENTED_EDGE('',*,*,#2396,.T.);
#1054=ORIENTED_EDGE('',*,*,#2397,.F.);
#1055=ORIENTED_EDGE('',*,*,#2398,.F.);
#1056=ORIENTED_EDGE('',*,*,#2399,.T.);
#1057=ORIENTED_EDGE('',*,*,#2400,.T.);
#1058=ORIENTED_EDGE('',*,*,#2401,.F.);
#1059=ORIENTED_EDGE('',*,*,#2397,.T.);
#1060=ORIENTED_EDGE('',*,*,#2402,.T.);
#1061=ORIENTED_EDGE('',*,*,#2381,.T.);
#1062=ORIENTED_EDGE('',*,*,#2403,.T.);
#1063=ORIENTED_EDGE('',*,*,#2404,.F.);
#1064=ORIENTED_EDGE('',*,*,#2405,.F.);
#1065=ORIENTED_EDGE('',*,*,#2406,.F.);
#1066=ORIENTED_EDGE('',*,*,#2407,.F.);
#1067=ORIENTED_EDGE('',*,*,#2408,.F.);
#1068=ORIENTED_EDGE('',*,*,#2409,.F.);
#1069=ORIENTED_EDGE('',*,*,#2410,.F.);
#1070=ORIENTED_EDGE('',*,*,#2411,.F.);
#1071=ORIENTED_EDGE('',*,*,#2412,.F.);
#1072=ORIENTED_EDGE('',*,*,#2413,.T.);
#1073=ORIENTED_EDGE('',*,*,#2414,.T.);
#1074=ORIENTED_EDGE('',*,*,#2415,.T.);
#1075=ORIENTED_EDGE('',*,*,#2416,.T.);
#1076=ORIENTED_EDGE('',*,*,#2417,.T.);
#1077=ORIENTED_EDGE('',*,*,#2418,.T.);
#1078=ORIENTED_EDGE('',*,*,#2419,.T.);
#1079=ORIENTED_EDGE('',*,*,#2420,.F.);
#1080=ORIENTED_EDGE('',*,*,#2421,.F.);
#1081=ORIENTED_EDGE('',*,*,#2422,.F.);
#1082=ORIENTED_EDGE('',*,*,#2423,.F.);
#1083=ORIENTED_EDGE('',*,*,#2424,.F.);
#1084=ORIENTED_EDGE('',*,*,#2425,.T.);
#1085=ORIENTED_EDGE('',*,*,#2426,.T.);
#1086=ORIENTED_EDGE('',*,*,#2389,.F.);
#1087=ORIENTED_EDGE('',*,*,#2427,.T.);
#1088=ORIENTED_EDGE('',*,*,#2428,.T.);
#1089=ORIENTED_EDGE('',*,*,#2429,.T.);
#1090=ORIENTED_EDGE('',*,*,#2430,.T.);
#1091=ORIENTED_EDGE('',*,*,#2431,.F.);
#1092=ORIENTED_EDGE('',*,*,#2432,.F.);
#1093=ORIENTED_EDGE('',*,*,#2433,.F.);
#1094=ORIENTED_EDGE('',*,*,#2434,.T.);
#1095=ORIENTED_EDGE('',*,*,#2435,.T.);
#1096=ORIENTED_EDGE('',*,*,#2436,.T.);
#1097=ORIENTED_EDGE('',*,*,#2437,.T.);
#1098=ORIENTED_EDGE('',*,*,#2438,.F.);
#1099=ORIENTED_EDGE('',*,*,#2439,.F.);
#1100=ORIENTED_EDGE('',*,*,#2391,.T.);
#1101=ORIENTED_EDGE('',*,*,#2440,.F.);
#1102=ORIENTED_EDGE('',*,*,#2441,.F.);
#1103=ORIENTED_EDGE('',*,*,#2442,.F.);
#1104=ORIENTED_EDGE('',*,*,#2443,.F.);
#1105=ORIENTED_EDGE('',*,*,#2444,.F.);
#1106=ORIENTED_EDGE('',*,*,#2445,.F.);
#1107=ORIENTED_EDGE('',*,*,#2387,.T.);
#1108=ORIENTED_EDGE('',*,*,#2446,.T.);
#1109=ORIENTED_EDGE('',*,*,#2447,.T.);
#1110=ORIENTED_EDGE('',*,*,#2448,.T.);
#1111=ORIENTED_EDGE('',*,*,#2449,.F.);
#1112=ORIENTED_EDGE('',*,*,#2450,.F.);
#1113=ORIENTED_EDGE('',*,*,#2451,.T.);
#1114=ORIENTED_EDGE('',*,*,#2452,.T.);
#1115=ORIENTED_EDGE('',*,*,#2453,.F.);
#1116=ORIENTED_EDGE('',*,*,#2445,.T.);
#1117=ORIENTED_EDGE('',*,*,#2454,.F.);
#1118=ORIENTED_EDGE('',*,*,#2427,.F.);
#1119=ORIENTED_EDGE('',*,*,#2388,.T.);
#1120=ORIENTED_EDGE('',*,*,#2440,.T.);
#1121=ORIENTED_EDGE('',*,*,#2390,.F.);
#1122=ORIENTED_EDGE('',*,*,#2426,.F.);
#1123=ORIENTED_EDGE('',*,*,#2455,.T.);
#1124=ORIENTED_EDGE('',*,*,#2456,.F.);
#1125=ORIENTED_EDGE('',*,*,#2457,.F.);
#1126=ORIENTED_EDGE('',*,*,#2458,.T.);
#1127=ORIENTED_EDGE('',*,*,#2459,.T.);
#1128=ORIENTED_EDGE('',*,*,#2460,.T.);
#1129=ORIENTED_EDGE('',*,*,#2461,.T.);
#1130=ORIENTED_EDGE('',*,*,#2462,.F.);
#1131=ORIENTED_EDGE('',*,*,#2463,.F.);
#1132=ORIENTED_EDGE('',*,*,#2464,.T.);
#1133=ORIENTED_EDGE('',*,*,#2465,.T.);
#1134=ORIENTED_EDGE('',*,*,#2466,.F.);
#1135=ORIENTED_EDGE('',*,*,#2467,.F.);
#1136=ORIENTED_EDGE('',*,*,#2468,.F.);
#1137=ORIENTED_EDGE('',*,*,#2469,.T.);
#1138=ORIENTED_EDGE('',*,*,#2470,.T.);
#1139=ORIENTED_EDGE('',*,*,#2471,.F.);
#1140=ORIENTED_EDGE('',*,*,#2461,.F.);
#1141=ORIENTED_EDGE('',*,*,#2472,.T.);
#1142=ORIENTED_EDGE('',*,*,#2473,.T.);
#1143=ORIENTED_EDGE('',*,*,#2474,.F.);
#1144=ORIENTED_EDGE('',*,*,#2475,.F.);
#1145=ORIENTED_EDGE('',*,*,#2476,.F.);
#1146=ORIENTED_EDGE('',*,*,#2456,.T.);
#1147=ORIENTED_EDGE('',*,*,#2477,.T.);
#1148=ORIENTED_EDGE('',*,*,#2458,.F.);
#1149=ORIENTED_EDGE('',*,*,#2478,.T.);
#1150=ORIENTED_EDGE('',*,*,#2479,.T.);
#1151=ORIENTED_EDGE('',*,*,#2480,.F.);
#1152=ORIENTED_EDGE('',*,*,#2430,.F.);
#1153=ORIENTED_EDGE('',*,*,#2481,.T.);
#1154=ORIENTED_EDGE('',*,*,#2463,.T.);
#1155=ORIENTED_EDGE('',*,*,#2482,.F.);
#1156=ORIENTED_EDGE('',*,*,#2483,.F.);
#1157=ORIENTED_EDGE('',*,*,#2395,.T.);
#1158=ORIENTED_EDGE('',*,*,#2484,.F.);
#1159=ORIENTED_EDGE('',*,*,#2485,.T.);
#1160=ORIENTED_EDGE('',*,*,#2486,.F.);
#1161=ORIENTED_EDGE('',*,*,#2487,.F.);
#1162=ORIENTED_EDGE('',*,*,#2488,.F.);
#1163=ORIENTED_EDGE('',*,*,#2489,.T.);
#1164=ORIENTED_EDGE('',*,*,#2490,.F.);
#1165=ORIENTED_EDGE('',*,*,#2383,.T.);
#1166=ORIENTED_EDGE('',*,*,#2473,.F.);
#1167=ORIENTED_EDGE('',*,*,#2491,.T.);
#1168=ORIENTED_EDGE('',*,*,#2492,.T.);
#1169=ORIENTED_EDGE('',*,*,#2493,.F.);
#1170=ORIENTED_EDGE('',*,*,#2479,.F.);
#1171=ORIENTED_EDGE('',*,*,#2494,.T.);
#1172=ORIENTED_EDGE('',*,*,#2475,.T.);
#1173=ORIENTED_EDGE('',*,*,#2495,.F.);
#1174=ORIENTED_EDGE('',*,*,#2496,.T.);
#1175=ORIENTED_EDGE('',*,*,#2497,.T.);
#1176=ORIENTED_EDGE('',*,*,#2498,.F.);
#1177=ORIENTED_EDGE('',*,*,#2499,.F.);
#1178=ORIENTED_EDGE('',*,*,#2500,.F.);
#1179=ORIENTED_EDGE('',*,*,#2501,.T.);
#1180=ORIENTED_EDGE('',*,*,#2502,.T.);
#1181=ORIENTED_EDGE('',*,*,#2503,.F.);
#1182=ORIENTED_EDGE('',*,*,#2504,.T.);
#1183=ORIENTED_EDGE('',*,*,#2505,.F.);
#1184=ORIENTED_EDGE('',*,*,#2506,.T.);
#1185=ORIENTED_EDGE('',*,*,#2507,.F.);
#1186=ORIENTED_EDGE('',*,*,#2508,.T.);
#1187=ORIENTED_EDGE('',*,*,#2509,.F.);
#1188=ORIENTED_EDGE('',*,*,#2510,.F.);
#1189=ORIENTED_EDGE('',*,*,#2511,.T.);
#1190=ORIENTED_EDGE('',*,*,#2512,.T.);
#1191=ORIENTED_EDGE('',*,*,#2513,.F.);
#1192=ORIENTED_EDGE('',*,*,#2514,.F.);
#1193=ORIENTED_EDGE('',*,*,#2515,.T.);
#1194=ORIENTED_EDGE('',*,*,#2516,.T.);
#1195=ORIENTED_EDGE('',*,*,#2517,.F.);
#1196=ORIENTED_EDGE('',*,*,#2393,.F.);
#1197=ORIENTED_EDGE('',*,*,#2518,.T.);
#1198=ORIENTED_EDGE('',*,*,#2519,.T.);
#1199=ORIENTED_EDGE('',*,*,#2385,.F.);
#1200=ORIENTED_EDGE('',*,*,#2520,.T.);
#1201=ORIENTED_EDGE('',*,*,#2521,.T.);
#1202=ORIENTED_EDGE('',*,*,#2522,.T.);
#1203=ORIENTED_EDGE('',*,*,#2523,.T.);
#1204=ORIENTED_EDGE('',*,*,#2524,.F.);
#1205=ORIENTED_EDGE('',*,*,#2520,.F.);
#1206=ORIENTED_EDGE('',*,*,#2524,.T.);
#1207=ORIENTED_EDGE('',*,*,#2525,.T.);
#1208=ORIENTED_EDGE('',*,*,#2522,.F.);
#1209=ORIENTED_EDGE('',*,*,#2521,.F.);
#1210=ORIENTED_EDGE('',*,*,#2526,.T.);
#1211=ORIENTED_EDGE('',*,*,#2433,.T.);
#1212=ORIENTED_EDGE('',*,*,#2527,.F.);
#1213=ORIENTED_EDGE('',*,*,#2523,.F.);
#1214=ORIENTED_EDGE('',*,*,#2527,.T.);
#1215=ORIENTED_EDGE('',*,*,#2432,.T.);
#1216=ORIENTED_EDGE('',*,*,#2526,.F.);
#1217=ORIENTED_EDGE('',*,*,#2525,.F.);
#1218=ORIENTED_EDGE('',*,*,#2514,.T.);
#1219=ORIENTED_EDGE('',*,*,#2528,.T.);
#1220=ORIENTED_EDGE('',*,*,#2442,.T.);
#1221=ORIENTED_EDGE('',*,*,#2529,.F.);
#1222=ORIENTED_EDGE('',*,*,#2443,.T.);
#1223=ORIENTED_EDGE('',*,*,#2528,.F.);
#1224=ORIENTED_EDGE('',*,*,#2513,.T.);
#1225=ORIENTED_EDGE('',*,*,#2530,.T.);
#1226=ORIENTED_EDGE('',*,*,#2531,.F.);
#1227=ORIENTED_EDGE('',*,*,#2532,.T.);
#1228=ORIENTED_EDGE('',*,*,#2509,.T.);
#1229=ORIENTED_EDGE('',*,*,#2533,.T.);
#1230=ORIENTED_EDGE('',*,*,#2449,.T.);
#1231=ORIENTED_EDGE('',*,*,#2534,.T.);
#1232=ORIENTED_EDGE('',*,*,#2535,.F.);
#1233=ORIENTED_EDGE('',*,*,#2536,.F.);
#1234=ORIENTED_EDGE('',*,*,#2537,.F.);
#1235=ORIENTED_EDGE('',*,*,#2538,.T.);
#1236=ORIENTED_EDGE('',*,*,#2431,.T.);
#1237=ORIENTED_EDGE('',*,*,#2482,.T.);
#1238=ORIENTED_EDGE('',*,*,#2462,.T.);
#1239=ORIENTED_EDGE('',*,*,#2474,.T.);
#1240=ORIENTED_EDGE('',*,*,#2493,.T.);
#1241=ORIENTED_EDGE('',*,*,#2539,.T.);
#1242=ORIENTED_EDGE('',*,*,#2540,.F.);
#1243=ORIENTED_EDGE('',*,*,#2541,.T.);
#1244=ORIENTED_EDGE('',*,*,#2542,.T.);
#1245=ORIENTED_EDGE('',*,*,#2412,.T.);
#1246=ORIENTED_EDGE('',*,*,#2543,.T.);
#1247=ORIENTED_EDGE('',*,*,#2486,.T.);
#1248=ORIENTED_EDGE('',*,*,#2544,.F.);
#1249=ORIENTED_EDGE('',*,*,#2515,.F.);
#1250=ORIENTED_EDGE('',*,*,#2529,.T.);
#1251=ORIENTED_EDGE('',*,*,#2441,.T.);
#1252=ORIENTED_EDGE('',*,*,#2455,.F.);
#1253=ORIENTED_EDGE('',*,*,#2425,.F.);
#1254=ORIENTED_EDGE('',*,*,#2454,.T.);
#1255=ORIENTED_EDGE('',*,*,#2444,.T.);
#1256=ORIENTED_EDGE('',*,*,#2530,.F.);
#1257=ORIENTED_EDGE('',*,*,#2512,.F.);
#1258=ORIENTED_EDGE('',*,*,#2545,.T.);
#1259=ORIENTED_EDGE('',*,*,#2488,.T.);
#1260=ORIENTED_EDGE('',*,*,#2546,.T.);
#1261=ORIENTED_EDGE('',*,*,#2410,.T.);
#1262=ORIENTED_EDGE('',*,*,#2480,.T.);
#1263=ORIENTED_EDGE('',*,*,#2495,.T.);
#1264=ORIENTED_EDGE('',*,*,#2477,.F.);
#1265=ORIENTED_EDGE('',*,*,#2459,.F.);
#1266=ORIENTED_EDGE('',*,*,#2547,.T.);
#1267=ORIENTED_EDGE('',*,*,#2499,.T.);
#1268=ORIENTED_EDGE('',*,*,#2548,.F.);
#1269=ORIENTED_EDGE('',*,*,#2464,.F.);
#1270=ORIENTED_EDGE('',*,*,#2548,.T.);
#1271=ORIENTED_EDGE('',*,*,#2498,.T.);
#1272=ORIENTED_EDGE('',*,*,#2549,.F.);
#1273=ORIENTED_EDGE('',*,*,#2465,.F.);
#1274=ORIENTED_EDGE('',*,*,#2466,.T.);
#1275=ORIENTED_EDGE('',*,*,#2549,.T.);
#1276=ORIENTED_EDGE('',*,*,#2497,.F.);
#1277=ORIENTED_EDGE('',*,*,#2550,.F.);
#1278=ORIENTED_EDGE('',*,*,#2467,.T.);
#1279=ORIENTED_EDGE('',*,*,#2550,.T.);
#1280=ORIENTED_EDGE('',*,*,#2496,.F.);
#1281=ORIENTED_EDGE('',*,*,#2547,.F.);
#1282=ORIENTED_EDGE('',*,*,#2508,.F.);
#1283=ORIENTED_EDGE('',*,*,#2551,.T.);
#1284=ORIENTED_EDGE('',*,*,#2450,.T.);
#1285=ORIENTED_EDGE('',*,*,#2533,.F.);
#1286=ORIENTED_EDGE('',*,*,#2544,.T.);
#1287=ORIENTED_EDGE('',*,*,#2485,.F.);
#1288=ORIENTED_EDGE('',*,*,#2552,.T.);
#1289=ORIENTED_EDGE('',*,*,#2516,.F.);
#1290=ORIENTED_EDGE('',*,*,#2553,.T.);
#1291=ORIENTED_EDGE('',*,*,#2489,.F.);
#1292=ORIENTED_EDGE('',*,*,#2545,.F.);
#1293=ORIENTED_EDGE('',*,*,#2511,.F.);
#1294=ORIENTED_EDGE('',*,*,#2554,.F.);
#1295=ORIENTED_EDGE('',*,*,#2555,.F.);
#1296=ORIENTED_EDGE('',*,*,#2556,.T.);
#1297=ORIENTED_EDGE('',*,*,#2557,.F.);
#1298=ORIENTED_EDGE('',*,*,#2531,.T.);
#1299=ORIENTED_EDGE('',*,*,#2558,.T.);
#1300=ORIENTED_EDGE('',*,*,#2559,.T.);
#1301=ORIENTED_EDGE('',*,*,#2560,.T.);
#1302=ORIENTED_EDGE('',*,*,#2561,.T.);
#1303=ORIENTED_EDGE('',*,*,#2562,.T.);
#1304=ORIENTED_EDGE('',*,*,#2559,.F.);
#1305=ORIENTED_EDGE('',*,*,#2563,.F.);
#1306=ORIENTED_EDGE('',*,*,#2564,.T.);
#1307=ORIENTED_EDGE('',*,*,#2565,.T.);
#1308=ORIENTED_EDGE('',*,*,#2563,.T.);
#1309=ORIENTED_EDGE('',*,*,#2558,.F.);
#1310=ORIENTED_EDGE('',*,*,#2560,.F.);
#1311=ORIENTED_EDGE('',*,*,#2562,.F.);
#1312=ORIENTED_EDGE('',*,*,#2435,.F.);
#1313=ORIENTED_EDGE('',*,*,#2566,.T.);
#1314=ORIENTED_EDGE('',*,*,#2561,.F.);
#1315=ORIENTED_EDGE('',*,*,#2567,.F.);
#1316=ORIENTED_EDGE('',*,*,#2434,.F.);
#1317=ORIENTED_EDGE('',*,*,#2567,.T.);
#1318=ORIENTED_EDGE('',*,*,#2565,.F.);
#1319=ORIENTED_EDGE('',*,*,#2564,.F.);
#1320=ORIENTED_EDGE('',*,*,#2566,.F.);
#1321=ORIENTED_EDGE('',*,*,#2568,.T.);
#1322=ORIENTED_EDGE('',*,*,#2537,.T.);
#1323=ORIENTED_EDGE('',*,*,#2569,.T.);
#1324=ORIENTED_EDGE('',*,*,#2570,.F.);
#1325=ORIENTED_EDGE('',*,*,#2571,.F.);
#1326=ORIENTED_EDGE('',*,*,#2569,.F.);
#1327=ORIENTED_EDGE('',*,*,#2536,.T.);
#1328=ORIENTED_EDGE('',*,*,#2572,.T.);
#1329=ORIENTED_EDGE('',*,*,#2573,.F.);
#1330=ORIENTED_EDGE('',*,*,#2574,.F.);
#1331=ORIENTED_EDGE('',*,*,#2572,.F.);
#1332=ORIENTED_EDGE('',*,*,#2535,.T.);
#1333=ORIENTED_EDGE('',*,*,#2575,.T.);
#1334=ORIENTED_EDGE('',*,*,#2576,.T.);
#1335=ORIENTED_EDGE('',*,*,#2428,.F.);
#1336=ORIENTED_EDGE('',*,*,#2538,.F.);
#1337=ORIENTED_EDGE('',*,*,#2568,.F.);
#1338=ORIENTED_EDGE('',*,*,#2577,.F.);
#1339=ORIENTED_EDGE('',*,*,#2575,.F.);
#1340=ORIENTED_EDGE('',*,*,#2534,.F.);
#1341=ORIENTED_EDGE('',*,*,#2448,.F.);
#1342=ORIENTED_EDGE('',*,*,#2539,.F.);
#1343=ORIENTED_EDGE('',*,*,#2492,.F.);
#1344=ORIENTED_EDGE('',*,*,#2578,.T.);
#1345=ORIENTED_EDGE('',*,*,#2554,.T.);
#1346=ORIENTED_EDGE('',*,*,#2579,.F.);
#1347=ORIENTED_EDGE('',*,*,#2504,.F.);
#1348=ORIENTED_EDGE('',*,*,#2532,.F.);
#1349=ORIENTED_EDGE('',*,*,#2557,.T.);
#1350=ORIENTED_EDGE('',*,*,#2580,.F.);
#1351=ORIENTED_EDGE('',*,*,#2581,.F.);
#1352=ORIENTED_EDGE('',*,*,#2582,.F.);
#1353=ORIENTED_EDGE('',*,*,#2580,.T.);
#1354=ORIENTED_EDGE('',*,*,#2583,.T.);
#1355=ORIENTED_EDGE('',*,*,#2584,.F.);
#1356=ORIENTED_EDGE('',*,*,#2583,.F.);
#1357=ORIENTED_EDGE('',*,*,#2581,.T.);
#1358=ORIENTED_EDGE('',*,*,#2582,.T.);
#1359=ORIENTED_EDGE('',*,*,#2585,.F.);
#1360=ORIENTED_EDGE('',*,*,#2586,.F.);
#1361=ORIENTED_EDGE('',*,*,#2584,.T.);
#1362=ORIENTED_EDGE('',*,*,#2587,.T.);
#1363=ORIENTED_EDGE('',*,*,#2437,.F.);
#1364=ORIENTED_EDGE('',*,*,#2587,.F.);
#1365=ORIENTED_EDGE('',*,*,#2585,.T.);
#1366=ORIENTED_EDGE('',*,*,#2586,.T.);
#1367=ORIENTED_EDGE('',*,*,#2436,.F.);
#1368=ORIENTED_EDGE('',*,*,#2518,.F.);
#1369=ORIENTED_EDGE('',*,*,#2392,.T.);
#1370=ORIENTED_EDGE('',*,*,#2447,.F.);
#1371=ORIENTED_EDGE('',*,*,#2588,.F.);
#1372=ORIENTED_EDGE('',*,*,#2446,.F.);
#1373=ORIENTED_EDGE('',*,*,#2386,.F.);
#1374=ORIENTED_EDGE('',*,*,#2519,.F.);
#1375=ORIENTED_EDGE('',*,*,#2588,.T.);
#1376=ORIENTED_EDGE('',*,*,#2555,.T.);
#1377=ORIENTED_EDGE('',*,*,#2578,.F.);
#1378=ORIENTED_EDGE('',*,*,#2491,.F.);
#1379=ORIENTED_EDGE('',*,*,#2472,.F.);
#1380=ORIENTED_EDGE('',*,*,#2460,.F.);
#1381=ORIENTED_EDGE('',*,*,#2481,.F.);
#1382=ORIENTED_EDGE('',*,*,#2429,.F.);
#1383=ORIENTED_EDGE('',*,*,#2576,.F.);
#1384=ORIENTED_EDGE('',*,*,#2570,.T.);
#1385=ORIENTED_EDGE('',*,*,#2571,.T.);
#1386=ORIENTED_EDGE('',*,*,#2589,.T.);
#1387=ORIENTED_EDGE('',*,*,#2590,.F.);
#1388=ORIENTED_EDGE('',*,*,#2452,.F.);
#1389=ORIENTED_EDGE('',*,*,#2591,.F.);
#1390=ORIENTED_EDGE('',*,*,#2506,.F.);
#1391=ORIENTED_EDGE('',*,*,#2592,.F.);
#1392=ORIENTED_EDGE('',*,*,#2478,.F.);
#1393=ORIENTED_EDGE('',*,*,#2457,.T.);
#1394=ORIENTED_EDGE('',*,*,#2476,.T.);
#1395=ORIENTED_EDGE('',*,*,#2494,.F.);
#1396=ORIENTED_EDGE('',*,*,#2593,.F.);
#1397=ORIENTED_EDGE('',*,*,#2468,.T.);
#1398=ORIENTED_EDGE('',*,*,#2594,.T.);
#1399=ORIENTED_EDGE('',*,*,#2501,.F.);
#1400=ORIENTED_EDGE('',*,*,#2594,.F.);
#1401=ORIENTED_EDGE('',*,*,#2471,.T.);
#1402=ORIENTED_EDGE('',*,*,#2595,.T.);
#1403=ORIENTED_EDGE('',*,*,#2502,.F.);
#1404=ORIENTED_EDGE('',*,*,#2470,.F.);
#1405=ORIENTED_EDGE('',*,*,#2596,.T.);
#1406=ORIENTED_EDGE('',*,*,#2503,.T.);
#1407=ORIENTED_EDGE('',*,*,#2595,.F.);
#1408=ORIENTED_EDGE('',*,*,#2469,.F.);
#1409=ORIENTED_EDGE('',*,*,#2593,.T.);
#1410=ORIENTED_EDGE('',*,*,#2500,.T.);
#1411=ORIENTED_EDGE('',*,*,#2596,.F.);
#1412=ORIENTED_EDGE('',*,*,#2507,.T.);
#1413=ORIENTED_EDGE('',*,*,#2591,.T.);
#1414=ORIENTED_EDGE('',*,*,#2451,.F.);
#1415=ORIENTED_EDGE('',*,*,#2551,.F.);
#1416=ORIENTED_EDGE('',*,*,#2394,.F.);
#1417=ORIENTED_EDGE('',*,*,#2517,.T.);
#1418=ORIENTED_EDGE('',*,*,#2552,.F.);
#1419=ORIENTED_EDGE('',*,*,#2484,.T.);
#1420=ORIENTED_EDGE('',*,*,#2553,.F.);
#1421=ORIENTED_EDGE('',*,*,#2510,.T.);
#1422=ORIENTED_EDGE('',*,*,#2384,.T.);
#1423=ORIENTED_EDGE('',*,*,#2490,.T.);
#1424=ORIENTED_EDGE('',*,*,#2597,.F.);
#1425=ORIENTED_EDGE('',*,*,#2598,.F.);
#1426=ORIENTED_EDGE('',*,*,#2599,.F.);
#1427=ORIENTED_EDGE('',*,*,#2600,.F.);
#1428=ORIENTED_EDGE('',*,*,#2601,.T.);
#1429=ORIENTED_EDGE('',*,*,#2599,.T.);
#1430=ORIENTED_EDGE('',*,*,#2602,.F.);
#1431=ORIENTED_EDGE('',*,*,#2603,.F.);
#1432=ORIENTED_EDGE('',*,*,#2602,.T.);
#1433=ORIENTED_EDGE('',*,*,#2598,.T.);
#1434=ORIENTED_EDGE('',*,*,#2597,.T.);
#1435=ORIENTED_EDGE('',*,*,#2601,.F.);
#1436=ORIENTED_EDGE('',*,*,#2604,.F.);
#1437=ORIENTED_EDGE('',*,*,#2439,.T.);
#1438=ORIENTED_EDGE('',*,*,#2605,.T.);
#1439=ORIENTED_EDGE('',*,*,#2600,.T.);
#1440=ORIENTED_EDGE('',*,*,#2606,.F.);
#1441=ORIENTED_EDGE('',*,*,#2438,.T.);
#1442=ORIENTED_EDGE('',*,*,#2606,.T.);
#1443=ORIENTED_EDGE('',*,*,#2603,.T.);
#1444=ORIENTED_EDGE('',*,*,#2604,.T.);
#1445=ORIENTED_EDGE('',*,*,#2605,.F.);
#1446=ORIENTED_EDGE('',*,*,#2574,.T.);
#1447=ORIENTED_EDGE('',*,*,#2607,.F.);
#1448=ORIENTED_EDGE('',*,*,#2589,.F.);
#1449=ORIENTED_EDGE('',*,*,#2573,.T.);
#1450=ORIENTED_EDGE('',*,*,#2453,.T.);
#1451=ORIENTED_EDGE('',*,*,#2590,.T.);
#1452=ORIENTED_EDGE('',*,*,#2607,.T.);
#1453=ORIENTED_EDGE('',*,*,#2577,.T.);
#1454=ORIENTED_EDGE('',*,*,#2579,.T.);
#1455=ORIENTED_EDGE('',*,*,#2556,.F.);
#1456=ORIENTED_EDGE('',*,*,#2592,.T.);
#1457=ORIENTED_EDGE('',*,*,#2505,.T.);
#1458=ORIENTED_EDGE('',*,*,#2487,.T.);
#1459=ORIENTED_EDGE('',*,*,#2543,.F.);
#1460=ORIENTED_EDGE('',*,*,#2411,.T.);
#1461=ORIENTED_EDGE('',*,*,#2546,.F.);
#1462=ORIENTED_EDGE('',*,*,#2483,.T.);
#1463=ORIENTED_EDGE('',*,*,#2382,.F.);
#1464=ORIENTED_EDGE('',*,*,#2402,.F.);
#1465=ORIENTED_EDGE('',*,*,#2396,.F.);
#1466=ORIENTED_EDGE('',*,*,#2608,.F.);
#1467=ORIENTED_EDGE('',*,*,#2609,.T.);
#1468=ORIENTED_EDGE('',*,*,#2610,.T.);
#1469=ORIENTED_EDGE('',*,*,#2611,.T.);
#1470=ORIENTED_EDGE('',*,*,#2610,.F.);
#1471=ORIENTED_EDGE('',*,*,#2612,.T.);
#1472=ORIENTED_EDGE('',*,*,#2613,.T.);
#1473=ORIENTED_EDGE('',*,*,#2614,.T.);
#1474=ORIENTED_EDGE('',*,*,#2613,.F.);
#1475=ORIENTED_EDGE('',*,*,#2615,.T.);
#1476=ORIENTED_EDGE('',*,*,#2616,.T.);
#1477=ORIENTED_EDGE('',*,*,#2617,.T.);
#1478=ORIENTED_EDGE('',*,*,#2616,.F.);
#1479=ORIENTED_EDGE('',*,*,#2618,.T.);
#1480=ORIENTED_EDGE('',*,*,#2619,.T.);
#1481=ORIENTED_EDGE('',*,*,#2620,.T.);
#1482=ORIENTED_EDGE('',*,*,#2619,.F.);
#1483=ORIENTED_EDGE('',*,*,#2621,.T.);
#1484=ORIENTED_EDGE('',*,*,#2622,.T.);
#1485=ORIENTED_EDGE('',*,*,#2623,.T.);
#1486=ORIENTED_EDGE('',*,*,#2622,.F.);
#1487=ORIENTED_EDGE('',*,*,#2624,.T.);
#1488=ORIENTED_EDGE('',*,*,#2625,.T.);
#1489=ORIENTED_EDGE('',*,*,#2626,.T.);
#1490=ORIENTED_EDGE('',*,*,#2625,.F.);
#1491=ORIENTED_EDGE('',*,*,#2627,.T.);
#1492=ORIENTED_EDGE('',*,*,#2608,.T.);
#1493=ORIENTED_EDGE('',*,*,#2628,.T.);
#1494=ORIENTED_EDGE('',*,*,#2629,.F.);
#1495=ORIENTED_EDGE('',*,*,#2630,.F.);
#1496=ORIENTED_EDGE('',*,*,#2631,.F.);
#1497=ORIENTED_EDGE('',*,*,#2632,.T.);
#1498=ORIENTED_EDGE('',*,*,#2633,.F.);
#1499=ORIENTED_EDGE('',*,*,#2634,.F.);
#1500=ORIENTED_EDGE('',*,*,#2635,.F.);
#1501=ORIENTED_EDGE('',*,*,#2630,.T.);
#1502=ORIENTED_EDGE('',*,*,#2636,.F.);
#1503=ORIENTED_EDGE('',*,*,#2637,.F.);
#1504=ORIENTED_EDGE('',*,*,#2638,.F.);
#1505=ORIENTED_EDGE('',*,*,#2634,.T.);
#1506=ORIENTED_EDGE('',*,*,#2639,.F.);
#1507=ORIENTED_EDGE('',*,*,#2640,.F.);
#1508=ORIENTED_EDGE('',*,*,#2641,.F.);
#1509=ORIENTED_EDGE('',*,*,#2637,.T.);
#1510=ORIENTED_EDGE('',*,*,#2642,.F.);
#1511=ORIENTED_EDGE('',*,*,#2643,.F.);
#1512=ORIENTED_EDGE('',*,*,#2644,.F.);
#1513=ORIENTED_EDGE('',*,*,#2640,.T.);
#1514=ORIENTED_EDGE('',*,*,#2645,.F.);
#1515=ORIENTED_EDGE('',*,*,#2646,.F.);
#1516=ORIENTED_EDGE('',*,*,#2647,.F.);
#1517=ORIENTED_EDGE('',*,*,#2643,.T.);
#1518=ORIENTED_EDGE('',*,*,#2648,.F.);
#1519=ORIENTED_EDGE('',*,*,#2649,.F.);
#1520=ORIENTED_EDGE('',*,*,#2650,.F.);
#1521=ORIENTED_EDGE('',*,*,#2646,.T.);
#1522=ORIENTED_EDGE('',*,*,#2651,.F.);
#1523=ORIENTED_EDGE('',*,*,#2652,.F.);
#1524=ORIENTED_EDGE('',*,*,#2653,.F.);
#1525=ORIENTED_EDGE('',*,*,#2649,.T.);
#1526=ORIENTED_EDGE('',*,*,#2654,.F.);
#1527=ORIENTED_EDGE('',*,*,#2655,.F.);
#1528=ORIENTED_EDGE('',*,*,#2656,.F.);
#1529=ORIENTED_EDGE('',*,*,#2652,.T.);
#1530=ORIENTED_EDGE('',*,*,#2657,.F.);
#1531=ORIENTED_EDGE('',*,*,#2658,.F.);
#1532=ORIENTED_EDGE('',*,*,#2659,.F.);
#1533=ORIENTED_EDGE('',*,*,#2655,.T.);
#1534=ORIENTED_EDGE('',*,*,#2660,.F.);
#1535=ORIENTED_EDGE('',*,*,#2632,.F.);
#1536=ORIENTED_EDGE('',*,*,#2661,.F.);
#1537=ORIENTED_EDGE('',*,*,#2658,.T.);
#1538=ORIENTED_EDGE('',*,*,#2662,.F.);
#1539=ORIENTED_EDGE('',*,*,#2663,.T.);
#1540=ORIENTED_EDGE('',*,*,#2664,.F.);
#1541=ORIENTED_EDGE('',*,*,#2665,.T.);
#1542=ORIENTED_EDGE('',*,*,#2664,.T.);
#1543=ORIENTED_EDGE('',*,*,#2666,.T.);
#1544=ORIENTED_EDGE('',*,*,#2662,.T.);
#1545=ORIENTED_EDGE('',*,*,#2667,.T.);
#1546=ORIENTED_EDGE('',*,*,#2668,.F.);
#1547=ORIENTED_EDGE('',*,*,#2669,.T.);
#1548=ORIENTED_EDGE('',*,*,#2670,.F.);
#1549=ORIENTED_EDGE('',*,*,#2671,.T.);
#1550=ORIENTED_EDGE('',*,*,#2670,.T.);
#1551=ORIENTED_EDGE('',*,*,#2672,.T.);
#1552=ORIENTED_EDGE('',*,*,#2668,.T.);
#1553=ORIENTED_EDGE('',*,*,#2673,.T.);
#1554=ORIENTED_EDGE('',*,*,#2631,.T.);
#1555=ORIENTED_EDGE('',*,*,#2635,.T.);
#1556=ORIENTED_EDGE('',*,*,#2638,.T.);
#1557=ORIENTED_EDGE('',*,*,#2641,.T.);
#1558=ORIENTED_EDGE('',*,*,#2644,.T.);
#1559=ORIENTED_EDGE('',*,*,#2647,.T.);
#1560=ORIENTED_EDGE('',*,*,#2650,.T.);
#1561=ORIENTED_EDGE('',*,*,#2653,.T.);
#1562=ORIENTED_EDGE('',*,*,#2656,.T.);
#1563=ORIENTED_EDGE('',*,*,#2659,.T.);
#1564=ORIENTED_EDGE('',*,*,#2661,.T.);
#1565=ORIENTED_EDGE('',*,*,#2674,.F.);
#1566=ORIENTED_EDGE('',*,*,#2675,.F.);
#1567=ORIENTED_EDGE('',*,*,#2676,.F.);
#1568=ORIENTED_EDGE('',*,*,#2677,.T.);
#1569=ORIENTED_EDGE('',*,*,#2672,.F.);
#1570=ORIENTED_EDGE('',*,*,#2669,.F.);
#1571=ORIENTED_EDGE('',*,*,#2678,.T.);
#1572=ORIENTED_EDGE('',*,*,#2679,.T.);
#1573=ORIENTED_EDGE('',*,*,#2680,.T.);
#1574=ORIENTED_EDGE('',*,*,#2681,.T.);
#1575=ORIENTED_EDGE('',*,*,#2682,.T.);
#1576=ORIENTED_EDGE('',*,*,#2683,.T.);
#1577=ORIENTED_EDGE('',*,*,#2684,.T.);
#1578=ORIENTED_EDGE('',*,*,#2685,.T.);
#1579=ORIENTED_EDGE('',*,*,#2666,.F.);
#1580=ORIENTED_EDGE('',*,*,#2663,.F.);
#1581=ORIENTED_EDGE('',*,*,#2627,.F.);
#1582=ORIENTED_EDGE('',*,*,#2624,.F.);
#1583=ORIENTED_EDGE('',*,*,#2621,.F.);
#1584=ORIENTED_EDGE('',*,*,#2618,.F.);
#1585=ORIENTED_EDGE('',*,*,#2615,.F.);
#1586=ORIENTED_EDGE('',*,*,#2612,.F.);
#1587=ORIENTED_EDGE('',*,*,#2609,.F.);
#1588=ORIENTED_EDGE('',*,*,#2686,.T.);
#1589=ORIENTED_EDGE('',*,*,#2687,.T.);
#1590=ORIENTED_EDGE('',*,*,#2688,.T.);
#1591=ORIENTED_EDGE('',*,*,#2689,.T.);
#1592=ORIENTED_EDGE('',*,*,#2690,.T.);
#1593=ORIENTED_EDGE('',*,*,#2691,.T.);
#1594=ORIENTED_EDGE('',*,*,#2692,.T.);
#1595=ORIENTED_EDGE('',*,*,#2421,.T.);
#1596=ORIENTED_EDGE('',*,*,#2693,.F.);
#1597=ORIENTED_EDGE('',*,*,#2677,.F.);
#1598=ORIENTED_EDGE('',*,*,#2694,.F.);
#1599=ORIENTED_EDGE('',*,*,#2422,.T.);
#1600=ORIENTED_EDGE('',*,*,#2694,.T.);
#1601=ORIENTED_EDGE('',*,*,#2676,.T.);
#1602=ORIENTED_EDGE('',*,*,#2695,.T.);
#1603=ORIENTED_EDGE('',*,*,#2424,.T.);
#1604=ORIENTED_EDGE('',*,*,#2696,.F.);
#1605=ORIENTED_EDGE('',*,*,#2674,.T.);
#1606=ORIENTED_EDGE('',*,*,#2693,.T.);
#1607=ORIENTED_EDGE('',*,*,#2423,.T.);
#1608=ORIENTED_EDGE('',*,*,#2695,.F.);
#1609=ORIENTED_EDGE('',*,*,#2675,.T.);
#1610=ORIENTED_EDGE('',*,*,#2696,.T.);
#1611=ORIENTED_EDGE('',*,*,#2697,.F.);
#1612=ORIENTED_EDGE('',*,*,#2698,.F.);
#1613=ORIENTED_EDGE('',*,*,#2679,.F.);
#1614=ORIENTED_EDGE('',*,*,#2699,.F.);
#1615=ORIENTED_EDGE('',*,*,#2700,.F.);
#1616=ORIENTED_EDGE('',*,*,#2699,.T.);
#1617=ORIENTED_EDGE('',*,*,#2678,.F.);
#1618=ORIENTED_EDGE('',*,*,#2698,.T.);
#1619=ORIENTED_EDGE('',*,*,#2701,.F.);
#1620=ORIENTED_EDGE('',*,*,#2702,.F.);
#1621=ORIENTED_EDGE('',*,*,#2681,.F.);
#1622=ORIENTED_EDGE('',*,*,#2703,.F.);
#1623=ORIENTED_EDGE('',*,*,#2704,.F.);
#1624=ORIENTED_EDGE('',*,*,#2703,.T.);
#1625=ORIENTED_EDGE('',*,*,#2680,.F.);
#1626=ORIENTED_EDGE('',*,*,#2702,.T.);
#1627=ORIENTED_EDGE('',*,*,#2705,.F.);
#1628=ORIENTED_EDGE('',*,*,#2706,.F.);
#1629=ORIENTED_EDGE('',*,*,#2685,.F.);
#1630=ORIENTED_EDGE('',*,*,#2707,.T.);
#1631=ORIENTED_EDGE('',*,*,#2708,.F.);
#1632=ORIENTED_EDGE('',*,*,#2707,.F.);
#1633=ORIENTED_EDGE('',*,*,#2684,.F.);
#1634=ORIENTED_EDGE('',*,*,#2709,.T.);
#1635=ORIENTED_EDGE('',*,*,#2710,.F.);
#1636=ORIENTED_EDGE('',*,*,#2709,.F.);
#1637=ORIENTED_EDGE('',*,*,#2683,.F.);
#1638=ORIENTED_EDGE('',*,*,#2711,.T.);
#1639=ORIENTED_EDGE('',*,*,#2712,.F.);
#1640=ORIENTED_EDGE('',*,*,#2711,.F.);
#1641=ORIENTED_EDGE('',*,*,#2682,.F.);
#1642=ORIENTED_EDGE('',*,*,#2706,.T.);
#1643=ORIENTED_EDGE('',*,*,#2713,.F.);
#1644=ORIENTED_EDGE('',*,*,#2714,.F.);
#1645=ORIENTED_EDGE('',*,*,#2692,.F.);
#1646=ORIENTED_EDGE('',*,*,#2715,.T.);
#1647=ORIENTED_EDGE('',*,*,#2716,.F.);
#1648=ORIENTED_EDGE('',*,*,#2715,.F.);
#1649=ORIENTED_EDGE('',*,*,#2691,.F.);
#1650=ORIENTED_EDGE('',*,*,#2717,.T.);
#1651=ORIENTED_EDGE('',*,*,#2718,.F.);
#1652=ORIENTED_EDGE('',*,*,#2717,.F.);
#1653=ORIENTED_EDGE('',*,*,#2690,.F.);
#1654=ORIENTED_EDGE('',*,*,#2719,.T.);
#1655=ORIENTED_EDGE('',*,*,#2720,.F.);
#1656=ORIENTED_EDGE('',*,*,#2719,.F.);
#1657=ORIENTED_EDGE('',*,*,#2689,.F.);
#1658=ORIENTED_EDGE('',*,*,#2721,.T.);
#1659=ORIENTED_EDGE('',*,*,#2722,.F.);
#1660=ORIENTED_EDGE('',*,*,#2721,.F.);
#1661=ORIENTED_EDGE('',*,*,#2688,.F.);
#1662=ORIENTED_EDGE('',*,*,#2723,.T.);
#1663=ORIENTED_EDGE('',*,*,#2724,.F.);
#1664=ORIENTED_EDGE('',*,*,#2723,.F.);
#1665=ORIENTED_EDGE('',*,*,#2687,.F.);
#1666=ORIENTED_EDGE('',*,*,#2725,.T.);
#1667=ORIENTED_EDGE('',*,*,#2726,.F.);
#1668=ORIENTED_EDGE('',*,*,#2725,.F.);
#1669=ORIENTED_EDGE('',*,*,#2686,.F.);
#1670=ORIENTED_EDGE('',*,*,#2714,.T.);
#1671=ORIENTED_EDGE('',*,*,#2727,.F.);
#1672=ORIENTED_EDGE('',*,*,#2697,.T.);
#1673=ORIENTED_EDGE('',*,*,#2700,.T.);
#1674=ORIENTED_EDGE('',*,*,#2728,.F.);
#1675=ORIENTED_EDGE('',*,*,#2728,.T.);
#1676=ORIENTED_EDGE('',*,*,#2727,.T.);
#1677=ORIENTED_EDGE('',*,*,#2729,.T.);
#1678=ORIENTED_EDGE('',*,*,#2701,.T.);
#1679=ORIENTED_EDGE('',*,*,#2704,.T.);
#1680=ORIENTED_EDGE('',*,*,#2729,.F.);
#1681=ORIENTED_EDGE('',*,*,#2730,.F.);
#1682=ORIENTED_EDGE('',*,*,#2730,.T.);
#1683=ORIENTED_EDGE('',*,*,#2731,.F.);
#1684=ORIENTED_EDGE('',*,*,#2671,.F.);
#1685=ORIENTED_EDGE('',*,*,#2673,.F.);
#1686=ORIENTED_EDGE('',*,*,#2732,.F.);
#1687=ORIENTED_EDGE('',*,*,#2732,.T.);
#1688=ORIENTED_EDGE('',*,*,#2731,.T.);
#1689=ORIENTED_EDGE('',*,*,#2733,.T.);
#1690=ORIENTED_EDGE('',*,*,#2665,.F.);
#1691=ORIENTED_EDGE('',*,*,#2667,.F.);
#1692=ORIENTED_EDGE('',*,*,#2733,.F.);
#1693=ORIENTED_EDGE('',*,*,#2734,.F.);
#1694=ORIENTED_EDGE('',*,*,#2734,.T.);
#1695=ORIENTED_EDGE('',*,*,#2735,.F.);
#1696=ORIENTED_EDGE('',*,*,#2736,.F.);
#1697=ORIENTED_EDGE('',*,*,#2737,.F.);
#1698=ORIENTED_EDGE('',*,*,#2738,.T.);
#1699=ORIENTED_EDGE('',*,*,#2739,.F.);
#1700=ORIENTED_EDGE('',*,*,#2738,.F.);
#1701=ORIENTED_EDGE('',*,*,#2740,.F.);
#1702=ORIENTED_EDGE('',*,*,#2741,.T.);
#1703=ORIENTED_EDGE('',*,*,#2742,.F.);
#1704=ORIENTED_EDGE('',*,*,#2741,.F.);
#1705=ORIENTED_EDGE('',*,*,#2743,.F.);
#1706=ORIENTED_EDGE('',*,*,#2736,.T.);
#1707=ORIENTED_EDGE('',*,*,#2743,.T.);
#1708=ORIENTED_EDGE('',*,*,#2740,.T.);
#1709=ORIENTED_EDGE('',*,*,#2737,.T.);
#1710=ORIENTED_EDGE('',*,*,#2735,.T.);
#1711=ORIENTED_EDGE('',*,*,#2739,.T.);
#1712=ORIENTED_EDGE('',*,*,#2742,.T.);
#1713=ORIENTED_EDGE('',*,*,#2660,.T.);
#1714=ORIENTED_EDGE('',*,*,#2657,.T.);
#1715=ORIENTED_EDGE('',*,*,#2654,.T.);
#1716=ORIENTED_EDGE('',*,*,#2651,.T.);
#1717=ORIENTED_EDGE('',*,*,#2648,.T.);
#1718=ORIENTED_EDGE('',*,*,#2645,.T.);
#1719=ORIENTED_EDGE('',*,*,#2642,.T.);
#1720=ORIENTED_EDGE('',*,*,#2639,.T.);
#1721=ORIENTED_EDGE('',*,*,#2636,.T.);
#1722=ORIENTED_EDGE('',*,*,#2633,.T.);
#1723=ORIENTED_EDGE('',*,*,#2629,.T.);
#1724=ORIENTED_EDGE('',*,*,#2744,.F.);
#1725=ORIENTED_EDGE('',*,*,#2745,.F.);
#1726=ORIENTED_EDGE('',*,*,#2744,.T.);
#1727=ORIENTED_EDGE('',*,*,#2745,.T.);
#1728=ORIENTED_EDGE('',*,*,#2705,.T.);
#1729=ORIENTED_EDGE('',*,*,#2708,.T.);
#1730=ORIENTED_EDGE('',*,*,#2710,.T.);
#1731=ORIENTED_EDGE('',*,*,#2712,.T.);
#1732=ORIENTED_EDGE('',*,*,#2713,.T.);
#1733=ORIENTED_EDGE('',*,*,#2716,.T.);
#1734=ORIENTED_EDGE('',*,*,#2718,.T.);
#1735=ORIENTED_EDGE('',*,*,#2720,.T.);
#1736=ORIENTED_EDGE('',*,*,#2722,.T.);
#1737=ORIENTED_EDGE('',*,*,#2724,.T.);
#1738=ORIENTED_EDGE('',*,*,#2726,.T.);
#1739=ORIENTED_EDGE('',*,*,#2611,.F.);
#1740=ORIENTED_EDGE('',*,*,#2614,.F.);
#1741=ORIENTED_EDGE('',*,*,#2617,.F.);
#1742=ORIENTED_EDGE('',*,*,#2620,.F.);
#1743=ORIENTED_EDGE('',*,*,#2623,.F.);
#1744=ORIENTED_EDGE('',*,*,#2626,.F.);
#1745=ORIENTED_EDGE('',*,*,#2628,.F.);
#1746=ORIENTED_EDGE('',*,*,#2746,.F.);
#1747=ORIENTED_EDGE('',*,*,#2420,.T.);
#1748=ORIENTED_EDGE('',*,*,#2746,.T.);
#1749=ORIENTED_EDGE('',*,*,#2419,.F.);
#1750=ORIENTED_EDGE('',*,*,#2747,.T.);
#1751=ORIENTED_EDGE('',*,*,#2747,.F.);
#1752=ORIENTED_EDGE('',*,*,#2748,.T.);
#1753=ORIENTED_EDGE('',*,*,#2749,.T.);
#1754=ORIENTED_EDGE('',*,*,#2750,.F.);
#1755=ORIENTED_EDGE('',*,*,#2751,.T.);
#1756=ORIENTED_EDGE('',*,*,#2752,.F.);
#1757=ORIENTED_EDGE('',*,*,#2753,.T.);
#1758=ORIENTED_EDGE('',*,*,#2751,.F.);
#1759=ORIENTED_EDGE('',*,*,#2754,.F.);
#1760=ORIENTED_EDGE('',*,*,#2755,.T.);
#1761=ORIENTED_EDGE('',*,*,#2752,.T.);
#1762=ORIENTED_EDGE('',*,*,#2756,.F.);
#1763=ORIENTED_EDGE('',*,*,#2757,.F.);
#1764=ORIENTED_EDGE('',*,*,#2758,.F.);
#1765=ORIENTED_EDGE('',*,*,#2759,.T.);
#1766=ORIENTED_EDGE('',*,*,#2760,.F.);
#1767=ORIENTED_EDGE('',*,*,#2757,.T.);
#1768=ORIENTED_EDGE('',*,*,#2761,.F.);
#1769=ORIENTED_EDGE('',*,*,#2759,.F.);
#1770=ORIENTED_EDGE('',*,*,#2762,.F.);
#1771=ORIENTED_EDGE('',*,*,#2763,.F.);
#1772=ORIENTED_EDGE('',*,*,#2764,.T.);
#1773=ORIENTED_EDGE('',*,*,#2763,.T.);
#1774=ORIENTED_EDGE('',*,*,#2765,.F.);
#1775=ORIENTED_EDGE('',*,*,#2766,.T.);
#1776=ORIENTED_EDGE('',*,*,#2767,.F.);
#1777=ORIENTED_EDGE('',*,*,#2768,.T.);
#1778=ORIENTED_EDGE('',*,*,#2766,.F.);
#1779=ORIENTED_EDGE('',*,*,#2769,.F.);
#1780=ORIENTED_EDGE('',*,*,#2770,.T.);
#1781=ORIENTED_EDGE('',*,*,#2767,.T.);
#1782=ORIENTED_EDGE('',*,*,#2771,.T.);
#1783=ORIENTED_EDGE('',*,*,#2772,.F.);
#1784=ORIENTED_EDGE('',*,*,#2773,.F.);
#1785=ORIENTED_EDGE('',*,*,#2774,.T.);
#1786=ORIENTED_EDGE('',*,*,#2775,.F.);
#1787=ORIENTED_EDGE('',*,*,#2772,.T.);
#1788=ORIENTED_EDGE('',*,*,#2776,.F.);
#1789=ORIENTED_EDGE('',*,*,#2774,.F.);
#1790=ORIENTED_EDGE('',*,*,#2777,.F.);
#1791=ORIENTED_EDGE('',*,*,#2778,.F.);
#1792=ORIENTED_EDGE('',*,*,#2779,.T.);
#1793=ORIENTED_EDGE('',*,*,#2778,.T.);
#1794=ORIENTED_EDGE('',*,*,#2780,.F.);
#1795=ORIENTED_EDGE('',*,*,#2781,.T.);
#1796=ORIENTED_EDGE('',*,*,#2782,.T.);
#1797=ORIENTED_EDGE('',*,*,#2783,.T.);
#1798=ORIENTED_EDGE('',*,*,#2748,.F.);
#1799=ORIENTED_EDGE('',*,*,#2753,.F.);
#1800=ORIENTED_EDGE('',*,*,#2755,.F.);
#1801=ORIENTED_EDGE('',*,*,#2760,.T.);
#1802=ORIENTED_EDGE('',*,*,#2761,.T.);
#1803=ORIENTED_EDGE('',*,*,#2764,.F.);
#1804=ORIENTED_EDGE('',*,*,#2768,.F.);
#1805=ORIENTED_EDGE('',*,*,#2770,.F.);
#1806=ORIENTED_EDGE('',*,*,#2775,.T.);
#1807=ORIENTED_EDGE('',*,*,#2776,.T.);
#1808=ORIENTED_EDGE('',*,*,#2779,.F.);
#1809=ORIENTED_EDGE('',*,*,#2784,.T.);
#1810=ORIENTED_EDGE('',*,*,#2785,.F.);
#1811=ORIENTED_EDGE('',*,*,#2786,.T.);
#1812=ORIENTED_EDGE('',*,*,#2787,.F.);
#1813=ORIENTED_EDGE('',*,*,#2788,.T.);
#1814=ORIENTED_EDGE('',*,*,#2782,.F.);
#1815=ORIENTED_EDGE('',*,*,#2789,.T.);
#1816=ORIENTED_EDGE('',*,*,#2750,.T.);
#1817=ORIENTED_EDGE('',*,*,#2790,.T.);
#1818=ORIENTED_EDGE('',*,*,#2787,.T.);
#1819=ORIENTED_EDGE('',*,*,#2791,.T.);
#1820=ORIENTED_EDGE('',*,*,#2792,.T.);
#1821=ORIENTED_EDGE('',*,*,#2793,.T.);
#1822=ORIENTED_EDGE('',*,*,#2780,.T.);
#1823=ORIENTED_EDGE('',*,*,#2777,.T.);
#1824=ORIENTED_EDGE('',*,*,#2773,.T.);
#1825=ORIENTED_EDGE('',*,*,#2771,.F.);
#1826=ORIENTED_EDGE('',*,*,#2769,.T.);
#1827=ORIENTED_EDGE('',*,*,#2765,.T.);
#1828=ORIENTED_EDGE('',*,*,#2762,.T.);
#1829=ORIENTED_EDGE('',*,*,#2758,.T.);
#1830=ORIENTED_EDGE('',*,*,#2756,.T.);
#1831=ORIENTED_EDGE('',*,*,#2754,.T.);
#1832=ORIENTED_EDGE('',*,*,#2785,.T.);
#1833=ORIENTED_EDGE('',*,*,#2794,.T.);
#1834=ORIENTED_EDGE('',*,*,#2795,.F.);
#1835=ORIENTED_EDGE('',*,*,#2796,.F.);
#1836=ORIENTED_EDGE('',*,*,#2797,.F.);
#1837=ORIENTED_EDGE('',*,*,#2798,.F.);
#1838=ORIENTED_EDGE('',*,*,#2784,.F.);
#1839=ORIENTED_EDGE('',*,*,#2781,.F.);
#1840=ORIENTED_EDGE('',*,*,#2793,.F.);
#1841=ORIENTED_EDGE('',*,*,#2799,.F.);
#1842=ORIENTED_EDGE('',*,*,#2797,.T.);
#1843=ORIENTED_EDGE('',*,*,#2800,.F.);
#1844=ORIENTED_EDGE('',*,*,#2801,.T.);
#1845=ORIENTED_EDGE('',*,*,#2802,.F.);
#1846=ORIENTED_EDGE('',*,*,#2803,.T.);
#1847=ORIENTED_EDGE('',*,*,#2804,.F.);
#1848=ORIENTED_EDGE('',*,*,#2805,.T.);
#1849=ORIENTED_EDGE('',*,*,#2806,.F.);
#1850=ORIENTED_EDGE('',*,*,#2541,.F.);
#1851=ORIENTED_EDGE('',*,*,#2807,.F.);
#1852=ORIENTED_EDGE('',*,*,#2808,.T.);
#1853=ORIENTED_EDGE('',*,*,#2791,.F.);
#1854=ORIENTED_EDGE('',*,*,#2789,.F.);
#1855=ORIENTED_EDGE('',*,*,#2786,.F.);
#1856=ORIENTED_EDGE('',*,*,#2795,.T.);
#1857=ORIENTED_EDGE('',*,*,#2808,.F.);
#1858=ORIENTED_EDGE('',*,*,#2809,.F.);
#1859=ORIENTED_EDGE('',*,*,#2792,.F.);
#1860=ORIENTED_EDGE('',*,*,#2810,.F.);
#1861=ORIENTED_EDGE('',*,*,#2805,.F.);
#1862=ORIENTED_EDGE('',*,*,#2811,.T.);
#1863=ORIENTED_EDGE('',*,*,#2414,.F.);
#1864=ORIENTED_EDGE('',*,*,#2418,.F.);
#1865=ORIENTED_EDGE('',*,*,#2812,.F.);
#1866=ORIENTED_EDGE('',*,*,#2801,.F.);
#1867=ORIENTED_EDGE('',*,*,#2813,.F.);
#1868=ORIENTED_EDGE('',*,*,#2814,.T.);
#1869=ORIENTED_EDGE('',*,*,#2802,.T.);
#1870=ORIENTED_EDGE('',*,*,#2812,.T.);
#1871=ORIENTED_EDGE('',*,*,#2417,.F.);
#1872=ORIENTED_EDGE('',*,*,#2815,.F.);
#1873=ORIENTED_EDGE('',*,*,#2803,.F.);
#1874=ORIENTED_EDGE('',*,*,#2814,.F.);
#1875=ORIENTED_EDGE('',*,*,#2416,.F.);
#1876=ORIENTED_EDGE('',*,*,#2415,.F.);
#1877=ORIENTED_EDGE('',*,*,#2811,.F.);
#1878=ORIENTED_EDGE('',*,*,#2804,.T.);
#1879=ORIENTED_EDGE('',*,*,#2815,.T.);
#1880=ORIENTED_EDGE('',*,*,#2794,.F.);
#1881=ORIENTED_EDGE('',*,*,#2798,.T.);
#1882=ORIENTED_EDGE('',*,*,#2799,.T.);
#1883=ORIENTED_EDGE('',*,*,#2810,.T.);
#1884=ORIENTED_EDGE('',*,*,#2413,.F.);
#1885=ORIENTED_EDGE('',*,*,#2542,.F.);
#1886=ORIENTED_EDGE('',*,*,#2806,.T.);
#1887=ORIENTED_EDGE('',*,*,#2809,.T.);
#1888=ORIENTED_EDGE('',*,*,#2807,.T.);
#1889=ORIENTED_EDGE('',*,*,#2540,.T.);
#1890=ORIENTED_EDGE('',*,*,#2409,.T.);
#1891=ORIENTED_EDGE('',*,*,#2813,.T.);
#1892=ORIENTED_EDGE('',*,*,#2800,.T.);
#1893=ORIENTED_EDGE('',*,*,#2796,.T.);
#1894=ORIENTED_EDGE('',*,*,#2783,.F.);
#1895=ORIENTED_EDGE('',*,*,#2788,.F.);
#1896=ORIENTED_EDGE('',*,*,#2790,.F.);
#1897=ORIENTED_EDGE('',*,*,#2749,.F.);
#1898=ORIENTED_EDGE('',*,*,#2816,.T.);
#1899=ORIENTED_EDGE('',*,*,#2817,.T.);
#1900=ORIENTED_EDGE('',*,*,#2818,.T.);
#1901=ORIENTED_EDGE('',*,*,#2819,.T.);
#1902=ORIENTED_EDGE('',*,*,#2820,.F.);
#1903=ORIENTED_EDGE('',*,*,#2821,.F.);
#1904=ORIENTED_EDGE('',*,*,#2822,.T.);
#1905=ORIENTED_EDGE('',*,*,#2817,.F.);
#1906=ORIENTED_EDGE('',*,*,#2823,.T.);
#1907=ORIENTED_EDGE('',*,*,#2824,.T.);
#1908=ORIENTED_EDGE('',*,*,#2821,.T.);
#1909=ORIENTED_EDGE('',*,*,#2825,.F.);
#1910=ORIENTED_EDGE('',*,*,#2826,.F.);
#1911=ORIENTED_EDGE('',*,*,#2827,.T.);
#1912=ORIENTED_EDGE('',*,*,#2828,.T.);
#1913=ORIENTED_EDGE('',*,*,#2823,.F.);
#1914=ORIENTED_EDGE('',*,*,#2829,.T.);
#1915=ORIENTED_EDGE('',*,*,#2827,.F.);
#1916=ORIENTED_EDGE('',*,*,#2830,.T.);
#1917=ORIENTED_EDGE('',*,*,#2831,.F.);
#1918=ORIENTED_EDGE('',*,*,#2832,.T.);
#1919=ORIENTED_EDGE('',*,*,#2833,.T.);
#1920=ORIENTED_EDGE('',*,*,#2834,.T.);
#1921=ORIENTED_EDGE('',*,*,#2831,.T.);
#1922=ORIENTED_EDGE('',*,*,#2835,.F.);
#1923=ORIENTED_EDGE('',*,*,#2836,.F.);
#1924=ORIENTED_EDGE('',*,*,#2837,.T.);
#1925=ORIENTED_EDGE('',*,*,#2833,.F.);
#1926=ORIENTED_EDGE('',*,*,#2838,.T.);
#1927=ORIENTED_EDGE('',*,*,#2839,.T.);
#1928=ORIENTED_EDGE('',*,*,#2836,.T.);
#1929=ORIENTED_EDGE('',*,*,#2840,.F.);
#1930=ORIENTED_EDGE('',*,*,#2841,.F.);
#1931=ORIENTED_EDGE('',*,*,#2842,.T.);
#1932=ORIENTED_EDGE('',*,*,#2843,.F.);
#1933=ORIENTED_EDGE('',*,*,#2838,.F.);
#1934=ORIENTED_EDGE('',*,*,#2844,.T.);
#1935=ORIENTED_EDGE('',*,*,#2842,.F.);
#1936=ORIENTED_EDGE('',*,*,#2845,.T.);
#1937=ORIENTED_EDGE('',*,*,#2846,.F.);
#1938=ORIENTED_EDGE('',*,*,#2847,.T.);
#1939=ORIENTED_EDGE('',*,*,#2848,.T.);
#1940=ORIENTED_EDGE('',*,*,#2849,.T.);
#1941=ORIENTED_EDGE('',*,*,#2846,.T.);
#1942=ORIENTED_EDGE('',*,*,#2850,.F.);
#1943=ORIENTED_EDGE('',*,*,#2851,.F.);
#1944=ORIENTED_EDGE('',*,*,#2852,.T.);
#1945=ORIENTED_EDGE('',*,*,#2848,.F.);
#1946=ORIENTED_EDGE('',*,*,#2853,.F.);
#1947=ORIENTED_EDGE('',*,*,#2854,.F.);
#1948=ORIENTED_EDGE('',*,*,#2818,.F.);
#1949=ORIENTED_EDGE('',*,*,#2822,.F.);
#1950=ORIENTED_EDGE('',*,*,#2824,.F.);
#1951=ORIENTED_EDGE('',*,*,#2828,.F.);
#1952=ORIENTED_EDGE('',*,*,#2829,.F.);
#1953=ORIENTED_EDGE('',*,*,#2834,.F.);
#1954=ORIENTED_EDGE('',*,*,#2837,.F.);
#1955=ORIENTED_EDGE('',*,*,#2839,.F.);
#1956=ORIENTED_EDGE('',*,*,#2843,.T.);
#1957=ORIENTED_EDGE('',*,*,#2844,.F.);
#1958=ORIENTED_EDGE('',*,*,#2849,.F.);
#1959=ORIENTED_EDGE('',*,*,#2852,.F.);
#1960=ORIENTED_EDGE('',*,*,#2855,.F.);
#1961=ORIENTED_EDGE('',*,*,#2856,.T.);
#1962=ORIENTED_EDGE('',*,*,#2854,.T.);
#1963=ORIENTED_EDGE('',*,*,#2857,.F.);
#1964=ORIENTED_EDGE('',*,*,#2858,.T.);
#1965=ORIENTED_EDGE('',*,*,#2819,.F.);
#1966=ORIENTED_EDGE('',*,*,#2859,.F.);
#1967=ORIENTED_EDGE('',*,*,#2850,.T.);
#1968=ORIENTED_EDGE('',*,*,#2847,.F.);
#1969=ORIENTED_EDGE('',*,*,#2845,.F.);
#1970=ORIENTED_EDGE('',*,*,#2841,.T.);
#1971=ORIENTED_EDGE('',*,*,#2840,.T.);
#1972=ORIENTED_EDGE('',*,*,#2835,.T.);
#1973=ORIENTED_EDGE('',*,*,#2832,.F.);
#1974=ORIENTED_EDGE('',*,*,#2830,.F.);
#1975=ORIENTED_EDGE('',*,*,#2826,.T.);
#1976=ORIENTED_EDGE('',*,*,#2825,.T.);
#1977=ORIENTED_EDGE('',*,*,#2820,.T.);
#1978=ORIENTED_EDGE('',*,*,#2816,.F.);
#1979=ORIENTED_EDGE('',*,*,#2858,.F.);
#1980=ORIENTED_EDGE('',*,*,#2860,.F.);
#1981=ORIENTED_EDGE('',*,*,#2861,.F.);
#1982=ORIENTED_EDGE('',*,*,#2862,.F.);
#1983=ORIENTED_EDGE('',*,*,#2863,.T.);
#1984=ORIENTED_EDGE('',*,*,#2856,.F.);
#1985=ORIENTED_EDGE('',*,*,#2864,.T.);
#1986=ORIENTED_EDGE('',*,*,#2865,.T.);
#1987=ORIENTED_EDGE('',*,*,#2866,.T.);
#1988=ORIENTED_EDGE('',*,*,#2855,.T.);
#1989=ORIENTED_EDGE('',*,*,#2851,.T.);
#1990=ORIENTED_EDGE('',*,*,#2859,.T.);
#1991=ORIENTED_EDGE('',*,*,#2867,.T.);
#1992=ORIENTED_EDGE('',*,*,#2868,.F.);
#1993=ORIENTED_EDGE('',*,*,#2869,.T.);
#1994=ORIENTED_EDGE('',*,*,#2870,.F.);
#1995=ORIENTED_EDGE('',*,*,#2871,.T.);
#1996=ORIENTED_EDGE('',*,*,#2872,.F.);
#1997=ORIENTED_EDGE('',*,*,#2873,.T.);
#1998=ORIENTED_EDGE('',*,*,#2865,.F.);
#1999=ORIENTED_EDGE('',*,*,#2861,.T.);
#2000=ORIENTED_EDGE('',*,*,#2874,.T.);
#2001=ORIENTED_EDGE('',*,*,#2875,.T.);
#2002=ORIENTED_EDGE('',*,*,#2876,.T.);
#2003=ORIENTED_EDGE('',*,*,#2399,.F.);
#2004=ORIENTED_EDGE('',*,*,#2877,.T.);
#2005=ORIENTED_EDGE('',*,*,#2874,.F.);
#2006=ORIENTED_EDGE('',*,*,#2860,.T.);
#2007=ORIENTED_EDGE('',*,*,#2857,.T.);
#2008=ORIENTED_EDGE('',*,*,#2853,.T.);
#2009=ORIENTED_EDGE('',*,*,#2863,.F.);
#2010=ORIENTED_EDGE('',*,*,#2878,.F.);
#2011=ORIENTED_EDGE('',*,*,#2405,.T.);
#2012=ORIENTED_EDGE('',*,*,#2879,.F.);
#2013=ORIENTED_EDGE('',*,*,#2871,.F.);
#2014=ORIENTED_EDGE('',*,*,#2879,.T.);
#2015=ORIENTED_EDGE('',*,*,#2404,.T.);
#2016=ORIENTED_EDGE('',*,*,#2880,.T.);
#2017=ORIENTED_EDGE('',*,*,#2872,.T.);
#2018=ORIENTED_EDGE('',*,*,#2881,.T.);
#2019=ORIENTED_EDGE('',*,*,#2408,.T.);
#2020=ORIENTED_EDGE('',*,*,#2882,.F.);
#2021=ORIENTED_EDGE('',*,*,#2868,.T.);
#2022=ORIENTED_EDGE('',*,*,#2407,.T.);
#2023=ORIENTED_EDGE('',*,*,#2883,.F.);
#2024=ORIENTED_EDGE('',*,*,#2869,.F.);
#2025=ORIENTED_EDGE('',*,*,#2882,.T.);
#2026=ORIENTED_EDGE('',*,*,#2883,.T.);
#2027=ORIENTED_EDGE('',*,*,#2406,.T.);
#2028=ORIENTED_EDGE('',*,*,#2878,.T.);
#2029=ORIENTED_EDGE('',*,*,#2870,.T.);
#2030=ORIENTED_EDGE('',*,*,#2862,.T.);
#2031=ORIENTED_EDGE('',*,*,#2866,.F.);
#2032=ORIENTED_EDGE('',*,*,#2873,.F.);
#2033=ORIENTED_EDGE('',*,*,#2880,.F.);
#2034=ORIENTED_EDGE('',*,*,#2403,.F.);
#2035=ORIENTED_EDGE('',*,*,#2400,.F.);
#2036=ORIENTED_EDGE('',*,*,#2876,.F.);
#2037=ORIENTED_EDGE('',*,*,#2875,.F.);
#2038=ORIENTED_EDGE('',*,*,#2877,.F.);
#2039=ORIENTED_EDGE('',*,*,#2398,.T.);
#2040=ORIENTED_EDGE('',*,*,#2401,.T.);
#2041=ORIENTED_EDGE('',*,*,#2881,.F.);
#2042=ORIENTED_EDGE('',*,*,#2867,.F.);
#2043=ORIENTED_EDGE('',*,*,#2864,.F.);
#2044=VERTEX_POINT('',#4776);
#2045=VERTEX_POINT('',#4777);
#2046=VERTEX_POINT('',#4782);
#2047=VERTEX_POINT('',#4784);
#2048=VERTEX_POINT('',#4786);
#2049=VERTEX_POINT('',#4788);
#2050=VERTEX_POINT('',#4790);
#2051=VERTEX_POINT('',#4792);
#2052=VERTEX_POINT('',#4794);
#2053=VERTEX_POINT('',#4796);
#2054=VERTEX_POINT('',#4798);
#2055=VERTEX_POINT('',#4800);
#2056=VERTEX_POINT('',#4802);
#2057=VERTEX_POINT('',#4804);
#2058=VERTEX_POINT('',#4806);
#2059=VERTEX_POINT('',#4808);
#2060=VERTEX_POINT('',#4813);
#2061=VERTEX_POINT('',#4815);
#2062=VERTEX_POINT('',#4817);
#2063=VERTEX_POINT('',#4819);
#2064=VERTEX_POINT('',#4823);
#2065=VERTEX_POINT('',#4826);
#2066=VERTEX_POINT('',#4828);
#2067=VERTEX_POINT('',#4830);
#2068=VERTEX_POINT('',#4832);
#2069=VERTEX_POINT('',#4834);
#2070=VERTEX_POINT('',#4838);
#2071=VERTEX_POINT('',#4839);
#2072=VERTEX_POINT('',#4841);
#2073=VERTEX_POINT('',#4843);
#2074=VERTEX_POINT('',#4845);
#2075=VERTEX_POINT('',#4847);
#2076=VERTEX_POINT('',#4849);
#2077=VERTEX_POINT('',#4851);
#2078=VERTEX_POINT('',#4853);
#2079=VERTEX_POINT('',#4855);
#2080=VERTEX_POINT('',#4859);
#2081=VERTEX_POINT('',#4861);
#2082=VERTEX_POINT('',#4863);
#2083=VERTEX_POINT('',#4864);
#2084=VERTEX_POINT('',#4866);
#2085=VERTEX_POINT('',#4868);
#2086=VERTEX_POINT('',#4871);
#2087=VERTEX_POINT('',#4872);
#2088=VERTEX_POINT('',#4876);
#2089=VERTEX_POINT('',#4877);
#2090=VERTEX_POINT('',#4879);
#2091=VERTEX_POINT('',#4881);
#2092=VERTEX_POINT('',#4884);
#2093=VERTEX_POINT('',#4885);
#2094=VERTEX_POINT('',#4888);
#2095=VERTEX_POINT('',#4889);
#2096=VERTEX_POINT('',#4892);
#2097=VERTEX_POINT('',#4893);
#2098=VERTEX_POINT('',#4896);
#2099=VERTEX_POINT('',#4897);
#2100=VERTEX_POINT('',#4901);
#2101=VERTEX_POINT('',#4903);
#2102=VERTEX_POINT('',#4905);
#2103=VERTEX_POINT('',#4907);
#2104=VERTEX_POINT('',#4909);
#2105=VERTEX_POINT('',#4912);
#2106=VERTEX_POINT('',#4915);
#2107=VERTEX_POINT('',#4916);
#2108=VERTEX_POINT('',#4918);
#2109=VERTEX_POINT('',#4920);
#2110=VERTEX_POINT('',#4922);
#2111=VERTEX_POINT('',#4924);
#2112=VERTEX_POINT('',#4932);
#2113=VERTEX_POINT('',#4933);
#2114=VERTEX_POINT('',#4935);
#2115=VERTEX_POINT('',#4937);
#2116=VERTEX_POINT('',#4940);
#2117=VERTEX_POINT('',#4941);
#2118=VERTEX_POINT('',#4943);
#2119=VERTEX_POINT('',#4945);
#2120=VERTEX_POINT('',#4948);
#2121=VERTEX_POINT('',#4949);
#2122=VERTEX_POINT('',#4951);
#2123=VERTEX_POINT('',#4953);
#2124=VERTEX_POINT('',#4956);
#2125=VERTEX_POINT('',#4957);
#2126=VERTEX_POINT('',#4959);
#2127=VERTEX_POINT('',#4961);
#2128=VERTEX_POINT('',#4965);
#2129=VERTEX_POINT('',#4967);
#2130=VERTEX_POINT('',#4971);
#2131=VERTEX_POINT('',#4972);
#2132=VERTEX_POINT('',#4977);
#2133=VERTEX_POINT('',#4979);
#2134=VERTEX_POINT('',#4987);
#2135=VERTEX_POINT('',#4989);
#2136=VERTEX_POINT('',#4991);
#2137=VERTEX_POINT('',#4993);
#2138=VERTEX_POINT('',#4995);
#2139=VERTEX_POINT('',#4997);
#2140=VERTEX_POINT('',#5000);
#2141=VERTEX_POINT('',#5002);
#2142=VERTEX_POINT('',#5007);
#2143=VERTEX_POINT('',#5008);
#2144=VERTEX_POINT('',#5010);
#2145=VERTEX_POINT('',#5012);
#2146=VERTEX_POINT('',#5015);
#2147=VERTEX_POINT('',#5016);
#2148=VERTEX_POINT('',#5018);
#2149=VERTEX_POINT('',#5020);
#2150=VERTEX_POINT('',#5024);
#2151=VERTEX_POINT('',#5025);
#2152=VERTEX_POINT('',#5027);
#2153=VERTEX_POINT('',#5029);
#2154=VERTEX_POINT('',#5031);
#2155=VERTEX_POINT('',#5033);
#2156=VERTEX_POINT('',#5036);
#2157=VERTEX_POINT('',#5038);
#2158=VERTEX_POINT('',#5040);
#2159=VERTEX_POINT('',#5042);
#2160=VERTEX_POINT('',#5044);
#2161=VERTEX_POINT('',#5046);
#2162=VERTEX_POINT('',#5048);
#2163=VERTEX_POINT('',#5051);
#2164=VERTEX_POINT('',#5055);
#2165=VERTEX_POINT('',#5056);
#2166=VERTEX_POINT('',#5060);
#2167=VERTEX_POINT('',#5062);
#2168=VERTEX_POINT('',#5077);
#2169=VERTEX_POINT('',#5078);
#2170=VERTEX_POINT('',#5082);
#2171=VERTEX_POINT('',#5084);
#2172=VERTEX_POINT('',#5086);
#2173=VERTEX_POINT('',#5088);
#2174=VERTEX_POINT('',#5093);
#2175=VERTEX_POINT('',#5095);
#2176=VERTEX_POINT('',#5124);
#2177=VERTEX_POINT('',#5126);
#2178=VERTEX_POINT('',#5128);
#2179=VERTEX_POINT('',#5132);
#2180=VERTEX_POINT('',#5133);
#2181=VERTEX_POINT('',#5135);
#2182=VERTEX_POINT('',#5139);
#2183=VERTEX_POINT('',#5140);
#2184=VERTEX_POINT('',#5145);
#2185=VERTEX_POINT('',#5153);
#2186=VERTEX_POINT('',#5155);
#2187=VERTEX_POINT('',#5159);
#2188=VERTEX_POINT('',#5161);
#2189=VERTEX_POINT('',#5165);
#2190=VERTEX_POINT('',#5177);
#2191=VERTEX_POINT('',#5178);
#2192=VERTEX_POINT('',#5182);
#2193=VERTEX_POINT('',#5184);
#2194=VERTEX_POINT('',#5197);
#2195=VERTEX_POINT('',#5215);
#2196=VERTEX_POINT('',#5216);
#2197=VERTEX_POINT('',#5218);
#2198=VERTEX_POINT('',#5222);
#2199=VERTEX_POINT('',#5223);
#2200=VERTEX_POINT('',#5228);
#2201=VERTEX_POINT('',#5242);
#2202=VERTEX_POINT('',#5243);
#2203=VERTEX_POINT('',#5245);
#2204=VERTEX_POINT('',#5247);
#2205=VERTEX_POINT('',#5251);
#2206=VERTEX_POINT('',#5253);
#2207=VERTEX_POINT('',#5257);
#2208=VERTEX_POINT('',#5259);
#2209=VERTEX_POINT('',#5263);
#2210=VERTEX_POINT('',#5265);
#2211=VERTEX_POINT('',#5274);
#2212=VERTEX_POINT('',#5276);
#2213=VERTEX_POINT('',#5297);
#2214=VERTEX_POINT('',#5299);
#2215=VERTEX_POINT('',#5325);
#2216=VERTEX_POINT('',#5326);
#2217=VERTEX_POINT('',#5328);
#2218=VERTEX_POINT('',#5330);
#2219=VERTEX_POINT('',#5334);
#2220=VERTEX_POINT('',#5336);
#2221=VERTEX_POINT('',#5340);
#2222=VERTEX_POINT('',#5342);
#2223=VERTEX_POINT('',#5346);
#2224=VERTEX_POINT('',#5348);
#2225=VERTEX_POINT('',#5352);
#2226=VERTEX_POINT('',#5354);
#2227=VERTEX_POINT('',#5358);
#2228=VERTEX_POINT('',#5360);
#2229=VERTEX_POINT('',#5364);
#2230=VERTEX_POINT('',#5366);
#2231=VERTEX_POINT('',#5370);
#2232=VERTEX_POINT('',#5372);
#2233=VERTEX_POINT('',#5388);
#2234=VERTEX_POINT('',#5390);
#2235=VERTEX_POINT('',#5404);
#2236=VERTEX_POINT('',#5406);
#2237=VERTEX_POINT('',#5413);
#2238=VERTEX_POINT('',#5414);
#2239=VERTEX_POINT('',#5425);
#2240=VERTEX_POINT('',#5427);
#2241=VERTEX_POINT('',#5523);
#2242=VERTEX_POINT('',#5524);
#2243=VERTEX_POINT('',#5535);
#2244=VERTEX_POINT('',#5537);
#2245=VERTEX_POINT('',#5633);
#2246=VERTEX_POINT('',#5634);
#2247=VERTEX_POINT('',#5636);
#2248=VERTEX_POINT('',#5638);
#2249=VERTEX_POINT('',#5648);
#2250=VERTEX_POINT('',#5649);
#2251=VERTEX_POINT('',#5668);
#2252=VERTEX_POINT('',#5669);
#2253=VERTEX_POINT('',#5686);
#2254=VERTEX_POINT('',#5687);
#2255=VERTEX_POINT('',#5710);
#2256=VERTEX_POINT('',#5712);
#2257=VERTEX_POINT('',#5725);
#2258=VERTEX_POINT('',#5726);
#2259=VERTEX_POINT('',#5728);
#2260=VERTEX_POINT('',#5749);
#2261=VERTEX_POINT('',#5751);
#2262=VERTEX_POINT('',#5753);
#2263=VERTEX_POINT('',#5755);
#2264=VERTEX_POINT('',#5815);
#2265=VERTEX_POINT('',#5816);
#2266=VERTEX_POINT('',#5902);
#2267=VERTEX_POINT('',#5903);
#2268=VERTEX_POINT('',#5968);
#2269=VERTEX_POINT('',#5969);
#2270=VERTEX_POINT('',#5977);
#2271=VERTEX_POINT('',#6059);
#2272=VERTEX_POINT('',#6130);
#2273=VERTEX_POINT('',#6131);
#2274=VERTEX_POINT('',#6151);
#2275=VERTEX_POINT('',#6155);
#2276=VERTEX_POINT('',#6159);
#2277=VERTEX_POINT('',#6202);
#2278=VERTEX_POINT('',#6225);
#2279=VERTEX_POINT('',#6319);
#2280=VERTEX_POINT('',#6331);
#2281=VERTEX_POINT('',#6410);
#2282=VERTEX_POINT('',#6422);
#2283=VERTEX_POINT('',#6498);
#2284=VERTEX_POINT('',#6510);
#2285=VERTEX_POINT('',#6589);
#2286=VERTEX_POINT('',#6601);
#2287=VERTEX_POINT('',#6614);
#2288=VERTEX_POINT('',#6615);
#2289=VERTEX_POINT('',#6617);
#2290=VERTEX_POINT('',#6619);
#2291=VERTEX_POINT('',#6635);
#2292=VERTEX_POINT('',#6642);
#2293=VERTEX_POINT('',#6673);
#2294=VERTEX_POINT('',#6735);
#2295=VERTEX_POINT('',#6759);
#2296=VERTEX_POINT('',#6763);
#2297=VERTEX_POINT('',#6767);
#2298=VERTEX_POINT('',#6768);
#2299=VERTEX_POINT('',#6770);
#2300=VERTEX_POINT('',#6772);
#2301=VERTEX_POINT('',#6776);
#2302=VERTEX_POINT('',#6777);
#2303=VERTEX_POINT('',#6782);
#2304=VERTEX_POINT('',#6784);
#2305=VERTEX_POINT('',#6788);
#2306=VERTEX_POINT('',#6790);
#2307=VERTEX_POINT('',#6794);
#2308=VERTEX_POINT('',#6796);
#2309=VERTEX_POINT('',#6800);
#2310=VERTEX_POINT('',#6802);
#2311=VERTEX_POINT('',#6806);
#2312=VERTEX_POINT('',#6807);
#2313=VERTEX_POINT('',#6812);
#2314=VERTEX_POINT('',#6814);
#2315=VERTEX_POINT('',#6818);
#2316=VERTEX_POINT('',#6820);
#2317=VERTEX_POINT('',#6824);
#2318=VERTEX_POINT('',#6826);
#2319=VERTEX_POINT('',#6830);
#2320=VERTEX_POINT('',#6832);
#2321=VERTEX_POINT('',#6836);
#2322=VERTEX_POINT('',#6837);
#2323=VERTEX_POINT('',#6858);
#2324=VERTEX_POINT('',#6860);
#2325=VERTEX_POINT('',#6934);
#2326=VERTEX_POINT('',#6935);
#2327=VERTEX_POINT('',#6965);
#2328=VERTEX_POINT('',#6967);
#2329=VERTEX_POINT('',#7013);
#2330=VERTEX_POINT('',#7017);
#2331=VERTEX_POINT('',#7019);
#2332=VERTEX_POINT('',#7023);
#2333=VERTEX_POINT('',#7025);
#2334=VERTEX_POINT('',#7027);
#2335=VERTEX_POINT('',#7029);
#2336=VERTEX_POINT('',#7031);
#2337=VERTEX_POINT('',#7033);
#2338=VERTEX_POINT('',#7038);
#2339=VERTEX_POINT('',#7058);
#2340=VERTEX_POINT('',#7059);
#2341=VERTEX_POINT('',#7061);
#2342=VERTEX_POINT('',#7063);
#2343=VERTEX_POINT('',#7067);
#2344=VERTEX_POINT('',#7069);
#2345=VERTEX_POINT('',#7073);
#2346=VERTEX_POINT('',#7074);
#2347=VERTEX_POINT('',#7079);
#2348=VERTEX_POINT('',#7081);
#2349=VERTEX_POINT('',#7085);
#2350=VERTEX_POINT('',#7087);
#2351=VERTEX_POINT('',#7091);
#2352=VERTEX_POINT('',#7093);
#2353=VERTEX_POINT('',#7097);
#2354=VERTEX_POINT('',#7099);
#2355=VERTEX_POINT('',#7103);
#2356=VERTEX_POINT('',#7104);
#2357=VERTEX_POINT('',#7109);
#2358=VERTEX_POINT('',#7111);
#2359=VERTEX_POINT('',#7115);
#2360=VERTEX_POINT('',#7117);
#2361=VERTEX_POINT('',#7121);
#2362=VERTEX_POINT('',#7123);
#2363=VERTEX_POINT('',#7127);
#2364=VERTEX_POINT('',#7129);
#2365=VERTEX_POINT('',#7133);
#2366=VERTEX_POINT('',#7134);
#2367=VERTEX_POINT('',#7140);
#2368=VERTEX_POINT('',#7187);
#2369=VERTEX_POINT('',#7194);
#2370=VERTEX_POINT('',#7205);
#2371=VERTEX_POINT('',#7248);
#2372=VERTEX_POINT('',#7252);
#2373=VERTEX_POINT('',#7254);
#2374=VERTEX_POINT('',#7258);
#2375=VERTEX_POINT('',#7260);
#2376=VERTEX_POINT('',#7262);
#2377=VERTEX_POINT('',#7264);
#2378=VERTEX_POINT('',#7266);
#2379=VERTEX_POINT('',#7268);
#2380=VERTEX_POINT('',#7272);
#2381=EDGE_CURVE('',#2044,#2045,#2884,.T.);
#2382=EDGE_CURVE('',#2044,#2046,#956,.T.);
#2383=EDGE_CURVE('',#2047,#2046,#2885,.T.);
#2384=EDGE_CURVE('',#2048,#2047,#2886,.T.);
#2385=EDGE_CURVE('',#2048,#2049,#2887,.T.);
#2386=EDGE_CURVE('',#2049,#2050,#942,.T.);
#2387=EDGE_CURVE('',#2051,#2050,#2888,.T.);
#2388=EDGE_CURVE('',#2052,#2051,#2889,.T.);
#2389=EDGE_CURVE('',#2052,#2053,#2890,.T.);
#2390=EDGE_CURVE('',#2053,#2054,#2891,.T.);
#2391=EDGE_CURVE('',#2055,#2054,#2892,.T.);
#2392=EDGE_CURVE('',#2056,#2055,#943,.T.);
#2393=EDGE_CURVE('',#2056,#2057,#2893,.T.);
#2394=EDGE_CURVE('',#2057,#2058,#2894,.T.);
#2395=EDGE_CURVE('',#2059,#2058,#2895,.T.);
#2396=EDGE_CURVE('',#2059,#2060,#957,.T.);
#2397=EDGE_CURVE('',#2061,#2060,#2896,.T.);
#2398=EDGE_CURVE('',#2062,#2061,#2897,.T.);
#2399=EDGE_CURVE('',#2062,#2063,#2898,.T.);
#2400=EDGE_CURVE('',#2063,#2045,#2899,.T.);
#2401=EDGE_CURVE('',#2061,#2064,#2900,.T.);
#2402=EDGE_CURVE('',#2060,#2044,#162,.T.);
#2403=EDGE_CURVE('',#2045,#2065,#2901,.T.);
#2404=EDGE_CURVE('',#2066,#2065,#2902,.T.);
#2405=EDGE_CURVE('',#2067,#2066,#2903,.T.);
#2406=EDGE_CURVE('',#2068,#2067,#2904,.T.);
#2407=EDGE_CURVE('',#2069,#2068,#2905,.T.);
#2408=EDGE_CURVE('',#2064,#2069,#2906,.T.);
#2409=EDGE_CURVE('',#2070,#2071,#2907,.T.);
#2410=EDGE_CURVE('',#2072,#2070,#2908,.T.);
#2411=EDGE_CURVE('',#2073,#2072,#163,.T.);
#2412=EDGE_CURVE('',#2074,#2073,#2909,.T.);
#2413=EDGE_CURVE('',#2074,#2075,#2910,.T.);
#2414=EDGE_CURVE('',#2075,#2076,#2911,.T.);
#2415=EDGE_CURVE('',#2076,#2077,#2912,.T.);
#2416=EDGE_CURVE('',#2077,#2078,#2913,.T.);
#2417=EDGE_CURVE('',#2078,#2079,#2914,.T.);
#2418=EDGE_CURVE('',#2079,#2071,#2915,.T.);
#2419=EDGE_CURVE('',#2080,#2080,#164,.T.);
#2420=EDGE_CURVE('',#2081,#2081,#165,.T.);
#2421=EDGE_CURVE('',#2082,#2083,#2916,.T.);
#2422=EDGE_CURVE('',#2084,#2082,#2917,.T.);
#2423=EDGE_CURVE('',#2085,#2084,#2918,.T.);
#2424=EDGE_CURVE('',#2083,#2085,#2919,.T.);
#2425=EDGE_CURVE('',#2086,#2087,#2920,.T.);
#2426=EDGE_CURVE('',#2087,#2053,#2921,.T.);
#2427=EDGE_CURVE('',#2052,#2086,#2922,.T.);
#2428=EDGE_CURVE('',#2088,#2089,#2923,.T.);
#2429=EDGE_CURVE('',#2089,#2090,#2924,.T.);
#2430=EDGE_CURVE('',#2090,#2091,#2925,.T.);
#2431=EDGE_CURVE('',#2088,#2091,#2926,.T.);
#2432=EDGE_CURVE('',#2092,#2093,#166,.T.);
#2433=EDGE_CURVE('',#2093,#2092,#167,.T.);
#2434=EDGE_CURVE('',#2094,#2095,#168,.T.);
#2435=EDGE_CURVE('',#2095,#2094,#169,.T.);
#2436=EDGE_CURVE('',#2096,#2097,#170,.T.);
#2437=EDGE_CURVE('',#2097,#2096,#171,.T.);
#2438=EDGE_CURVE('',#2098,#2099,#172,.T.);
#2439=EDGE_CURVE('',#2099,#2098,#173,.T.);
#2440=EDGE_CURVE('',#2100,#2054,#2927,.T.);
#2441=EDGE_CURVE('',#2101,#2100,#2928,.T.);
#2442=EDGE_CURVE('',#2102,#2101,#174,.T.);
#2443=EDGE_CURVE('',#2103,#2102,#175,.T.);
#2444=EDGE_CURVE('',#2104,#2103,#2929,.T.);
#2445=EDGE_CURVE('',#2051,#2104,#2930,.T.);
#2446=EDGE_CURVE('',#2050,#2105,#176,.T.);
#2447=EDGE_CURVE('',#2105,#2055,#177,.T.);
#2448=EDGE_CURVE('',#2106,#2107,#2931,.T.);
#2449=EDGE_CURVE('',#2108,#2107,#2932,.T.);
#2450=EDGE_CURVE('',#2109,#2108,#2933,.T.);
#2451=EDGE_CURVE('',#2109,#2110,#2934,.T.);
#2452=EDGE_CURVE('',#2110,#2111,#2935,.T.);
#2453=EDGE_CURVE('',#2106,#2111,#2936,.T.);
#2454=EDGE_CURVE('',#2086,#2104,#2937,.T.);
#2455=EDGE_CURVE('',#2087,#2100,#2938,.T.);
#2456=EDGE_CURVE('',#2112,#2113,#2939,.T.);
#2457=EDGE_CURVE('',#2114,#2112,#2940,.T.);
#2458=EDGE_CURVE('',#2114,#2115,#2941,.T.);
#2459=EDGE_CURVE('',#2115,#2113,#2942,.T.);
#2460=EDGE_CURVE('',#2116,#2117,#2943,.T.);
#2461=EDGE_CURVE('',#2117,#2118,#2944,.T.);
#2462=EDGE_CURVE('',#2119,#2118,#2945,.T.);
#2463=EDGE_CURVE('',#2116,#2119,#2946,.T.);
#2464=EDGE_CURVE('',#2120,#2121,#2947,.T.);
#2465=EDGE_CURVE('',#2121,#2122,#2948,.T.);
#2466=EDGE_CURVE('',#2123,#2122,#2949,.T.);
#2467=EDGE_CURVE('',#2120,#2123,#2950,.T.);
#2468=EDGE_CURVE('',#2124,#2125,#2951,.T.);
#2469=EDGE_CURVE('',#2124,#2126,#2952,.T.);
#2470=EDGE_CURVE('',#2126,#2127,#2953,.T.);
#2471=EDGE_CURVE('',#2125,#2127,#2954,.T.);
#2472=EDGE_CURVE('',#2117,#2128,#2955,.T.);
#2473=EDGE_CURVE('',#2128,#2129,#2956,.T.);
#2474=EDGE_CURVE('',#2118,#2129,#2957,.T.);
#2475=EDGE_CURVE('',#2130,#2131,#2958,.T.);
#2476=EDGE_CURVE('',#2112,#2130,#2959,.T.);
#2477=EDGE_CURVE('',#2113,#2131,#2960,.T.);
#2478=EDGE_CURVE('',#2114,#2132,#2961,.T.);
#2479=EDGE_CURVE('',#2132,#2133,#2962,.T.);
#2480=EDGE_CURVE('',#2115,#2133,#2963,.T.);
#2481=EDGE_CURVE('',#2090,#2116,#2964,.T.);
#2482=EDGE_CURVE('',#2091,#2119,#2965,.T.);
#2483=EDGE_CURVE('',#2059,#2046,#178,.T.);
#2484=EDGE_CURVE('',#2134,#2058,#2966,.T.);
#2485=EDGE_CURVE('',#2134,#2135,#2967,.T.);
#2486=EDGE_CURVE('',#2136,#2135,#2968,.T.);
#2487=EDGE_CURVE('',#2137,#2136,#179,.T.);
#2488=EDGE_CURVE('',#2138,#2137,#2969,.T.);
#2489=EDGE_CURVE('',#2138,#2139,#2970,.T.);
#2490=EDGE_CURVE('',#2047,#2139,#2971,.T.);
#2491=EDGE_CURVE('',#2128,#2140,#2972,.T.);
#2492=EDGE_CURVE('',#2140,#2141,#2973,.T.);
#2493=EDGE_CURVE('',#2129,#2141,#2974,.T.);
#2494=EDGE_CURVE('',#2132,#2130,#2975,.T.);
#2495=EDGE_CURVE('',#2133,#2131,#2976,.T.);
#2496=EDGE_CURVE('',#2142,#2143,#2977,.T.);
#2497=EDGE_CURVE('',#2143,#2144,#2978,.T.);
#2498=EDGE_CURVE('',#2145,#2144,#2979,.T.);
#2499=EDGE_CURVE('',#2142,#2145,#2980,.T.);
#2500=EDGE_CURVE('',#2146,#2147,#2981,.T.);
#2501=EDGE_CURVE('',#2146,#2148,#2982,.T.);
#2502=EDGE_CURVE('',#2148,#2149,#2983,.T.);
#2503=EDGE_CURVE('',#2147,#2149,#2984,.T.);
#2504=EDGE_CURVE('',#2150,#2151,#2985,.T.);
#2505=EDGE_CURVE('',#2152,#2151,#2986,.T.);
#2506=EDGE_CURVE('',#2152,#2153,#2987,.T.);
#2507=EDGE_CURVE('',#2154,#2153,#2988,.T.);
#2508=EDGE_CURVE('',#2154,#2155,#2989,.T.);
#2509=EDGE_CURVE('',#2150,#2155,#2990,.T.);
#2510=EDGE_CURVE('',#2156,#2048,#2991,.T.);
#2511=EDGE_CURVE('',#2156,#2157,#2992,.T.);
#2512=EDGE_CURVE('',#2157,#2158,#2993,.T.);
#2513=EDGE_CURVE('',#2159,#2158,#180,.T.);
#2514=EDGE_CURVE('',#2160,#2159,#181,.T.);
#2515=EDGE_CURVE('',#2160,#2161,#2994,.T.);
#2516=EDGE_CURVE('',#2161,#2162,#2995,.T.);
#2517=EDGE_CURVE('',#2057,#2162,#2996,.T.);
#2518=EDGE_CURVE('',#2056,#2163,#182,.T.);
#2519=EDGE_CURVE('',#2163,#2049,#183,.T.);
#2520=EDGE_CURVE('',#2164,#2165,#184,.T.);
#2521=EDGE_CURVE('',#2165,#2164,#185,.T.);
#2522=EDGE_CURVE('',#2164,#2166,#2997,.T.);
#2523=EDGE_CURVE('',#2166,#2167,#186,.T.);
#2524=EDGE_CURVE('',#2165,#2167,#2998,.T.);
#2525=EDGE_CURVE('',#2167,#2166,#187,.T.);
#2526=EDGE_CURVE('',#2166,#2093,#2999,.T.);
#2527=EDGE_CURVE('',#2167,#2092,#3000,.T.);
#2528=EDGE_CURVE('',#2159,#2102,#3001,.T.);
#2529=EDGE_CURVE('',#2160,#2101,#944,.T.);
#2530=EDGE_CURVE('',#2158,#2103,#945,.T.);
#2531=EDGE_CURVE('',#2168,#2169,#3002,.T.);
#2532=EDGE_CURVE('',#2168,#2150,#946,.T.);
#2533=EDGE_CURVE('',#2155,#2108,#3003,.T.);
#2534=EDGE_CURVE('',#2107,#2170,#947,.T.);
#2535=EDGE_CURVE('',#2171,#2170,#3004,.T.);
#2536=EDGE_CURVE('',#2172,#2171,#3005,.T.);
#2537=EDGE_CURVE('',#2173,#2172,#3006,.T.);
#2538=EDGE_CURVE('',#2173,#2088,#188,.T.);
#2539=EDGE_CURVE('',#2141,#2169,#189,.T.);
#2540=EDGE_CURVE('',#2174,#2070,#3007,.T.);
#2541=EDGE_CURVE('',#2174,#2175,#3008,.T.);
#2542=EDGE_CURVE('',#2175,#2074,#3009,.T.);
#2543=EDGE_CURVE('',#2073,#2136,#958,.T.);
#2544=EDGE_CURVE('',#2161,#2135,#3010,.T.);
#2545=EDGE_CURVE('',#2157,#2138,#3011,.T.);
#2546=EDGE_CURVE('',#2137,#2072,#959,.T.);
#2547=EDGE_CURVE('',#2120,#2142,#3012,.T.);
#2548=EDGE_CURVE('',#2121,#2145,#3013,.T.);
#2549=EDGE_CURVE('',#2122,#2144,#3014,.T.);
#2550=EDGE_CURVE('',#2123,#2143,#3015,.T.);
#2551=EDGE_CURVE('',#2154,#2109,#3016,.T.);
#2552=EDGE_CURVE('',#2134,#2162,#3017,.T.);
#2553=EDGE_CURVE('',#2156,#2139,#3018,.T.);
#2554=EDGE_CURVE('',#2176,#2169,#3019,.T.);
#2555=EDGE_CURVE('',#2177,#2176,#3020,.T.);
#2556=EDGE_CURVE('',#2177,#2178,#3021,.T.);
#2557=EDGE_CURVE('',#2168,#2178,#3022,.T.);
#2558=EDGE_CURVE('',#2179,#2180,#190,.T.);
#2559=EDGE_CURVE('',#2180,#2181,#191,.T.);
#2560=EDGE_CURVE('',#2181,#2179,#192,.T.);
#2561=EDGE_CURVE('',#2182,#2183,#193,.T.);
#2562=EDGE_CURVE('',#2183,#2181,#3023,.T.);
#2563=EDGE_CURVE('',#2182,#2180,#3024,.T.);
#2564=EDGE_CURVE('',#2183,#2184,#194,.T.);
#2565=EDGE_CURVE('',#2184,#2182,#195,.T.);
#2566=EDGE_CURVE('',#2095,#2183,#3025,.T.);
#2567=EDGE_CURVE('',#2094,#2182,#3026,.T.);
#2568=EDGE_CURVE('',#2185,#2173,#3027,.T.);
#2569=EDGE_CURVE('',#2172,#2186,#3028,.T.);
#2570=EDGE_CURVE('',#2185,#2186,#3029,.T.);
#2571=EDGE_CURVE('',#2186,#2187,#3030,.T.);
#2572=EDGE_CURVE('',#2171,#2188,#3031,.T.);
#2573=EDGE_CURVE('',#2187,#2188,#3032,.T.);
#2574=EDGE_CURVE('',#2188,#2189,#3033,.T.);
#2575=EDGE_CURVE('',#2170,#2189,#3034,.T.);
#2576=EDGE_CURVE('',#2185,#2089,#196,.T.);
#2577=EDGE_CURVE('',#2189,#2106,#948,.T.);
#2578=EDGE_CURVE('',#2140,#2176,#197,.T.);
#2579=EDGE_CURVE('',#2151,#2178,#949,.T.);
#2580=EDGE_CURVE('',#2190,#2191,#198,.T.);
#2581=EDGE_CURVE('',#2191,#2190,#199,.T.);
#2582=EDGE_CURVE('',#2190,#2192,#3035,.T.);
#2583=EDGE_CURVE('',#2191,#2193,#3036,.T.);
#2584=EDGE_CURVE('',#2192,#2193,#200,.T.);
#2585=EDGE_CURVE('',#2193,#2192,#201,.T.);
#2586=EDGE_CURVE('',#2192,#2097,#3037,.T.);
#2587=EDGE_CURVE('',#2193,#2096,#3038,.T.);
#2588=EDGE_CURVE('',#2163,#2105,#3039,.T.);
#2589=EDGE_CURVE('',#2187,#2194,#3040,.T.);
#2590=EDGE_CURVE('',#2111,#2194,#950,.T.);
#2591=EDGE_CURVE('',#2153,#2110,#3041,.T.);
#2592=EDGE_CURVE('',#2177,#2152,#951,.T.);
#2593=EDGE_CURVE('',#2124,#2146,#3042,.T.);
#2594=EDGE_CURVE('',#2125,#2148,#3043,.T.);
#2595=EDGE_CURVE('',#2127,#2149,#3044,.T.);
#2596=EDGE_CURVE('',#2126,#2147,#3045,.T.);
#2597=EDGE_CURVE('',#2195,#2196,#202,.T.);
#2598=EDGE_CURVE('',#2197,#2195,#203,.T.);
#2599=EDGE_CURVE('',#2196,#2197,#204,.T.);
#2600=EDGE_CURVE('',#2198,#2199,#205,.T.);
#2601=EDGE_CURVE('',#2198,#2196,#3046,.T.);
#2602=EDGE_CURVE('',#2199,#2197,#3047,.T.);
#2603=EDGE_CURVE('',#2199,#2200,#206,.T.);
#2604=EDGE_CURVE('',#2200,#2198,#207,.T.);
#2605=EDGE_CURVE('',#2098,#2198,#3048,.T.);
#2606=EDGE_CURVE('',#2099,#2199,#3049,.T.);
#2607=EDGE_CURVE('',#2194,#2189,#3050,.T.);
#2608=EDGE_CURVE('',#2201,#2202,#3051,.T.);
#2609=EDGE_CURVE('',#2201,#2203,#3052,.T.);
#2610=EDGE_CURVE('',#2203,#2204,#3053,.T.);
#2611=EDGE_CURVE('',#2204,#2202,#3054,.T.);
#2612=EDGE_CURVE('',#2203,#2205,#3055,.T.);
#2613=EDGE_CURVE('',#2205,#2206,#3056,.T.);
#2614=EDGE_CURVE('',#2206,#2204,#3057,.T.);
#2615=EDGE_CURVE('',#2205,#2207,#3058,.T.);
#2616=EDGE_CURVE('',#2207,#2208,#3059,.T.);
#2617=EDGE_CURVE('',#2208,#2206,#3060,.T.);
#2618=EDGE_CURVE('',#2207,#2209,#3061,.T.);
#2619=EDGE_CURVE('',#2209,#2210,#3062,.T.);
#2620=EDGE_CURVE('',#2210,#2208,#3063,.T.);
#2621=EDGE_CURVE('',#2209,#2211,#960,.T.);
#2622=EDGE_CURVE('',#2211,#2212,#3064,.T.);
#2623=EDGE_CURVE('',#2212,#2210,#961,.T.);
#2624=EDGE_CURVE('',#2211,#2213,#3065,.T.);
#2625=EDGE_CURVE('',#2213,#2214,#3066,.T.);
#2626=EDGE_CURVE('',#2214,#2212,#3067,.T.);
#2627=EDGE_CURVE('',#2213,#2201,#963,.T.);
#2628=EDGE_CURVE('',#2202,#2214,#964,.T.);
#2629=EDGE_CURVE('',#2215,#2216,#3068,.T.);
#2630=EDGE_CURVE('',#2217,#2215,#3069,.T.);
#2631=EDGE_CURVE('',#2218,#2217,#3070,.T.);
#2632=EDGE_CURVE('',#2218,#2216,#3071,.T.);
#2633=EDGE_CURVE('',#2219,#2215,#3072,.T.);
#2634=EDGE_CURVE('',#2220,#2219,#3073,.T.);
#2635=EDGE_CURVE('',#2217,#2220,#3074,.T.);
#2636=EDGE_CURVE('',#2221,#2219,#3075,.T.);
#2637=EDGE_CURVE('',#2222,#2221,#3076,.T.);
#2638=EDGE_CURVE('',#2220,#2222,#3077,.T.);
#2639=EDGE_CURVE('',#2223,#2221,#3078,.T.);
#2640=EDGE_CURVE('',#2224,#2223,#3079,.T.);
#2641=EDGE_CURVE('',#2222,#2224,#3080,.T.);
#2642=EDGE_CURVE('',#2225,#2223,#3081,.T.);
#2643=EDGE_CURVE('',#2226,#2225,#3082,.T.);
#2644=EDGE_CURVE('',#2224,#2226,#3083,.T.);
#2645=EDGE_CURVE('',#2227,#2225,#3084,.T.);
#2646=EDGE_CURVE('',#2228,#2227,#3085,.T.);
#2647=EDGE_CURVE('',#2226,#2228,#3086,.T.);
#2648=EDGE_CURVE('',#2229,#2227,#3087,.T.);
#2649=EDGE_CURVE('',#2230,#2229,#3088,.T.);
#2650=EDGE_CURVE('',#2228,#2230,#3089,.T.);
#2651=EDGE_CURVE('',#2231,#2229,#3090,.T.);
#2652=EDGE_CURVE('',#2232,#2231,#3091,.T.);
#2653=EDGE_CURVE('',#2230,#2232,#3092,.T.);
#2654=EDGE_CURVE('',#2233,#2231,#966,.T.);
#2655=EDGE_CURVE('',#2234,#2233,#3093,.T.);
#2656=EDGE_CURVE('',#2232,#2234,#967,.T.);
#2657=EDGE_CURVE('',#2235,#2233,#3094,.T.);
#2658=EDGE_CURVE('',#2236,#2235,#3095,.T.);
#2659=EDGE_CURVE('',#2234,#2236,#3096,.T.);
#2660=EDGE_CURVE('',#2216,#2235,#3097,.T.);
#2661=EDGE_CURVE('',#2236,#2218,#3098,.T.);
#2662=EDGE_CURVE('',#2237,#2238,#3099,.T.);
#2663=EDGE_CURVE('',#2237,#2239,#969,.T.);
#2664=EDGE_CURVE('',#2240,#2239,#3100,.T.);
#2665=EDGE_CURVE('',#2240,#2238,#970,.T.);
#2666=EDGE_CURVE('',#2239,#2237,#972,.T.);
#2667=EDGE_CURVE('',#2238,#2240,#973,.T.);
#2668=EDGE_CURVE('',#2241,#2242,#3101,.T.);
#2669=EDGE_CURVE('',#2241,#2243,#975,.T.);
#2670=EDGE_CURVE('',#2244,#2243,#3102,.T.);
#2671=EDGE_CURVE('',#2244,#2242,#976,.T.);
#2672=EDGE_CURVE('',#2243,#2241,#978,.T.);
#2673=EDGE_CURVE('',#2242,#2244,#979,.T.);
#2674=EDGE_CURVE('',#2245,#2246,#3103,.T.);
#2675=EDGE_CURVE('',#2247,#2245,#3104,.T.);
#2676=EDGE_CURVE('',#2248,#2247,#3105,.T.);
#2677=EDGE_CURVE('',#2248,#2246,#3106,.T.);
#2678=EDGE_CURVE('',#2249,#2250,#981,.T.);
#2679=EDGE_CURVE('',#2250,#2249,#982,.T.);
#2680=EDGE_CURVE('',#2251,#2252,#983,.T.);
#2681=EDGE_CURVE('',#2252,#2251,#984,.T.);
#2682=EDGE_CURVE('',#2253,#2254,#985,.T.);
#2683=EDGE_CURVE('',#2254,#2255,#986,.T.);
#2684=EDGE_CURVE('',#2255,#2256,#3107,.T.);
#2685=EDGE_CURVE('',#2256,#2253,#987,.T.);
#2686=EDGE_CURVE('',#2257,#2258,#988,.T.);
#2687=EDGE_CURVE('',#2258,#2259,#3108,.T.);
#2688=EDGE_CURVE('',#2259,#2260,#989,.T.);
#2689=EDGE_CURVE('',#2260,#2261,#3109,.T.);
#2690=EDGE_CURVE('',#2261,#2262,#3110,.T.);
#2691=EDGE_CURVE('',#2262,#2263,#3111,.T.);
#2692=EDGE_CURVE('',#2263,#2257,#990,.T.);
#2693=EDGE_CURVE('',#2246,#2083,#3112,.T.);
#2694=EDGE_CURVE('',#2082,#2248,#3113,.T.);
#2695=EDGE_CURVE('',#2247,#2084,#3114,.T.);
#2696=EDGE_CURVE('',#2245,#2085,#3115,.T.);
#2697=EDGE_CURVE('',#2264,#2265,#991,.T.);
#2698=EDGE_CURVE('',#2249,#2264,#3116,.T.);
#2699=EDGE_CURVE('',#2265,#2250,#3117,.T.);
#2700=EDGE_CURVE('',#2265,#2264,#993,.T.);
#2701=EDGE_CURVE('',#2266,#2267,#995,.T.);
#2702=EDGE_CURVE('',#2251,#2266,#3118,.T.);
#2703=EDGE_CURVE('',#2267,#2252,#3119,.T.);
#2704=EDGE_CURVE('',#2267,#2266,#997,.T.);
#2705=EDGE_CURVE('',#2268,#2269,#999,.T.);
#2706=EDGE_CURVE('',#2253,#2268,#3120,.T.);
#2707=EDGE_CURVE('',#2256,#2269,#3121,.T.);
#2708=EDGE_CURVE('',#2269,#2270,#3122,.T.);
#2709=EDGE_CURVE('',#2255,#2270,#3123,.T.);
#2710=EDGE_CURVE('',#2270,#2271,#1001,.T.);
#2711=EDGE_CURVE('',#2254,#2271,#3124,.T.);
#2712=EDGE_CURVE('',#2271,#2268,#1003,.T.);
#2713=EDGE_CURVE('',#2272,#2273,#1005,.T.);
#2714=EDGE_CURVE('',#2257,#2272,#3125,.T.);
#2715=EDGE_CURVE('',#2263,#2273,#3126,.T.);
#2716=EDGE_CURVE('',#2273,#2274,#3127,.T.);
#2717=EDGE_CURVE('',#2262,#2274,#3128,.T.);
#2718=EDGE_CURVE('',#2274,#2275,#3129,.T.);
#2719=EDGE_CURVE('',#2261,#2275,#3130,.T.);
#2720=EDGE_CURVE('',#2275,#2276,#3131,.T.);
#2721=EDGE_CURVE('',#2260,#2276,#3132,.T.);
#2722=EDGE_CURVE('',#2276,#2277,#1007,.T.);
#2723=EDGE_CURVE('',#2259,#2277,#3133,.T.);
#2724=EDGE_CURVE('',#2277,#2278,#3134,.T.);
#2725=EDGE_CURVE('',#2258,#2278,#3135,.T.);
#2726=EDGE_CURVE('',#2278,#2272,#1009,.T.);
#2727=EDGE_CURVE('',#2279,#2279,#1011,.T.);
#2728=EDGE_CURVE('',#2280,#2280,#1012,.T.);
#2729=EDGE_CURVE('',#2281,#2281,#1014,.T.);
#2730=EDGE_CURVE('',#2282,#2282,#1015,.T.);
#2731=EDGE_CURVE('',#2283,#2283,#1017,.T.);
#2732=EDGE_CURVE('',#2284,#2284,#1018,.T.);
#2733=EDGE_CURVE('',#2285,#2285,#1020,.T.);
#2734=EDGE_CURVE('',#2286,#2286,#1021,.T.);
#2735=EDGE_CURVE('',#2287,#2288,#3136,.T.);
#2736=EDGE_CURVE('',#2289,#2287,#3137,.T.);
#2737=EDGE_CURVE('',#2290,#2289,#3138,.T.);
#2738=EDGE_CURVE('',#2290,#2288,#3139,.T.);
#2739=EDGE_CURVE('',#2288,#2291,#1023,.T.);
#2740=EDGE_CURVE('',#2292,#2290,#1024,.T.);
#2741=EDGE_CURVE('',#2292,#2291,#3140,.T.);
#2742=EDGE_CURVE('',#2291,#2287,#3141,.T.);
#2743=EDGE_CURVE('',#2289,#2292,#3142,.T.);
#2744=EDGE_CURVE('',#2293,#2293,#1026,.T.);
#2745=EDGE_CURVE('',#2294,#2294,#1027,.T.);
#2746=EDGE_CURVE('',#2295,#2295,#208,.T.);
#2747=EDGE_CURVE('',#2296,#2296,#209,.T.);
#2748=EDGE_CURVE('',#2297,#2298,#3143,.T.);
#2749=EDGE_CURVE('',#2298,#2299,#3144,.T.);
#2750=EDGE_CURVE('',#2300,#2299,#3145,.T.);
#2751=EDGE_CURVE('',#2300,#2297,#3146,.T.);
#2752=EDGE_CURVE('',#2301,#2302,#3147,.T.);
#2753=EDGE_CURVE('',#2301,#2297,#3148,.T.);
#2754=EDGE_CURVE('',#2302,#2300,#3149,.T.);
#2755=EDGE_CURVE('',#2303,#2301,#3150,.T.);
#2756=EDGE_CURVE('',#2304,#2302,#3151,.T.);
#2757=EDGE_CURVE('',#2303,#2304,#3152,.T.);
#2758=EDGE_CURVE('',#2305,#2304,#3153,.T.);
#2759=EDGE_CURVE('',#2305,#2306,#3154,.T.);
#2760=EDGE_CURVE('',#2303,#2306,#3155,.T.);
#2761=EDGE_CURVE('',#2306,#2307,#210,.T.);
#2762=EDGE_CURVE('',#2308,#2305,#211,.T.);
#2763=EDGE_CURVE('',#2307,#2308,#3156,.T.);
#2764=EDGE_CURVE('',#2309,#2307,#3157,.T.);
#2765=EDGE_CURVE('',#2310,#2308,#3158,.T.);
#2766=EDGE_CURVE('',#2310,#2309,#3159,.T.);
#2767=EDGE_CURVE('',#2311,#2312,#3160,.T.);
#2768=EDGE_CURVE('',#2311,#2309,#3161,.T.);
#2769=EDGE_CURVE('',#2312,#2310,#3162,.T.);
#2770=EDGE_CURVE('',#2313,#2311,#3163,.T.);
#2771=EDGE_CURVE('',#2312,#2314,#3164,.T.);
#2772=EDGE_CURVE('',#2313,#2314,#3165,.T.);
#2773=EDGE_CURVE('',#2315,#2314,#3166,.T.);
#2774=EDGE_CURVE('',#2315,#2316,#3167,.T.);
#2775=EDGE_CURVE('',#2313,#2316,#3168,.T.);
#2776=EDGE_CURVE('',#2316,#2317,#212,.T.);
#2777=EDGE_CURVE('',#2318,#2315,#213,.T.);
#2778=EDGE_CURVE('',#2317,#2318,#3169,.T.);
#2779=EDGE_CURVE('',#2319,#2317,#3170,.T.);
#2780=EDGE_CURVE('',#2320,#2318,#3171,.T.);
#2781=EDGE_CURVE('',#2320,#2319,#3172,.T.);
#2782=EDGE_CURVE('',#2321,#2322,#3173,.T.);
#2783=EDGE_CURVE('',#2322,#2298,#1029,.T.);
#2784=EDGE_CURVE('',#2319,#2323,#1030,.T.);
#2785=EDGE_CURVE('',#2324,#2323,#3174,.T.);
#2786=EDGE_CURVE('',#2324,#2321,#1031,.T.);
#2787=EDGE_CURVE('',#2325,#2326,#3175,.T.);
#2788=EDGE_CURVE('',#2325,#2322,#3176,.T.);
#2789=EDGE_CURVE('',#2321,#2326,#3177,.T.);
#2790=EDGE_CURVE('',#2299,#2325,#1032,.T.);
#2791=EDGE_CURVE('',#2326,#2327,#1033,.T.);
#2792=EDGE_CURVE('',#2327,#2328,#3178,.T.);
#2793=EDGE_CURVE('',#2328,#2320,#1034,.T.);
#2794=EDGE_CURVE('',#2323,#2329,#3179,.T.);
#2795=EDGE_CURVE('',#2324,#2329,#3180,.T.);
#2796=EDGE_CURVE('',#2330,#2328,#952,.T.);
#2797=EDGE_CURVE('',#2331,#2330,#3181,.T.);
#2798=EDGE_CURVE('',#2323,#2331,#953,.T.);
#2799=EDGE_CURVE('',#2331,#2332,#3182,.T.);
#2800=EDGE_CURVE('',#2333,#2330,#3183,.T.);
#2801=EDGE_CURVE('',#2333,#2334,#3184,.T.);
#2802=EDGE_CURVE('',#2335,#2334,#3185,.T.);
#2803=EDGE_CURVE('',#2335,#2336,#3186,.T.);
#2804=EDGE_CURVE('',#2337,#2336,#3187,.T.);
#2805=EDGE_CURVE('',#2337,#2332,#3188,.T.);
#2806=EDGE_CURVE('',#2175,#2329,#3189,.T.);
#2807=EDGE_CURVE('',#2338,#2174,#3190,.T.);
#2808=EDGE_CURVE('',#2338,#2327,#3191,.T.);
#2809=EDGE_CURVE('',#2328,#2338,#3192,.T.);
#2810=EDGE_CURVE('',#2332,#2075,#3193,.T.);
#2811=EDGE_CURVE('',#2337,#2076,#3194,.T.);
#2812=EDGE_CURVE('',#2334,#2079,#3195,.T.);
#2813=EDGE_CURVE('',#2071,#2333,#3196,.T.);
#2814=EDGE_CURVE('',#2078,#2335,#3197,.T.);
#2815=EDGE_CURVE('',#2336,#2077,#3198,.T.);
#2816=EDGE_CURVE('',#2339,#2340,#214,.T.);
#2817=EDGE_CURVE('',#2340,#2341,#3199,.T.);
#2818=EDGE_CURVE('',#2341,#2342,#215,.T.);
#2819=EDGE_CURVE('',#2342,#2339,#3200,.T.);
#2820=EDGE_CURVE('',#2343,#2340,#3201,.T.);
#2821=EDGE_CURVE('',#2344,#2343,#3202,.T.);
#2822=EDGE_CURVE('',#2344,#2341,#3203,.T.);
#2823=EDGE_CURVE('',#2345,#2346,#3204,.T.);
#2824=EDGE_CURVE('',#2346,#2344,#3205,.T.);
#2825=EDGE_CURVE('',#2345,#2343,#3206,.T.);
#2826=EDGE_CURVE('',#2347,#2345,#3207,.T.);
#2827=EDGE_CURVE('',#2347,#2348,#3208,.T.);
#2828=EDGE_CURVE('',#2348,#2346,#3209,.T.);
#2829=EDGE_CURVE('',#2349,#2348,#3210,.T.);
#2830=EDGE_CURVE('',#2347,#2350,#3211,.T.);
#2831=EDGE_CURVE('',#2349,#2350,#3212,.T.);
#2832=EDGE_CURVE('',#2350,#2351,#216,.T.);
#2833=EDGE_CURVE('',#2351,#2352,#3213,.T.);
#2834=EDGE_CURVE('',#2352,#2349,#217,.T.);
#2835=EDGE_CURVE('',#2353,#2351,#3214,.T.);
#2836=EDGE_CURVE('',#2354,#2353,#3215,.T.);
#2837=EDGE_CURVE('',#2354,#2352,#3216,.T.);
#2838=EDGE_CURVE('',#2355,#2356,#3217,.T.);
#2839=EDGE_CURVE('',#2356,#2354,#3218,.T.);
#2840=EDGE_CURVE('',#2355,#2353,#3219,.T.);
#2841=EDGE_CURVE('',#2357,#2355,#3220,.T.);
#2842=EDGE_CURVE('',#2357,#2358,#3221,.T.);
#2843=EDGE_CURVE('',#2356,#2358,#3222,.T.);
#2844=EDGE_CURVE('',#2359,#2358,#3223,.T.);
#2845=EDGE_CURVE('',#2357,#2360,#3224,.T.);
#2846=EDGE_CURVE('',#2359,#2360,#3225,.T.);
#2847=EDGE_CURVE('',#2360,#2361,#218,.T.);
#2848=EDGE_CURVE('',#2361,#2362,#3226,.T.);
#2849=EDGE_CURVE('',#2362,#2359,#219,.T.);
#2850=EDGE_CURVE('',#2363,#2361,#3227,.T.);
#2851=EDGE_CURVE('',#2364,#2363,#3228,.T.);
#2852=EDGE_CURVE('',#2364,#2362,#3229,.T.);
#2853=EDGE_CURVE('',#2365,#2366,#3230,.T.);
#2854=EDGE_CURVE('',#2342,#2365,#3231,.T.);
#2855=EDGE_CURVE('',#2367,#2364,#1035,.T.);
#2856=EDGE_CURVE('',#2367,#2366,#3232,.T.);
#2857=EDGE_CURVE('',#2368,#2365,#3233,.T.);
#2858=EDGE_CURVE('',#2368,#2339,#3234,.T.);
#2859=EDGE_CURVE('',#2363,#2369,#1036,.T.);
#2860=EDGE_CURVE('',#2370,#2368,#1037,.T.);
#2861=EDGE_CURVE('',#2369,#2370,#3235,.T.);
#2862=EDGE_CURVE('',#2371,#2367,#3236,.T.);
#2863=EDGE_CURVE('',#2371,#2366,#3237,.T.);
#2864=EDGE_CURVE('',#2369,#2372,#954,.T.);
#2865=EDGE_CURVE('',#2372,#2373,#3238,.T.);
#2866=EDGE_CURVE('',#2373,#2367,#955,.T.);
#2867=EDGE_CURVE('',#2372,#2374,#3239,.T.);
#2868=EDGE_CURVE('',#2375,#2374,#3240,.T.);
#2869=EDGE_CURVE('',#2375,#2376,#3241,.T.);
#2870=EDGE_CURVE('',#2377,#2376,#3242,.T.);
#2871=EDGE_CURVE('',#2377,#2378,#3243,.T.);
#2872=EDGE_CURVE('',#2379,#2378,#3244,.T.);
#2873=EDGE_CURVE('',#2379,#2373,#3245,.T.);
#2874=EDGE_CURVE('',#2370,#2380,#3246,.T.);
#2875=EDGE_CURVE('',#2380,#2369,#3247,.T.);
#2876=EDGE_CURVE('',#2371,#2063,#3248,.T.);
#2877=EDGE_CURVE('',#2062,#2380,#3249,.T.);
#2878=EDGE_CURVE('',#2067,#2377,#3250,.T.);
#2879=EDGE_CURVE('',#2378,#2066,#3251,.T.);
#2880=EDGE_CURVE('',#2065,#2379,#3252,.T.);
#2881=EDGE_CURVE('',#2374,#2064,#3253,.T.);
#2882=EDGE_CURVE('',#2375,#2069,#3254,.T.);
#2883=EDGE_CURVE('',#2376,#2068,#3255,.T.);
#2884=LINE('',#4775,#3256);
#2885=LINE('',#4783,#3257);
#2886=LINE('',#4785,#3258);
#2887=LINE('',#4787,#3259);
#2888=LINE('',#4791,#3260);
#2889=LINE('',#4793,#3261);
#2890=LINE('',#4795,#3262);
#2891=LINE('',#4797,#3263);
#2892=LINE('',#4799,#3264);
#2893=LINE('',#4803,#3265);
#2894=LINE('',#4805,#3266);
#2895=LINE('',#4807,#3267);
#2896=LINE('',#4814,#3268);
#2897=LINE('',#4816,#3269);
#2898=LINE('',#4818,#3270);
#2899=LINE('',#4820,#3271);
#2900=LINE('',#4822,#3272);
#2901=LINE('',#4825,#3273);
#2902=LINE('',#4827,#3274);
#2903=LINE('',#4829,#3275);
#2904=LINE('',#4831,#3276);
#2905=LINE('',#4833,#3277);
#2906=LINE('',#4835,#3278);
#2907=LINE('',#4837,#3279);
#2908=LINE('',#4840,#3280);
#2909=LINE('',#4844,#3281);
#2910=LINE('',#4846,#3282);
#2911=LINE('',#4848,#3283);
#2912=LINE('',#4850,#3284);
#2913=LINE('',#4852,#3285);
#2914=LINE('',#4854,#3286);
#2915=LINE('',#4856,#3287);
#2916=LINE('',#4862,#3288);
#2917=LINE('',#4865,#3289);
#2918=LINE('',#4867,#3290);
#2919=LINE('',#4869,#3291);
#2920=LINE('',#4870,#3292);
#2921=LINE('',#4873,#3293);
#2922=LINE('',#4874,#3294);
#2923=LINE('',#4875,#3295);
#2924=LINE('',#4878,#3296);
#2925=LINE('',#4880,#3297);
#2926=LINE('',#4882,#3298);
#2927=LINE('',#4900,#3299);
#2928=LINE('',#4902,#3300);
#2929=LINE('',#4908,#3301);
#2930=LINE('',#4910,#3302);
#2931=LINE('',#4914,#3303);
#2932=LINE('',#4917,#3304);
#2933=LINE('',#4919,#3305);
#2934=LINE('',#4921,#3306);
#2935=LINE('',#4923,#3307);
#2936=LINE('',#4925,#3308);
#2937=LINE('',#4927,#3309);
#2938=LINE('',#4929,#3310);
#2939=LINE('',#4931,#3311);
#2940=LINE('',#4934,#3312);
#2941=LINE('',#4936,#3313);
#2942=LINE('',#4938,#3314);
#2943=LINE('',#4939,#3315);
#2944=LINE('',#4942,#3316);
#2945=LINE('',#4944,#3317);
#2946=LINE('',#4946,#3318);
#2947=LINE('',#4947,#3319);
#2948=LINE('',#4950,#3320);
#2949=LINE('',#4952,#3321);
#2950=LINE('',#4954,#3322);
#2951=LINE('',#4955,#3323);
#2952=LINE('',#4958,#3324);
#2953=LINE('',#4960,#3325);
#2954=LINE('',#4962,#3326);
#2955=LINE('',#4964,#3327);
#2956=LINE('',#4966,#3328);
#2957=LINE('',#4968,#3329);
#2958=LINE('',#4970,#3330);
#2959=LINE('',#4973,#3331);
#2960=LINE('',#4974,#3332);
#2961=LINE('',#4976,#3333);
#2962=LINE('',#4978,#3334);
#2963=LINE('',#4980,#3335);
#2964=LINE('',#4982,#3336);
#2965=LINE('',#4983,#3337);
#2966=LINE('',#4986,#3338);
#2967=LINE('',#4988,#3339);
#2968=LINE('',#4990,#3340);
#2969=LINE('',#4994,#3341);
#2970=LINE('',#4996,#3342);
#2971=LINE('',#4998,#3343);
#2972=LINE('',#4999,#3344);
#2973=LINE('',#5001,#3345);
#2974=LINE('',#5003,#3346);
#2975=LINE('',#5004,#3347);
#2976=LINE('',#5005,#3348);
#2977=LINE('',#5006,#3349);
#2978=LINE('',#5009,#3350);
#2979=LINE('',#5011,#3351);
#2980=LINE('',#5013,#3352);
#2981=LINE('',#5014,#3353);
#2982=LINE('',#5017,#3354);
#2983=LINE('',#5019,#3355);
#2984=LINE('',#5021,#3356);
#2985=LINE('',#5023,#3357);
#2986=LINE('',#5026,#3358);
#2987=LINE('',#5028,#3359);
#2988=LINE('',#5030,#3360);
#2989=LINE('',#5032,#3361);
#2990=LINE('',#5034,#3362);
#2991=LINE('',#5035,#3363);
#2992=LINE('',#5037,#3364);
#2993=LINE('',#5039,#3365);
#2994=LINE('',#5045,#3366);
#2995=LINE('',#5047,#3367);
#2996=LINE('',#5049,#3368);
#2997=LINE('',#5059,#3369);
#2998=LINE('',#5063,#3370);
#2999=LINE('',#5067,#3371);
#3000=LINE('',#5068,#3372);
#3001=LINE('',#5071,#3373);
#3002=LINE('',#5076,#3374);
#3003=LINE('',#5080,#3375);
#3004=LINE('',#5083,#3376);
#3005=LINE('',#5085,#3377);
#3006=LINE('',#5087,#3378);
#3007=LINE('',#5092,#3379);
#3008=LINE('',#5094,#3380);
#3009=LINE('',#5096,#3381);
#3010=LINE('',#5101,#3382);
#3011=LINE('',#5102,#3383);
#3012=LINE('',#5109,#3384);
#3013=LINE('',#5110,#3385);
#3014=LINE('',#5112,#3386);
#3015=LINE('',#5114,#3387);
#3016=LINE('',#5117,#3388);
#3017=LINE('',#5119,#3389);
#3018=LINE('',#5121,#3390);
#3019=LINE('',#5123,#3391);
#3020=LINE('',#5125,#3392);
#3021=LINE('',#5127,#3393);
#3022=LINE('',#5129,#3394);
#3023=LINE('',#5141,#3395);
#3024=LINE('',#5142,#3396);
#3025=LINE('',#5148,#3397);
#3026=LINE('',#5149,#3398);
#3027=LINE('',#5152,#3399);
#3028=LINE('',#5154,#3400);
#3029=LINE('',#5156,#3401);
#3030=LINE('',#5158,#3402);
#3031=LINE('',#5160,#3403);
#3032=LINE('',#5162,#3404);
#3033=LINE('',#5164,#3405);
#3034=LINE('',#5166,#3406);
#3035=LINE('',#5181,#3407);
#3036=LINE('',#5183,#3408);
#3037=LINE('',#5189,#3409);
#3038=LINE('',#5190,#3410);
#3039=LINE('',#5193,#3411);
#3040=LINE('',#5196,#3412);
#3041=LINE('',#5199,#3413);
#3042=LINE('',#5203,#3414);
#3043=LINE('',#5204,#3415);
#3044=LINE('',#5206,#3416);
#3045=LINE('',#5208,#3417);
#3046=LINE('',#5224,#3418);
#3047=LINE('',#5225,#3419);
#3048=LINE('',#5231,#3420);
#3049=LINE('',#5232,#3421);
#3050=LINE('',#5235,#3422);
#3051=LINE('',#5241,#3423);
#3052=LINE('',#5244,#3424);
#3053=LINE('',#5246,#3425);
#3054=LINE('',#5248,#3426);
#3055=LINE('',#5250,#3427);
#3056=LINE('',#5252,#3428);
#3057=LINE('',#5254,#3429);
#3058=LINE('',#5256,#3430);
#3059=LINE('',#5258,#3431);
#3060=LINE('',#5260,#3432);
#3061=LINE('',#5262,#3433);
#3062=LINE('',#5264,#3434);
#3063=LINE('',#5266,#3435);
#3064=LINE('',#5275,#3436);
#3065=LINE('',#5296,#3438);
#3066=LINE('',#5298,#3439);
#3067=LINE('',#5300,#3440);
#3068=LINE('',#5324,#3442);
#3069=LINE('',#5327,#3443);
#3070=LINE('',#5329,#3444);
#3071=LINE('',#5331,#3445);
#3072=LINE('',#5333,#3446);
#3073=LINE('',#5335,#3447);
#3074=LINE('',#5337,#3448);
#3075=LINE('',#5339,#3449);
#3076=LINE('',#5341,#3450);
#3077=LINE('',#5343,#3451);
#3078=LINE('',#5345,#3452);
#3079=LINE('',#5347,#3453);
#3080=LINE('',#5349,#3454);
#3081=LINE('',#5351,#3455);
#3082=LINE('',#5353,#3456);
#3083=LINE('',#5355,#3457);
#3084=LINE('',#5357,#3458);
#3085=LINE('',#5359,#3459);
#3086=LINE('',#5361,#3460);
#3087=LINE('',#5363,#3461);
#3088=LINE('',#5365,#3462);
#3089=LINE('',#5367,#3463);
#3090=LINE('',#5369,#3464);
#3091=LINE('',#5371,#3465);
#3092=LINE('',#5373,#3466);
#3093=LINE('',#5389,#3467);
#3094=LINE('',#5403,#3469);
#3095=LINE('',#5405,#3470);
#3096=LINE('',#5407,#3471);
#3097=LINE('',#5409,#3472);
#3098=LINE('',#5410,#3473);
#3099=LINE('',#5412,#3474);
#3100=LINE('',#5426,#3475);
#3101=LINE('',#5522,#3478);
#3102=LINE('',#5536,#3479);
#3103=LINE('',#5632,#3482);
#3104=LINE('',#5635,#3483);
#3105=LINE('',#5637,#3484);
#3106=LINE('',#5639,#3485);
#3107=LINE('',#5711,#3486);
#3108=LINE('',#5727,#3487);
#3109=LINE('',#5750,#3488);
#3110=LINE('',#5752,#3489);
#3111=LINE('',#5754,#3490);
#3112=LINE('',#5773,#3491);
#3113=LINE('',#5774,#3492);
#3114=LINE('',#5776,#3493);
#3115=LINE('',#5778,#3494);
#3116=LINE('',#5817,#3495);
#3117=LINE('',#5818,#3496);
#3118=LINE('',#5904,#3499);
#3119=LINE('',#5905,#3500);
#3120=LINE('',#5970,#3503);
#3121=LINE('',#5971,#3504);
#3122=LINE('',#5976,#3506);
#3123=LINE('',#5978,#3507);
#3124=LINE('',#6060,#3508);
#3125=LINE('',#6132,#3511);
#3126=LINE('',#6133,#3512);
#3127=LINE('',#6150,#3514);
#3128=LINE('',#6152,#3515);
#3129=LINE('',#6154,#3516);
#3130=LINE('',#6156,#3517);
#3131=LINE('',#6158,#3518);
#3132=LINE('',#6160,#3519);
#3133=LINE('',#6203,#3520);
#3134=LINE('',#6224,#3522);
#3135=LINE('',#6226,#3523);
#3136=LINE('',#6613,#3529);
#3137=LINE('',#6616,#3530);
#3138=LINE('',#6618,#3531);
#3139=LINE('',#6620,#3532);
#3140=LINE('',#6643,#3533);
#3141=LINE('',#6650,#3535);
#3142=LINE('',#6651,#3536);
#3143=LINE('',#6766,#3538);
#3144=LINE('',#6769,#3539);
#3145=LINE('',#6771,#3540);
#3146=LINE('',#6773,#3541);
#3147=LINE('',#6775,#3542);
#3148=LINE('',#6778,#3543);
#3149=LINE('',#6779,#3544);
#3150=LINE('',#6781,#3545);
#3151=LINE('',#6783,#3546);
#3152=LINE('',#6785,#3547);
#3153=LINE('',#6787,#3548);
#3154=LINE('',#6789,#3549);
#3155=LINE('',#6791,#3550);
#3156=LINE('',#6797,#3551);
#3157=LINE('',#6799,#3552);
#3158=LINE('',#6801,#3553);
#3159=LINE('',#6803,#3554);
#3160=LINE('',#6805,#3555);
#3161=LINE('',#6808,#3556);
#3162=LINE('',#6809,#3557);
#3163=LINE('',#6811,#3558);
#3164=LINE('',#6813,#3559);
#3165=LINE('',#6815,#3560);
#3166=LINE('',#6817,#3561);
#3167=LINE('',#6819,#3562);
#3168=LINE('',#6821,#3563);
#3169=LINE('',#6827,#3564);
#3170=LINE('',#6829,#3565);
#3171=LINE('',#6831,#3566);
#3172=LINE('',#6833,#3567);
#3173=LINE('',#6835,#3568);
#3174=LINE('',#6859,#3569);
#3175=LINE('',#6933,#3570);
#3176=LINE('',#6936,#3571);
#3177=LINE('',#6937,#3572);
#3178=LINE('',#6966,#3573);
#3179=LINE('',#7012,#3574);
#3180=LINE('',#7014,#3575);
#3181=LINE('',#7018,#3576);
#3182=LINE('',#7022,#3577);
#3183=LINE('',#7024,#3578);
#3184=LINE('',#7026,#3579);
#3185=LINE('',#7028,#3580);
#3186=LINE('',#7030,#3581);
#3187=LINE('',#7032,#3582);
#3188=LINE('',#7034,#3583);
#3189=LINE('',#7036,#3584);
#3190=LINE('',#7037,#3585);
#3191=LINE('',#7039,#3586);
#3192=LINE('',#7041,#3587);
#3193=LINE('',#7043,#3588);
#3194=LINE('',#7044,#3589);
#3195=LINE('',#7046,#3590);
#3196=LINE('',#7047,#3591);
#3197=LINE('',#7049,#3592);
#3198=LINE('',#7051,#3593);
#3199=LINE('',#7060,#3594);
#3200=LINE('',#7064,#3595);
#3201=LINE('',#7066,#3596);
#3202=LINE('',#7068,#3597);
#3203=LINE('',#7070,#3598);
#3204=LINE('',#7072,#3599);
#3205=LINE('',#7075,#3600);
#3206=LINE('',#7076,#3601);
#3207=LINE('',#7078,#3602);
#3208=LINE('',#7080,#3603);
#3209=LINE('',#7082,#3604);
#3210=LINE('',#7084,#3605);
#3211=LINE('',#7086,#3606);
#3212=LINE('',#7088,#3607);
#3213=LINE('',#7092,#3608);
#3214=LINE('',#7096,#3609);
#3215=LINE('',#7098,#3610);
#3216=LINE('',#7100,#3611);
#3217=LINE('',#7102,#3612);
#3218=LINE('',#7105,#3613);
#3219=LINE('',#7106,#3614);
#3220=LINE('',#7108,#3615);
#3221=LINE('',#7110,#3616);
#3222=LINE('',#7112,#3617);
#3223=LINE('',#7114,#3618);
#3224=LINE('',#7116,#3619);
#3225=LINE('',#7118,#3620);
#3226=LINE('',#7122,#3621);
#3227=LINE('',#7126,#3622);
#3228=LINE('',#7128,#3623);
#3229=LINE('',#7130,#3624);
#3230=LINE('',#7132,#3625);
#3231=LINE('',#7135,#3626);
#3232=LINE('',#7141,#3627);
#3233=LINE('',#7186,#3628);
#3234=LINE('',#7188,#3629);
#3235=LINE('',#7206,#3630);
#3236=LINE('',#7247,#3631);
#3237=LINE('',#7249,#3632);
#3238=LINE('',#7253,#3633);
#3239=LINE('',#7257,#3634);
#3240=LINE('',#7259,#3635);
#3241=LINE('',#7261,#3636);
#3242=LINE('',#7263,#3637);
#3243=LINE('',#7265,#3638);
#3244=LINE('',#7267,#3639);
#3245=LINE('',#7269,#3640);
#3246=LINE('',#7271,#3641);
#3247=LINE('',#7273,#3642);
#3248=LINE('',#7275,#3643);
#3249=LINE('',#7276,#3644);
#3250=LINE('',#7278,#3645);
#3251=LINE('',#7279,#3646);
#3252=LINE('',#7281,#3647);
#3253=LINE('',#7283,#3648);
#3254=LINE('',#7284,#3649);
#3255=LINE('',#7286,#3650);
#3256=VECTOR('',#3904,1.);
#3257=VECTOR('',#3905,1.);
#3258=VECTOR('',#3906,1.);
#3259=VECTOR('',#3907,1.);
#3260=VECTOR('',#3910,1.);
#3261=VECTOR('',#3911,1.);
#3262=VECTOR('',#3912,1.);
#3263=VECTOR('',#3913,1.);
#3264=VECTOR('',#3914,1.);
#3265=VECTOR('',#3917,1.);
#3266=VECTOR('',#3918,1.);
#3267=VECTOR('',#3919,1.);
#3268=VECTOR('',#3920,1.);
#3269=VECTOR('',#3921,1.);
#3270=VECTOR('',#3922,1.);
#3271=VECTOR('',#3923,1.);
#3272=VECTOR('',#3926,1.);
#3273=VECTOR('',#3929,1.);
#3274=VECTOR('',#3930,1.);
#3275=VECTOR('',#3931,1.);
#3276=VECTOR('',#3932,1.);
#3277=VECTOR('',#3933,1.);
#3278=VECTOR('',#3934,1.);
#3279=VECTOR('',#3937,1.);
#3280=VECTOR('',#3938,1.);
#3281=VECTOR('',#3941,1.);
#3282=VECTOR('',#3942,1.);
#3283=VECTOR('',#3943,1.);
#3284=VECTOR('',#3944,1.);
#3285=VECTOR('',#3945,1.);
#3286=VECTOR('',#3946,1.);
#3287=VECTOR('',#3947,1.);
#3288=VECTOR('',#3954,1.);
#3289=VECTOR('',#3955,1.);
#3290=VECTOR('',#3956,1.);
#3291=VECTOR('',#3957,1.);
#3292=VECTOR('',#3958,1.);
#3293=VECTOR('',#3959,1.);
#3294=VECTOR('',#3960,1.);
#3295=VECTOR('',#3961,1.);
#3296=VECTOR('',#3962,1.);
#3297=VECTOR('',#3963,1.);
#3298=VECTOR('',#3964,1.);
#3299=VECTOR('',#3983,1.);
#3300=VECTOR('',#3984,1.);
#3301=VECTOR('',#3989,1.);
#3302=VECTOR('',#3990,1.);
#3303=VECTOR('',#3995,1.);
#3304=VECTOR('',#3996,1.);
#3305=VECTOR('',#3997,1.);
#3306=VECTOR('',#3998,1.);
#3307=VECTOR('',#3999,1.);
#3308=VECTOR('',#4000,1.);
#3309=VECTOR('',#4003,1.);
#3310=VECTOR('',#4006,1.);
#3311=VECTOR('',#4009,1.);
#3312=VECTOR('',#4010,1.);
#3313=VECTOR('',#4011,1.);
#3314=VECTOR('',#4012,1.);
#3315=VECTOR('',#4013,1.);
#3316=VECTOR('',#4014,1.);
#3317=VECTOR('',#4015,1.);
#3318=VECTOR('',#4016,1.);
#3319=VECTOR('',#4017,1.);
#3320=VECTOR('',#4018,1.);
#3321=VECTOR('',#4019,1.);
#3322=VECTOR('',#4020,1.);
#3323=VECTOR('',#4021,1.);
#3324=VECTOR('',#4022,1.);
#3325=VECTOR('',#4023,1.);
#3326=VECTOR('',#4024,1.);
#3327=VECTOR('',#4027,1.);
#3328=VECTOR('',#4028,1.);
#3329=VECTOR('',#4029,1.);
#3330=VECTOR('',#4032,1.);
#3331=VECTOR('',#4033,1.);
#3332=VECTOR('',#4034,1.);
#3333=VECTOR('',#4037,1.);
#3334=VECTOR('',#4038,1.);
#3335=VECTOR('',#4039,1.);
#3336=VECTOR('',#4042,1.);
#3337=VECTOR('',#4043,1.);
#3338=VECTOR('',#4048,1.);
#3339=VECTOR('',#4049,1.);
#3340=VECTOR('',#4050,1.);
#3341=VECTOR('',#4053,1.);
#3342=VECTOR('',#4054,1.);
#3343=VECTOR('',#4055,1.);
#3344=VECTOR('',#4056,1.);
#3345=VECTOR('',#4057,1.);
#3346=VECTOR('',#4058,1.);
#3347=VECTOR('',#4059,1.);
#3348=VECTOR('',#4060,1.);
#3349=VECTOR('',#4061,1.);
#3350=VECTOR('',#4062,1.);
#3351=VECTOR('',#4063,1.);
#3352=VECTOR('',#4064,1.);
#3353=VECTOR('',#4065,1.);
#3354=VECTOR('',#4066,1.);
#3355=VECTOR('',#4067,1.);
#3356=VECTOR('',#4068,1.);
#3357=VECTOR('',#4071,1.);
#3358=VECTOR('',#4072,1.);
#3359=VECTOR('',#4073,1.);
#3360=VECTOR('',#4074,1.);
#3361=VECTOR('',#4075,1.);
#3362=VECTOR('',#4076,1.);
#3363=VECTOR('',#4077,1.);
#3364=VECTOR('',#4078,1.);
#3365=VECTOR('',#4079,1.);
#3366=VECTOR('',#4084,1.);
#3367=VECTOR('',#4085,1.);
#3368=VECTOR('',#4086,1.);
#3369=VECTOR('',#4099,1.);
#3370=VECTOR('',#4102,1.);
#3371=VECTOR('',#4109,1.);
#3372=VECTOR('',#4110,1.);
#3373=VECTOR('',#4115,1.);
#3374=VECTOR('',#4124,1.);
#3375=VECTOR('',#4127,1.);
#3376=VECTOR('',#4130,1.);
#3377=VECTOR('',#4131,1.);
#3378=VECTOR('',#4132,1.);
#3379=VECTOR('',#4139,1.);
#3380=VECTOR('',#4140,1.);
#3381=VECTOR('',#4141,1.);
#3382=VECTOR('',#4142,1.);
#3383=VECTOR('',#4143,1.);
#3384=VECTOR('',#4148,1.);
#3385=VECTOR('',#4149,1.);
#3386=VECTOR('',#4152,1.);
#3387=VECTOR('',#4155,1.);
#3388=VECTOR('',#4160,1.);
#3389=VECTOR('',#4163,1.);
#3390=VECTOR('',#4166,1.);
#3391=VECTOR('',#4169,1.);
#3392=VECTOR('',#4170,1.);
#3393=VECTOR('',#4171,1.);
#3394=VECTOR('',#4172,1.);
#3395=VECTOR('',#4185,1.);
#3396=VECTOR('',#4186,1.);
#3397=VECTOR('',#4195,1.);
#3398=VECTOR('',#4196,1.);
#3399=VECTOR('',#4201,1.);
#3400=VECTOR('',#4202,1.);
#3401=VECTOR('',#4203,1.);
#3402=VECTOR('',#4206,1.);
#3403=VECTOR('',#4207,1.);
#3404=VECTOR('',#4208,1.);
#3405=VECTOR('',#4211,1.);
#3406=VECTOR('',#4212,1.);
#3407=VECTOR('',#4237,1.);
#3408=VECTOR('',#4238,1.);
#3409=VECTOR('',#4247,1.);
#3410=VECTOR('',#4248,1.);
#3411=VECTOR('',#4253,1.);
#3412=VECTOR('',#4258,1.);
#3413=VECTOR('',#4261,1.);
#3414=VECTOR('',#4268,1.);
#3415=VECTOR('',#4269,1.);
#3416=VECTOR('',#4272,1.);
#3417=VECTOR('',#4275,1.);
#3418=VECTOR('',#4296,1.);
#3419=VECTOR('',#4297,1.);
#3420=VECTOR('',#4306,1.);
#3421=VECTOR('',#4307,1.);
#3422=VECTOR('',#4312,1.);
#3423=VECTOR('',#4323,1.);
#3424=VECTOR('',#4324,1.);
#3425=VECTOR('',#4325,1.);
#3426=VECTOR('',#4326,1.);
#3427=VECTOR('',#4329,1.);
#3428=VECTOR('',#4330,1.);
#3429=VECTOR('',#4331,1.);
#3430=VECTOR('',#4334,1.);
#3431=VECTOR('',#4335,1.);
#3432=VECTOR('',#4336,1.);
#3433=VECTOR('',#4339,1.);
#3434=VECTOR('',#4340,1.);
#3435=VECTOR('',#4341,1.);
#3436=VECTOR('',#4344,1.);
#3437=VECTOR('',#4345,1.);
#3438=VECTOR('',#4346,1.);
#3439=VECTOR('',#4347,1.);
#3440=VECTOR('',#4348,1.);
#3441=VECTOR('',#4351,1.);
#3442=VECTOR('',#4352,1.);
#3443=VECTOR('',#4353,1.);
#3444=VECTOR('',#4354,1.);
#3445=VECTOR('',#4355,1.);
#3446=VECTOR('',#4358,1.);
#3447=VECTOR('',#4359,1.);
#3448=VECTOR('',#4360,1.);
#3449=VECTOR('',#4363,1.);
#3450=VECTOR('',#4364,1.);
#3451=VECTOR('',#4365,1.);
#3452=VECTOR('',#4368,1.);
#3453=VECTOR('',#4369,1.);
#3454=VECTOR('',#4370,1.);
#3455=VECTOR('',#4373,1.);
#3456=VECTOR('',#4374,1.);
#3457=VECTOR('',#4375,1.);
#3458=VECTOR('',#4378,1.);
#3459=VECTOR('',#4379,1.);
#3460=VECTOR('',#4380,1.);
#3461=VECTOR('',#4383,1.);
#3462=VECTOR('',#4384,1.);
#3463=VECTOR('',#4385,1.);
#3464=VECTOR('',#4388,1.);
#3465=VECTOR('',#4389,1.);
#3466=VECTOR('',#4390,1.);
#3467=VECTOR('',#4393,1.);
#3468=VECTOR('',#4394,1.);
#3469=VECTOR('',#4395,1.);
#3470=VECTOR('',#4396,1.);
#3471=VECTOR('',#4397,1.);
#3472=VECTOR('',#4400,1.);
#3473=VECTOR('',#4401,1.);
#3474=VECTOR('',#4404,1.);
#3475=VECTOR('',#4405,1.);
#3476=VECTOR('',#4406,1.);
#3477=VECTOR('',#4407,1.);
#3478=VECTOR('',#4408,1.);
#3479=VECTOR('',#4409,1.);
#3480=VECTOR('',#4410,1.);
#3481=VECTOR('',#4411,1.);
#3482=VECTOR('',#4412,1.);
#3483=VECTOR('',#4413,1.);
#3484=VECTOR('',#4414,1.);
#3485=VECTOR('',#4415,1.);
#3486=VECTOR('',#4416,1.);
#3487=VECTOR('',#4417,1.);
#3488=VECTOR('',#4418,1.);
#3489=VECTOR('',#4419,1.);
#3490=VECTOR('',#4420,1.);
#3491=VECTOR('',#4423,1.);
#3492=VECTOR('',#4424,1.);
#3493=VECTOR('',#4427,1.);
#3494=VECTOR('',#4430,1.);
#3495=VECTOR('',#4435,1.);
#3496=VECTOR('',#4436,1.);
#3497=VECTOR('',#4437,1.);
#3498=VECTOR('',#4438,1.);
#3499=VECTOR('',#4439,1.);
#3500=VECTOR('',#4440,1.);
#3501=VECTOR('',#4441,1.);
#3502=VECTOR('',#4442,1.);
#3503=VECTOR('',#4443,1.);
#3504=VECTOR('',#4444,1.);
#3505=VECTOR('',#4445,1.);
#3506=VECTOR('',#4446,1.);
#3507=VECTOR('',#4447,1.);
#3508=VECTOR('',#4450,1.);
#3509=VECTOR('',#4451,1.);
#3510=VECTOR('',#4452,1.);
#3511=VECTOR('',#4453,1.);
#3512=VECTOR('',#4454,1.);
#3513=VECTOR('',#4455,1.);
#3514=VECTOR('',#4456,1.);
#3515=VECTOR('',#4457,1.);
#3516=VECTOR('',#4460,1.);
#3517=VECTOR('',#4461,1.);
#3518=VECTOR('',#4464,1.);
#3519=VECTOR('',#4465,1.);
#3520=VECTOR('',#4468,1.);
#3521=VECTOR('',#4469,1.);
#3522=VECTOR('',#4470,1.);
#3523=VECTOR('',#4471,1.);
#3524=VECTOR('',#4474,1.);
#3525=VECTOR('',#4479,1.);
#3526=VECTOR('',#4482,1.);
#3527=VECTOR('',#4489,1.);
#3528=VECTOR('',#4492,1.);
#3529=VECTOR('',#4495,1.);
#3530=VECTOR('',#4496,1.);
#3531=VECTOR('',#4497,1.);
#3532=VECTOR('',#4498,1.);
#3533=VECTOR('',#4501,1.);
#3534=VECTOR('',#4502,1.);
#3535=VECTOR('',#4503,1.);
#3536=VECTOR('',#4504,1.);
#3537=VECTOR('',#4511,1.);
#3538=VECTOR('',#4532,1.);
#3539=VECTOR('',#4533,1.);
#3540=VECTOR('',#4534,1.);
#3541=VECTOR('',#4535,1.);
#3542=VECTOR('',#4538,1.);
#3543=VECTOR('',#4539,1.);
#3544=VECTOR('',#4540,1.);
#3545=VECTOR('',#4543,1.);
#3546=VECTOR('',#4544,1.);
#3547=VECTOR('',#4545,1.);
#3548=VECTOR('',#4548,1.);
#3549=VECTOR('',#4549,1.);
#3550=VECTOR('',#4550,1.);
#3551=VECTOR('',#4557,1.);
#3552=VECTOR('',#4560,1.);
#3553=VECTOR('',#4561,1.);
#3554=VECTOR('',#4562,1.);
#3555=VECTOR('',#4565,1.);
#3556=VECTOR('',#4566,1.);
#3557=VECTOR('',#4567,1.);
#3558=VECTOR('',#4570,1.);
#3559=VECTOR('',#4571,1.);
#3560=VECTOR('',#4572,1.);
#3561=VECTOR('',#4575,1.);
#3562=VECTOR('',#4576,1.);
#3563=VECTOR('',#4577,1.);
#3564=VECTOR('',#4584,1.);
#3565=VECTOR('',#4587,1.);
#3566=VECTOR('',#4588,1.);
#3567=VECTOR('',#4589,1.);
#3568=VECTOR('',#4592,1.);
#3569=VECTOR('',#4593,1.);
#3570=VECTOR('',#4594,1.);
#3571=VECTOR('',#4595,1.);
#3572=VECTOR('',#4596,1.);
#3573=VECTOR('',#4599,1.);
#3574=VECTOR('',#4600,1.);
#3575=VECTOR('',#4601,1.);
#3576=VECTOR('',#4606,1.);
#3577=VECTOR('',#4611,1.);
#3578=VECTOR('',#4612,1.);
#3579=VECTOR('',#4613,1.);
#3580=VECTOR('',#4614,1.);
#3581=VECTOR('',#4615,1.);
#3582=VECTOR('',#4616,1.);
#3583=VECTOR('',#4617,1.);
#3584=VECTOR('',#4620,1.);
#3585=VECTOR('',#4621,1.);
#3586=VECTOR('',#4622,1.);
#3587=VECTOR('',#4625,1.);
#3588=VECTOR('',#4628,1.);
#3589=VECTOR('',#4629,1.);
#3590=VECTOR('',#4632,1.);
#3591=VECTOR('',#4633,1.);
#3592=VECTOR('',#4636,1.);
#3593=VECTOR('',#4639,1.);
#3594=VECTOR('',#4652,1.);
#3595=VECTOR('',#4655,1.);
#3596=VECTOR('',#4658,1.);
#3597=VECTOR('',#4659,1.);
#3598=VECTOR('',#4660,1.);
#3599=VECTOR('',#4663,1.);
#3600=VECTOR('',#4664,1.);
#3601=VECTOR('',#4665,1.);
#3602=VECTOR('',#4668,1.);
#3603=VECTOR('',#4669,1.);
#3604=VECTOR('',#4670,1.);
#3605=VECTOR('',#4673,1.);
#3606=VECTOR('',#4674,1.);
#3607=VECTOR('',#4675,1.);
#3608=VECTOR('',#4680,1.);
#3609=VECTOR('',#4685,1.);
#3610=VECTOR('',#4686,1.);
#3611=VECTOR('',#4687,1.);
#3612=VECTOR('',#4690,1.);
#3613=VECTOR('',#4691,1.);
#3614=VECTOR('',#4692,1.);
#3615=VECTOR('',#4695,1.);
#3616=VECTOR('',#4696,1.);
#3617=VECTOR('',#4697,1.);
#3618=VECTOR('',#4700,1.);
#3619=VECTOR('',#4701,1.);
#3620=VECTOR('',#4702,1.);
#3621=VECTOR('',#4707,1.);
#3622=VECTOR('',#4712,1.);
#3623=VECTOR('',#4713,1.);
#3624=VECTOR('',#4714,1.);
#3625=VECTOR('',#4717,1.);
#3626=VECTOR('',#4718,1.);
#3627=VECTOR('',#4719,1.);
#3628=VECTOR('',#4720,1.);
#3629=VECTOR('',#4721,1.);
#3630=VECTOR('',#4724,1.);
#3631=VECTOR('',#4725,1.);
#3632=VECTOR('',#4726,1.);
#3633=VECTOR('',#4731,1.);
#3634=VECTOR('',#4736,1.);
#3635=VECTOR('',#4737,1.);
#3636=VECTOR('',#4738,1.);
#3637=VECTOR('',#4739,1.);
#3638=VECTOR('',#4740,1.);
#3639=VECTOR('',#4741,1.);
#3640=VECTOR('',#4742,1.);
#3641=VECTOR('',#4745,1.);
#3642=VECTOR('',#4746,1.);
#3643=VECTOR('',#4749,1.);
#3644=VECTOR('',#4750,1.);
#3645=VECTOR('',#4753,1.);
#3646=VECTOR('',#4754,1.);
#3647=VECTOR('',#4757,1.);
#3648=VECTOR('',#4760,1.);
#3649=VECTOR('',#4761,1.);
#3650=VECTOR('',#4764,1.);
#3651=PRESENTATION_LAYER_ASSIGNMENT('1','Layer 1',(#3662));
#3652=PRESENTATION_LAYER_ASSIGNMENT('9','Layer 9',(#38));
#3653=STYLED_ITEM('',(#3655),#3662);
#3654=STYLED_ITEM('',(#3656),#38);
#3655=PRESENTATION_STYLE_ASSIGNMENT((#3657));
#3656=PRESENTATION_STYLE_ASSIGNMENT((#33));
#3657=CURVE_STYLE('',#3660,POSITIVE_LENGTH_MEASURE(0.13),#3658);
#3658=COLOUR_RGB('Strong Stone',0.576470588235294,0.54508278019379,0.392156862745098);
#3659=COLOUR_RGB('Strong Azure',0.,0.4,0.6);
#3660=DRAUGHTING_PRE_DEFINED_CURVE_FONT('continuous');
#3661=AXIS2_PLACEMENT_3D('',#4773,#3900,#3901);
#3662=AXIS2_PLACEMENT_3D('',#4774,#3902,#3903);
#3663=AXIS2_PLACEMENT_3D('',#4789,#3908,#3909);
#3664=AXIS2_PLACEMENT_3D('',#4801,#3915,#3916);
#3665=AXIS2_PLACEMENT_3D('',#4821,#3924,#3925);
#3666=AXIS2_PLACEMENT_3D('',#4824,#3927,#3928);
#3667=AXIS2_PLACEMENT_3D('',#4836,#3935,#3936);
#3668=AXIS2_PLACEMENT_3D('',#4842,#3939,#3940);
#3669=AXIS2_PLACEMENT_3D('',#4857,#3948,#3949);
#3670=AXIS2_PLACEMENT_3D('',#4858,#3950,#3951);
#3671=AXIS2_PLACEMENT_3D('',#4860,#3952,#3953);
#3672=AXIS2_PLACEMENT_3D('',#4883,#3965,#3966);
#3673=AXIS2_PLACEMENT_3D('',#4886,#3967,#3968);
#3674=AXIS2_PLACEMENT_3D('',#4887,#3969,#3970);
#3675=AXIS2_PLACEMENT_3D('',#4890,#3971,#3972);
#3676=AXIS2_PLACEMENT_3D('',#4891,#3973,#3974);
#3677=AXIS2_PLACEMENT_3D('',#4894,#3975,#3976);
#3678=AXIS2_PLACEMENT_3D('',#4895,#3977,#3978);
#3679=AXIS2_PLACEMENT_3D('',#4898,#3979,#3980);
#3680=AXIS2_PLACEMENT_3D('',#4899,#3981,#3982);
#3681=AXIS2_PLACEMENT_3D('',#4904,#3985,#3986);
#3682=AXIS2_PLACEMENT_3D('',#4906,#3987,#3988);
#3683=AXIS2_PLACEMENT_3D('',#4911,#3991,#3992);
#3684=AXIS2_PLACEMENT_3D('',#4913,#3993,#3994);
#3685=AXIS2_PLACEMENT_3D('',#4926,#4001,#4002);
#3686=AXIS2_PLACEMENT_3D('',#4928,#4004,#4005);
#3687=AXIS2_PLACEMENT_3D('',#4930,#4007,#4008);
#3688=AXIS2_PLACEMENT_3D('',#4963,#4025,#4026);
#3689=AXIS2_PLACEMENT_3D('',#4969,#4030,#4031);
#3690=AXIS2_PLACEMENT_3D('',#4975,#4035,#4036);
#3691=AXIS2_PLACEMENT_3D('',#4981,#4040,#4041);
#3692=AXIS2_PLACEMENT_3D('',#4984,#4044,#4045);
#3693=AXIS2_PLACEMENT_3D('',#4985,#4046,#4047);
#3694=AXIS2_PLACEMENT_3D('',#4992,#4051,#4052);
#3695=AXIS2_PLACEMENT_3D('',#5022,#4069,#4070);
#3696=AXIS2_PLACEMENT_3D('',#5041,#4080,#4081);
#3697=AXIS2_PLACEMENT_3D('',#5043,#4082,#4083);
#3698=AXIS2_PLACEMENT_3D('',#5050,#4087,#4088);
#3699=AXIS2_PLACEMENT_3D('',#5052,#4089,#4090);
#3700=AXIS2_PLACEMENT_3D('',#5053,#4091,#4092);
#3701=AXIS2_PLACEMENT_3D('',#5054,#4093,#4094);
#3702=AXIS2_PLACEMENT_3D('',#5057,#4095,#4096);
#3703=AXIS2_PLACEMENT_3D('',#5058,#4097,#4098);
#3704=AXIS2_PLACEMENT_3D('',#5061,#4100,#4101);
#3705=AXIS2_PLACEMENT_3D('',#5064,#4103,#4104);
#3706=AXIS2_PLACEMENT_3D('',#5065,#4105,#4106);
#3707=AXIS2_PLACEMENT_3D('',#5066,#4107,#4108);
#3708=AXIS2_PLACEMENT_3D('',#5069,#4111,#4112);
#3709=AXIS2_PLACEMENT_3D('',#5070,#4113,#4114);
#3710=AXIS2_PLACEMENT_3D('',#5072,#4116,#4117);
#3711=AXIS2_PLACEMENT_3D('',#5073,#4118,#4119);
#3712=AXIS2_PLACEMENT_3D('',#5074,#4120,#4121);
#3713=AXIS2_PLACEMENT_3D('',#5075,#4122,#4123);
#3714=AXIS2_PLACEMENT_3D('',#5079,#4125,#4126);
#3715=AXIS2_PLACEMENT_3D('',#5081,#4128,#4129);
#3716=AXIS2_PLACEMENT_3D('',#5089,#4133,#4134);
#3717=AXIS2_PLACEMENT_3D('',#5090,#4135,#4136);
#3718=AXIS2_PLACEMENT_3D('',#5091,#4137,#4138);
#3719=AXIS2_PLACEMENT_3D('',#5107,#4144,#4145);
#3720=AXIS2_PLACEMENT_3D('',#5108,#4146,#4147);
#3721=AXIS2_PLACEMENT_3D('',#5111,#4150,#4151);
#3722=AXIS2_PLACEMENT_3D('',#5113,#4153,#4154);
#3723=AXIS2_PLACEMENT_3D('',#5115,#4156,#4157);
#3724=AXIS2_PLACEMENT_3D('',#5116,#4158,#4159);
#3725=AXIS2_PLACEMENT_3D('',#5118,#4161,#4162);
#3726=AXIS2_PLACEMENT_3D('',#5120,#4164,#4165);
#3727=AXIS2_PLACEMENT_3D('',#5122,#4167,#4168);
#3728=AXIS2_PLACEMENT_3D('',#5130,#4173,#4174);
#3729=AXIS2_PLACEMENT_3D('',#5131,#4175,#4176);
#3730=AXIS2_PLACEMENT_3D('',#5134,#4177,#4178);
#3731=AXIS2_PLACEMENT_3D('',#5136,#4179,#4180);
#3732=AXIS2_PLACEMENT_3D('',#5137,#4181,#4182);
#3733=AXIS2_PLACEMENT_3D('',#5138,#4183,#4184);
#3734=AXIS2_PLACEMENT_3D('',#5143,#4187,#4188);
#3735=AXIS2_PLACEMENT_3D('',#5144,#4189,#4190);
#3736=AXIS2_PLACEMENT_3D('',#5146,#4191,#4192);
#3737=AXIS2_PLACEMENT_3D('',#5147,#4193,#4194);
#3738=AXIS2_PLACEMENT_3D('',#5150,#4197,#4198);
#3739=AXIS2_PLACEMENT_3D('',#5151,#4199,#4200);
#3740=AXIS2_PLACEMENT_3D('',#5157,#4204,#4205);
#3741=AXIS2_PLACEMENT_3D('',#5163,#4209,#4210);
#3742=AXIS2_PLACEMENT_3D('',#5167,#4213,#4214);
#3743=AXIS2_PLACEMENT_3D('',#5168,#4215,#4216);
#3744=AXIS2_PLACEMENT_3D('',#5169,#4217,#4218);
#3745=AXIS2_PLACEMENT_3D('',#5170,#4219,#4220);
#3746=AXIS2_PLACEMENT_3D('',#5171,#4221,#4222);
#3747=AXIS2_PLACEMENT_3D('',#5172,#4223,#4224);
#3748=AXIS2_PLACEMENT_3D('',#5173,#4225,#4226);
#3749=AXIS2_PLACEMENT_3D('',#5174,#4227,#4228);
#3750=AXIS2_PLACEMENT_3D('',#5175,#4229,#4230);
#3751=AXIS2_PLACEMENT_3D('',#5176,#4231,#4232);
#3752=AXIS2_PLACEMENT_3D('',#5179,#4233,#4234);
#3753=AXIS2_PLACEMENT_3D('',#5180,#4235,#4236);
#3754=AXIS2_PLACEMENT_3D('',#5185,#4239,#4240);
#3755=AXIS2_PLACEMENT_3D('',#5186,#4241,#4242);
#3756=AXIS2_PLACEMENT_3D('',#5187,#4243,#4244);
#3757=AXIS2_PLACEMENT_3D('',#5188,#4245,#4246);
#3758=AXIS2_PLACEMENT_3D('',#5191,#4249,#4250);
#3759=AXIS2_PLACEMENT_3D('',#5192,#4251,#4252);
#3760=AXIS2_PLACEMENT_3D('',#5194,#4254,#4255);
#3761=AXIS2_PLACEMENT_3D('',#5195,#4256,#4257);
#3762=AXIS2_PLACEMENT_3D('',#5198,#4259,#4260);
#3763=AXIS2_PLACEMENT_3D('',#5200,#4262,#4263);
#3764=AXIS2_PLACEMENT_3D('',#5201,#4264,#4265);
#3765=AXIS2_PLACEMENT_3D('',#5202,#4266,#4267);
#3766=AXIS2_PLACEMENT_3D('',#5205,#4270,#4271);
#3767=AXIS2_PLACEMENT_3D('',#5207,#4273,#4274);
#3768=AXIS2_PLACEMENT_3D('',#5209,#4276,#4277);
#3769=AXIS2_PLACEMENT_3D('',#5210,#4278,#4279);
#3770=AXIS2_PLACEMENT_3D('',#5211,#4280,#4281);
#3771=AXIS2_PLACEMENT_3D('',#5212,#4282,#4283);
#3772=AXIS2_PLACEMENT_3D('',#5213,#4284,#4285);
#3773=AXIS2_PLACEMENT_3D('',#5214,#4286,#4287);
#3774=AXIS2_PLACEMENT_3D('',#5217,#4288,#4289);
#3775=AXIS2_PLACEMENT_3D('',#5219,#4290,#4291);
#3776=AXIS2_PLACEMENT_3D('',#5220,#4292,#4293);
#3777=AXIS2_PLACEMENT_3D('',#5221,#4294,#4295);
#3778=AXIS2_PLACEMENT_3D('',#5226,#4298,#4299);
#3779=AXIS2_PLACEMENT_3D('',#5227,#4300,#4301);
#3780=AXIS2_PLACEMENT_3D('',#5229,#4302,#4303);
#3781=AXIS2_PLACEMENT_3D('',#5230,#4304,#4305);
#3782=AXIS2_PLACEMENT_3D('',#5233,#4308,#4309);
#3783=AXIS2_PLACEMENT_3D('',#5234,#4310,#4311);
#3784=AXIS2_PLACEMENT_3D('',#5236,#4313,#4314);
#3785=AXIS2_PLACEMENT_3D('',#5237,#4315,#4316);
#3786=AXIS2_PLACEMENT_3D('',#5238,#4317,#4318);
#3787=AXIS2_PLACEMENT_3D('',#5239,#4319,#4320);
#3788=AXIS2_PLACEMENT_3D('',#5240,#4321,#4322);
#3789=AXIS2_PLACEMENT_3D('',#5249,#4327,#4328);
#3790=AXIS2_PLACEMENT_3D('',#5255,#4332,#4333);
#3791=AXIS2_PLACEMENT_3D('',#5261,#4337,#4338);
#3792=AXIS2_PLACEMENT_3D('',#5267,#4342,#4343);
#3793=AXIS2_PLACEMENT_3D('',#5301,#4349,#4350);
#3794=AXIS2_PLACEMENT_3D('',#5332,#4356,#4357);
#3795=AXIS2_PLACEMENT_3D('',#5338,#4361,#4362);
#3796=AXIS2_PLACEMENT_3D('',#5344,#4366,#4367);
#3797=AXIS2_PLACEMENT_3D('',#5350,#4371,#4372);
#3798=AXIS2_PLACEMENT_3D('',#5356,#4376,#4377);
#3799=AXIS2_PLACEMENT_3D('',#5362,#4381,#4382);
#3800=AXIS2_PLACEMENT_3D('',#5368,#4386,#4387);
#3801=AXIS2_PLACEMENT_3D('',#5374,#4391,#4392);
#3802=AXIS2_PLACEMENT_3D('',#5408,#4398,#4399);
#3803=AXIS2_PLACEMENT_3D('',#5411,#4402,#4403);
#3804=AXIS2_PLACEMENT_3D('',#5772,#4421,#4422);
#3805=AXIS2_PLACEMENT_3D('',#5775,#4425,#4426);
#3806=AXIS2_PLACEMENT_3D('',#5777,#4428,#4429);
#3807=AXIS2_PLACEMENT_3D('',#5779,#4431,#4432);
#3808=AXIS2_PLACEMENT_3D('',#5780,#4433,#4434);
#3809=AXIS2_PLACEMENT_3D('',#5979,#4448,#4449);
#3810=AXIS2_PLACEMENT_3D('',#6153,#4458,#4459);
#3811=AXIS2_PLACEMENT_3D('',#6157,#4462,#4463);
#3812=AXIS2_PLACEMENT_3D('',#6161,#4466,#4467);
#3813=AXIS2_PLACEMENT_3D('',#6227,#4472,#4473);
#3814=AXIS2_PLACEMENT_3D('',#6320,#4475,#4476);
#3815=AXIS2_PLACEMENT_3D('',#6332,#4477,#4478);
#3816=AXIS2_PLACEMENT_3D('',#6411,#4480,#4481);
#3817=AXIS2_PLACEMENT_3D('',#6433,#4483,#4484);
#3818=AXIS2_PLACEMENT_3D('',#6499,#4485,#4486);
#3819=AXIS2_PLACEMENT_3D('',#6511,#4487,#4488);
#3820=AXIS2_PLACEMENT_3D('',#6590,#4490,#4491);
#3821=AXIS2_PLACEMENT_3D('',#6612,#4493,#4494);
#3822=AXIS2_PLACEMENT_3D('',#6621,#4499,#4500);
#3823=AXIS2_PLACEMENT_3D('',#6652,#4505,#4506);
#3824=AXIS2_PLACEMENT_3D('',#6653,#4507,#4508);
#3825=AXIS2_PLACEMENT_3D('',#6654,#4509,#4510);
#3826=AXIS2_PLACEMENT_3D('',#6754,#4512,#4513);
#3827=AXIS2_PLACEMENT_3D('',#6755,#4514,#4515);
#3828=AXIS2_PLACEMENT_3D('',#6756,#4516,#4517);
#3829=AXIS2_PLACEMENT_3D('',#6757,#4518,#4519);
#3830=AXIS2_PLACEMENT_3D('',#6758,#4520,#4521);
#3831=AXIS2_PLACEMENT_3D('',#6760,#4522,#4523);
#3832=AXIS2_PLACEMENT_3D('',#6761,#4524,#4525);
#3833=AXIS2_PLACEMENT_3D('',#6762,#4526,#4527);
#3834=AXIS2_PLACEMENT_3D('',#6764,#4528,#4529);
#3835=AXIS2_PLACEMENT_3D('',#6765,#4530,#4531);
#3836=AXIS2_PLACEMENT_3D('',#6774,#4536,#4537);
#3837=AXIS2_PLACEMENT_3D('',#6780,#4541,#4542);
#3838=AXIS2_PLACEMENT_3D('',#6786,#4546,#4547);
#3839=AXIS2_PLACEMENT_3D('',#6792,#4551,#4552);
#3840=AXIS2_PLACEMENT_3D('',#6793,#4553,#4554);
#3841=AXIS2_PLACEMENT_3D('',#6795,#4555,#4556);
#3842=AXIS2_PLACEMENT_3D('',#6798,#4558,#4559);
#3843=AXIS2_PLACEMENT_3D('',#6804,#4563,#4564);
#3844=AXIS2_PLACEMENT_3D('',#6810,#4568,#4569);
#3845=AXIS2_PLACEMENT_3D('',#6816,#4573,#4574);
#3846=AXIS2_PLACEMENT_3D('',#6822,#4578,#4579);
#3847=AXIS2_PLACEMENT_3D('',#6823,#4580,#4581);
#3848=AXIS2_PLACEMENT_3D('',#6825,#4582,#4583);
#3849=AXIS2_PLACEMENT_3D('',#6828,#4585,#4586);
#3850=AXIS2_PLACEMENT_3D('',#6834,#4590,#4591);
#3851=AXIS2_PLACEMENT_3D('',#6938,#4597,#4598);
#3852=AXIS2_PLACEMENT_3D('',#7015,#4602,#4603);
#3853=AXIS2_PLACEMENT_3D('',#7016,#4604,#4605);
#3854=AXIS2_PLACEMENT_3D('',#7020,#4607,#4608);
#3855=AXIS2_PLACEMENT_3D('',#7021,#4609,#4610);
#3856=AXIS2_PLACEMENT_3D('',#7035,#4618,#4619);
#3857=AXIS2_PLACEMENT_3D('',#7040,#4623,#4624);
#3858=AXIS2_PLACEMENT_3D('',#7042,#4626,#4627);
#3859=AXIS2_PLACEMENT_3D('',#7045,#4630,#4631);
#3860=AXIS2_PLACEMENT_3D('',#7048,#4634,#4635);
#3861=AXIS2_PLACEMENT_3D('',#7050,#4637,#4638);
#3862=AXIS2_PLACEMENT_3D('',#7052,#4640,#4641);
#3863=AXIS2_PLACEMENT_3D('',#7053,#4642,#4643);
#3864=AXIS2_PLACEMENT_3D('',#7054,#4644,#4645);
#3865=AXIS2_PLACEMENT_3D('',#7055,#4646,#4647);
#3866=AXIS2_PLACEMENT_3D('',#7056,#4648,#4649);
#3867=AXIS2_PLACEMENT_3D('',#7057,#4650,#4651);
#3868=AXIS2_PLACEMENT_3D('',#7062,#4653,#4654);
#3869=AXIS2_PLACEMENT_3D('',#7065,#4656,#4657);
#3870=AXIS2_PLACEMENT_3D('',#7071,#4661,#4662);
#3871=AXIS2_PLACEMENT_3D('',#7077,#4666,#4667);
#3872=AXIS2_PLACEMENT_3D('',#7083,#4671,#4672);
#3873=AXIS2_PLACEMENT_3D('',#7089,#4676,#4677);
#3874=AXIS2_PLACEMENT_3D('',#7090,#4678,#4679);
#3875=AXIS2_PLACEMENT_3D('',#7094,#4681,#4682);
#3876=AXIS2_PLACEMENT_3D('',#7095,#4683,#4684);
#3877=AXIS2_PLACEMENT_3D('',#7101,#4688,#4689);
#3878=AXIS2_PLACEMENT_3D('',#7107,#4693,#4694);
#3879=AXIS2_PLACEMENT_3D('',#7113,#4698,#4699);
#3880=AXIS2_PLACEMENT_3D('',#7119,#4703,#4704);
#3881=AXIS2_PLACEMENT_3D('',#7120,#4705,#4706);
#3882=AXIS2_PLACEMENT_3D('',#7124,#4708,#4709);
#3883=AXIS2_PLACEMENT_3D('',#7125,#4710,#4711);
#3884=AXIS2_PLACEMENT_3D('',#7131,#4715,#4716);
#3885=AXIS2_PLACEMENT_3D('',#7189,#4722,#4723);
#3886=AXIS2_PLACEMENT_3D('',#7250,#4727,#4728);
#3887=AXIS2_PLACEMENT_3D('',#7251,#4729,#4730);
#3888=AXIS2_PLACEMENT_3D('',#7255,#4732,#4733);
#3889=AXIS2_PLACEMENT_3D('',#7256,#4734,#4735);
#3890=AXIS2_PLACEMENT_3D('',#7270,#4743,#4744);
#3891=AXIS2_PLACEMENT_3D('',#7274,#4747,#4748);
#3892=AXIS2_PLACEMENT_3D('',#7277,#4751,#4752);
#3893=AXIS2_PLACEMENT_3D('',#7280,#4755,#4756);
#3894=AXIS2_PLACEMENT_3D('',#7282,#4758,#4759);
#3895=AXIS2_PLACEMENT_3D('',#7285,#4762,#4763);
#3896=AXIS2_PLACEMENT_3D('',#7287,#4765,#4766);
#3897=AXIS2_PLACEMENT_3D('',#7288,#4767,#4768);
#3898=AXIS2_PLACEMENT_3D('',#7289,#4769,#4770);
#3899=AXIS2_PLACEMENT_3D('',#7290,#4771,#4772);
#3900=DIRECTION('',(0.,0.,1.));
#3901=DIRECTION('',(1.,0.,0.));
#3902=DIRECTION('',(0.,0.,1.));
#3903=DIRECTION('',(1.,0.,0.));
#3904=DIRECTION('',(0.,-1.,-1.17145334231628E-15));
#3905=DIRECTION('',(-1.02488887302228E-16,-1.,-1.17145334231628E-15));
#3906=DIRECTION('',(0.0868535935631926,0.0831957191459655,0.992741117110068));
#3907=DIRECTION('',(-1.02488887302228E-16,-1.,-1.17145334231628E-15));
#3908=DIRECTION('',(-0.996194698091747,0.,0.0871557427476583));
#3909=DIRECTION('',(-0.0871557427476582,1.17592810377354E-15,-0.996194698091746));
#3910=DIRECTION('',(0.,-1.,-1.17145334231628E-15));
#3911=DIRECTION('',(0.0870372042918473,-0.0521373445210817,0.994839797341939));
#3912=DIRECTION('',(0.,-1.,-1.17145334231628E-15));
#3913=DIRECTION('',(0.0870372042918473,0.0521373445210817,0.994839797341939));
#3914=DIRECTION('',(0.,-1.,-1.17145334231628E-15));
#3915=DIRECTION('',(0.996194698091747,1.02098886143802E-16,-0.0871557427476583));
#3916=DIRECTION('',(-0.0871557427476582,1.16699560867733E-15,-0.996194698091746));
#3917=DIRECTION('',(0.,-1.,-1.17145334231628E-15));
#3918=DIRECTION('',(0.0868535935631927,-0.0831957191459655,0.992741117110068));
#3919=DIRECTION('',(0.,-1.,-1.17145334231628E-15));
#3920=DIRECTION('',(0.,-1.,-1.17145334231628E-15));
#3921=DIRECTION('',(0.0868265931319929,0.0868266902626568,0.992432500769258));
#3922=DIRECTION('',(-5.91488906710491E-8,0.99999999999977,-6.76074914020404E-7));
#3923=DIRECTION('',(0.08682659454955,-0.0868265036468094,0.99243251697201));
#3924=DIRECTION('',(-0.996194698091746,0.,0.0871557427476582));
#3925=DIRECTION('',(-0.0871557427476582,0.,-0.996194698091746));
#3926=DIRECTION('',(0.999999999999749,5.77534403119644E-7,-4.0989201188113E-7));
#3927=DIRECTION('',(0.,-1.17145334231628E-15,1.));
#3928=DIRECTION('',(0.,-1.,-1.17290962296159E-15));
#3929=DIRECTION('',(0.999999999999749,5.77528073321903E-7,-4.09892011869508E-7));
#3930=DIRECTION('',(-5.77528150558329E-7,0.999999999999832,-4.38704009807053E-8));
#3931=DIRECTION('',(-0.999999999999916,-2.14815288095021E-8,4.09891987475481E-7));
#3932=DIRECTION('',(1.8336347364503E-8,1.,-4.38706073077542E-8));
#3933=DIRECTION('',(0.999999999999916,-2.14815287107231E-8,-4.09891985590666E-7));
#3934=DIRECTION('',(-5.77528150558329E-7,0.999999999999832,-4.38704009807053E-8));
#3935=DIRECTION('',(0.,1.17145334231628E-15,-1.));
#3936=DIRECTION('',(1.,0.,0.));
#3937=DIRECTION('',(-0.999999999999749,5.77528073321903E-7,-4.09892011869508E-7));
#3938=DIRECTION('',(1.02488887302228E-16,-1.,-1.17145334231628E-15));
#3939=DIRECTION('',(0.,1.17145334231628E-15,-1.));
#3940=DIRECTION('',(0.,-1.,-1.17290962296159E-15));
#3941=DIRECTION('',(1.02488887302228E-16,-1.,-1.17145334231628E-15));
#3942=DIRECTION('',(-0.999999999999749,5.77534403119644E-7,-4.0989201188113E-7));
#3943=DIRECTION('',(5.77528150558329E-7,0.999999999999832,-4.38704009807053E-8));
#3944=DIRECTION('',(-0.999999999999916,2.14815287107231E-8,4.09891985590666E-7));
#3945=DIRECTION('',(-1.83363575728855E-8,1.,-4.38705922759064E-8));
#3946=DIRECTION('',(0.999999999999916,2.14815288095021E-8,-4.09891987475481E-7));
#3947=DIRECTION('',(5.77528150558329E-7,0.999999999999832,-4.38704009807053E-8));
#3948=DIRECTION('',(0.,1.17145334231628E-15,-1.));
#3949=DIRECTION('',(-1.,0.,0.));
#3950=DIRECTION('',(0.,-1.17145334231628E-15,1.));
#3951=DIRECTION('',(0.,1.,1.2117043479698E-15));
#3952=DIRECTION('',(0.,0.,-1.));
#3953=DIRECTION('',(-1.,0.,0.));
#3954=DIRECTION('',(0.,1.,1.17145334231628E-15));
#3955=DIRECTION('',(-1.,0.,0.));
#3956=DIRECTION('',(0.,-1.,-1.17145334231628E-15));
#3957=DIRECTION('',(1.,0.,0.));
#3958=DIRECTION('',(0.,-1.,-1.17145334231628E-15));
#3959=DIRECTION('',(1.,0.,0.));
#3960=DIRECTION('',(-1.,0.,0.));
#3961=DIRECTION('',(1.,0.,0.));
#3962=DIRECTION('',(0.,-1.,-1.17145334231628E-15));
#3963=DIRECTION('',(-1.,0.,0.));
#3964=DIRECTION('',(0.,-1.,-1.17145334231628E-15));
#3965=DIRECTION('',(0.,1.17145334231628E-15,-1.));
#3966=DIRECTION('',(0.,-1.,-1.0842021724855E-15));
#3967=DIRECTION('',(0.,1.17145334231628E-15,-1.));
#3968=DIRECTION('',(0.,-1.,-1.0842021724855E-15));
#3969=DIRECTION('',(0.,0.,1.));
#3970=DIRECTION('',(-1.,0.,0.));
#3971=DIRECTION('',(0.,0.,1.));
#3972=DIRECTION('',(1.,0.,0.));
#3973=DIRECTION('',(0.,-1.17145334231628E-15,1.));
#3974=DIRECTION('',(0.,-1.,-1.0842021724855E-15));
#3975=DIRECTION('',(0.,-1.17145334231628E-15,1.));
#3976=DIRECTION('',(0.,-1.,-1.0842021724855E-15));
#3977=DIRECTION('',(0.,0.,-1.));
#3978=DIRECTION('',(0.999999999999999,0.,0.));
#3979=DIRECTION('',(0.,0.,-1.));
#3980=DIRECTION('',(-1.,0.,0.));
#3981=DIRECTION('',(0.,1.17145334231628E-15,-1.));
#3982=DIRECTION('',(0.,-1.,-1.17137202715334E-15));
#3983=DIRECTION('',(1.,0.,0.));
#3984=DIRECTION('',(0.,-1.,-1.17145334231628E-15));
#3985=DIRECTION('',(0.,-1.17145334231628E-15,1.));
#3986=DIRECTION('',(0.,1.,1.16938948603794E-15));
#3987=DIRECTION('',(0.,-1.17145334231628E-15,1.));
#3988=DIRECTION('',(0.,1.,1.16938948603794E-15));
#3989=DIRECTION('',(0.,-1.,-1.17145334231628E-15));
#3990=DIRECTION('',(-1.,0.,0.));
#3991=DIRECTION('',(0.,1.17145334231628E-15,-1.));
#3992=DIRECTION('',(0.,1.,1.16938948603794E-15));
#3993=DIRECTION('',(0.,1.17145334231628E-15,-1.));
#3994=DIRECTION('',(0.,1.,1.16938948603794E-15));
#3995=DIRECTION('',(-0.999986292247427,-0.00523596383141958,-6.13368733056362E-18));
#3996=DIRECTION('',(0.,1.,0.));
#3997=DIRECTION('',(-0.999986292247427,-0.00523596383141958,-6.1336873305636E-18));
#3998=DIRECTION('',(0.999986292247427,-0.00523596383141958,-6.1336873305636E-18));
#3999=DIRECTION('',(0.,1.,0.));
#4000=DIRECTION('',(0.999986292247427,-0.00523596383141958,-6.13368733056362E-18));
#4001=DIRECTION('',(0.,-1.17145334231628E-15,1.));
#4002=DIRECTION('',(0.,1.,1.17145334231628E-15));
#4003=DIRECTION('',(-0.0870372042918473,-0.0521373445210817,0.994839797341939));
#4004=DIRECTION('',(0.,-0.998629534754574,-0.0523359562429438));
#4005=DIRECTION('',(0.,-0.0523359562429438,0.998629534754574));
#4006=DIRECTION('',(-0.0870372042918473,0.0521373445210817,0.994839797341939));
#4007=DIRECTION('',(0.,0.998629534754574,-0.0523359562429438));
#4008=DIRECTION('',(0.,-0.0523359562429438,-0.998629534754574));
#4009=DIRECTION('',(-1.,0.,0.));
#4010=DIRECTION('',(-6.18651738846292E-32,-1.,-1.17145334231628E-15));
#4011=DIRECTION('',(-1.,0.,0.));
#4012=DIRECTION('',(0.,-1.,-1.17145334231628E-15));
#4013=DIRECTION('',(0.,-1.,-1.17145334231628E-15));
#4014=DIRECTION('',(-1.,0.,0.));
#4015=DIRECTION('',(0.,-1.,-1.17145334231628E-15));
#4016=DIRECTION('',(-1.,0.,0.));
#4017=DIRECTION('',(-1.,0.,0.));
#4018=DIRECTION('',(0.,-1.,-1.17145334231628E-15));
#4019=DIRECTION('',(-1.,0.,0.));
#4020=DIRECTION('',(0.,-1.,-1.17145334231628E-15));
#4021=DIRECTION('',(1.,0.,0.));
#4022=DIRECTION('',(6.18651738846292E-32,-1.,-1.17145334231628E-15));
#4023=DIRECTION('',(1.,0.,0.));
#4024=DIRECTION('',(0.,-1.,-1.17145334231628E-15));
#4025=DIRECTION('',(0.,1.17145334231628E-15,-1.));
#4026=DIRECTION('',(0.,-1.,-1.17137202715334E-15));
#4027=DIRECTION('',(0.,-1.17145334231628E-15,1.));
#4028=DIRECTION('',(-1.,0.,0.));
#4029=DIRECTION('',(0.,-1.17145334231628E-15,1.));
#4030=DIRECTION('',(0.,-1.,-1.17145334231628E-15));
#4031=DIRECTION('',(0.,-1.17267306976032E-15,1.));
#4032=DIRECTION('',(-1.,0.,0.));
#4033=DIRECTION('',(0.0868265938642476,-0.0868265938642476,0.992432509138967));
#4034=DIRECTION('',(-0.0868265938642476,-0.0868265938642476,0.992432509138967));
#4035=DIRECTION('',(0.,0.996194698091746,0.0871557427476582));
#4036=DIRECTION('',(0.,0.0871557427476582,-0.996194698091746));
#4037=DIRECTION('',(0.0868265938642476,0.0868265938642476,0.992432509138967));
#4038=DIRECTION('',(-1.,0.,0.));
#4039=DIRECTION('',(-0.0868265938642476,0.0868265938642476,0.992432509138967));
#4040=DIRECTION('',(0.,-0.996194698091746,0.0871557427476582));
#4041=DIRECTION('',(0.,0.0871557427476582,0.996194698091746));
#4042=DIRECTION('',(0.,-0.00872653549837393,0.999961923064171));
#4043=DIRECTION('',(0.,-0.00872653549837393,0.999961923064171));
#4044=DIRECTION('',(0.,-0.999961923064171,-0.00872653549837393));
#4045=DIRECTION('',(0.,-0.00872653549837393,0.999961923064171));
#4046=DIRECTION('',(0.,-1.17145334231628E-15,1.));
#4047=DIRECTION('',(0.,-1.,-1.15505116110046E-15));
#4048=DIRECTION('',(0.998618845653194,0.0525395194713731,6.1547595688431E-17));
#4049=DIRECTION('',(-0.998618845653194,0.0525395194713731,6.1547595688431E-17));
#4050=DIRECTION('',(0.,-1.,-1.17145334231628E-15));
#4051=DIRECTION('',(0.,-1.17145334231628E-15,1.));
#4052=DIRECTION('',(0.,-1.,-1.15505116110046E-15));
#4053=DIRECTION('',(1.02488887302228E-16,-1.,-1.17145334231628E-15));
#4054=DIRECTION('',(0.998618845653194,0.0525395194713731,6.15475956884311E-17));
#4055=DIRECTION('',(-0.998618845653194,0.0525395194713731,6.15475956884311E-17));
#4056=DIRECTION('',(0.,1.,1.17145334231628E-15));
#4057=DIRECTION('',(-1.,0.,0.));
#4058=DIRECTION('',(0.,1.,1.17145334231628E-15));
#4059=DIRECTION('',(-6.18651738846292E-32,-1.,-1.17145334231628E-15));
#4060=DIRECTION('',(0.,-1.,-1.17145334231628E-15));
#4061=DIRECTION('',(0.,-1.,-1.17145334231628E-15));
#4062=DIRECTION('',(-1.,0.,0.));
#4063=DIRECTION('',(0.,-1.,-1.17145334231628E-15));
#4064=DIRECTION('',(-1.,0.,0.));
#4065=DIRECTION('',(6.18651738846292E-32,-1.,-1.17145334231628E-15));
#4066=DIRECTION('',(1.,0.,0.));
#4067=DIRECTION('',(0.,-1.,-1.17145334231628E-15));
#4068=DIRECTION('',(1.,0.,0.));
#4069=DIRECTION('',(0.,-1.17145334231628E-15,1.));
#4070=DIRECTION('',(0.,1.,1.17137202715334E-15));
#4071=DIRECTION('',(0.999986292247427,0.00523596383141958,6.13368733056362E-18));
#4072=DIRECTION('',(-0.999986292247427,0.00523596383141958,6.13368733056362E-18));
#4073=DIRECTION('',(0.,-1.,-1.17145334231628E-15));
#4074=DIRECTION('',(0.999986292247427,-0.00523596383141958,-6.1336873305636E-18));
#4075=DIRECTION('',(-0.999986292247427,-0.00523596383141958,-6.1336873305636E-18));
#4076=DIRECTION('',(0.,-1.,-1.17145334231628E-15));
#4077=DIRECTION('',(0.998618845653194,-0.0525395194713731,-6.15475956884311E-17));
#4078=DIRECTION('',(-0.998618845653194,-0.0525395194713731,-6.15475956884311E-17));
#4079=DIRECTION('',(1.02488887302228E-16,-1.,-1.17145334231628E-15));
#4080=DIRECTION('',(0.,1.17145334231628E-15,-1.));
#4081=DIRECTION('',(0.,-1.,-1.11517937741366E-15));
#4082=DIRECTION('',(0.,1.17145334231628E-15,-1.));
#4083=DIRECTION('',(0.,-1.,-1.11517937741366E-15));
#4084=DIRECTION('',(0.,-1.,-1.17145334231628E-15));
#4085=DIRECTION('',(0.998618845653194,-0.0525395194713731,-6.1547595688431E-17));
#4086=DIRECTION('',(-0.998618845653194,-0.0525395194713731,-6.1547595688431E-17));
#4087=DIRECTION('',(0.,-1.17145334231628E-15,1.));
#4088=DIRECTION('',(0.,-1.,-1.11517937741366E-15));
#4089=DIRECTION('',(0.,-1.17145334231628E-15,1.));
#4090=DIRECTION('',(0.,-1.,-1.11517937741366E-15));
#4091=DIRECTION('',(0.,1.17145334231628E-15,-1.));
#4092=DIRECTION('',(0.,-1.,-1.17137202715334E-15));
#4093=DIRECTION('',(0.,1.17145334231628E-15,-1.));
#4094=DIRECTION('',(0.,-1.,0.));
#4095=DIRECTION('',(8.881784197E-16,1.17145334231628E-15,-1.));
#4096=DIRECTION('',(-1.00000000000001,0.,0.));
#4097=DIRECTION('',(0.,1.17145334231628E-15,-1.));
#4098=DIRECTION('',(-1.,0.,0.));
#4099=DIRECTION('',(0.235997328101036,-1.13836412439359E-15,0.971753703944149));
#4100=DIRECTION('',(0.,1.17145334231628E-15,-1.));
#4101=DIRECTION('',(0.,-1.,-1.0842021724855E-15));
#4102=DIRECTION('',(-0.235997328101036,-1.13836412439359E-15,0.971753703944149));
#4103=DIRECTION('',(0.,-1.17145334231628E-15,1.));
#4104=DIRECTION('',(-0.374404634016952,-0.92726542587688,-7.17869391381369E-16));
#4105=DIRECTION('',(0.,1.17145334231628E-15,-1.));
#4106=DIRECTION('',(0.,-1.,-1.0842021724855E-15));
#4107=DIRECTION('',(0.,-1.17145334231628E-15,1.));
#4108=DIRECTION('',(1.,0.,1.96431923014802E-16));
#4109=DIRECTION('',(0.,-1.17145334231628E-15,1.));
#4110=DIRECTION('',(0.,-1.17145334231628E-15,1.));
#4111=DIRECTION('',(0.,1.17145334231628E-15,-1.));
#4112=DIRECTION('',(0.,-1.,-1.30104260698261E-15));
#4113=DIRECTION('',(0.,1.17145334231628E-15,-1.));
#4114=DIRECTION('',(0.,-1.,-1.30104260698261E-15));
#4115=DIRECTION('',(0.,1.17145334231628E-15,-1.));
#4116=DIRECTION('',(0.996194698091747,-1.02098886143802E-16,0.0871557427476583));
#4117=DIRECTION('',(0.0871557427476582,1.16699560867733E-15,-0.996194698091746));
#4118=DIRECTION('',(0.,1.17145334231628E-15,-1.));
#4119=DIRECTION('',(0.,-1.,-1.17713378726998E-15));
#4120=DIRECTION('',(-0.996194698091747,0.,-0.0871557427476583));
#4121=DIRECTION('',(0.0871557427476582,1.17592810377354E-15,-0.996194698091746));
#4122=DIRECTION('',(0.,1.17145334231628E-15,-1.));
#4123=DIRECTION('',(0.,-1.,-1.17713378726998E-15));
#4124=DIRECTION('',(0.,-1.,0.));
#4125=DIRECTION('',(-1.,0.,0.));
#4126=DIRECTION('',(0.,1.,0.));
#4127=DIRECTION('',(0.,1.17145334231628E-15,-1.));
#4128=DIRECTION('',(-1.,0.,0.));
#4129=DIRECTION('',(0.,1.,1.17145334231628E-15));
#4130=DIRECTION('',(0.,0.,1.));
#4131=DIRECTION('',(0.,1.,0.));
#4132=DIRECTION('',(0.,0.,-1.));
#4133=DIRECTION('',(1.,0.,0.));
#4134=DIRECTION('',(0.,0.,-1.));
#4135=DIRECTION('',(1.,0.,0.));
#4136=DIRECTION('',(0.,0.,-1.));
#4137=DIRECTION('',(-1.,0.,0.));
#4138=DIRECTION('',(0.,-1.16573417585641E-15,1.));
#4139=DIRECTION('',(-0.08682659454955,-0.0868265036468094,0.99243251697201));
#4140=DIRECTION('',(-5.91488906710491E-8,-0.99999999999977,6.76074914020404E-7));
#4141=DIRECTION('',(-0.0868265931319929,0.0868266902626568,0.992432500769258));
#4142=DIRECTION('',(-0.0868535935631927,-0.0831957191459655,0.992741117110068));
#4143=DIRECTION('',(-0.0868535935631926,0.0831957191459655,0.992741117110068));
#4144=DIRECTION('',(0.996194698091746,0.,0.0871557427476582));
#4145=DIRECTION('',(-0.0871557427476582,0.,0.996194698091746));
#4146=DIRECTION('',(0.996194698091746,-1.02098886143802E-16,0.0871557427476582));
#4147=DIRECTION('',(0.0871557427476582,0.,-0.996194698091746));
#4148=DIRECTION('',(0.0868265938642476,0.0868265938642476,0.992432509138967));
#4149=DIRECTION('',(-0.0868265938642476,0.0868265938642476,0.992432509138967));
#4150=DIRECTION('',(0.,-0.996194698091746,0.0871557427476582));
#4151=DIRECTION('',(0.,0.0871557427476582,0.996194698091746));
#4152=DIRECTION('',(-0.0868265938642476,-0.0868265938642476,0.992432509138967));
#4153=DIRECTION('',(0.996194698091746,-1.02098886143802E-16,0.0871557427476582));
#4154=DIRECTION('',(0.0871557427476582,0.,-0.996194698091746));
#4155=DIRECTION('',(0.0868265938642476,-0.0868265938642476,0.992432509138967));
#4156=DIRECTION('',(0.,0.996194698091746,0.0871557427476582));
#4157=DIRECTION('',(0.,0.0871557427476582,-0.996194698091746));
#4158=DIRECTION('',(-0.996194698091746,-1.02098886143802E-16,0.0871557427476582));
#4159=DIRECTION('',(0.0871557427476582,0.,0.996194698091746));
#4160=DIRECTION('',(0.,1.17145334231628E-15,-1.));
#4161=DIRECTION('',(-0.00523596383141958,0.999986292247427,1.17143728432371E-15));
#4162=DIRECTION('',(-0.999986292247427,-0.00523596383141958,0.));
#4163=DIRECTION('',(0.,0.0880635389568619,-0.996114859394434));
#4164=DIRECTION('',(-0.0523359562429438,-0.994749718599181,-0.0879428509373322));
#4165=DIRECTION('',(-2.16840434497101E-18,-0.0880635389568619,0.996114859394434));
#4166=DIRECTION('',(0.,0.0880635389568619,0.996114859394434));
#4167=DIRECTION('',(-0.0523359562429438,0.994749718599181,-0.0879428509373322));
#4168=DIRECTION('',(-3.68628738645072E-18,-0.0880635389568619,-0.996114859394434));
#4169=DIRECTION('',(-1.,0.,0.));
#4170=DIRECTION('',(0.,-1.,0.));
#4171=DIRECTION('',(-0.999986292247427,0.00523596383141958,0.));
#4172=DIRECTION('',(0.999986292247427,0.00523596383141958,0.));
#4173=DIRECTION('',(0.,0.,1.));
#4174=DIRECTION('',(0.,1.,0.));
#4175=DIRECTION('',(0.,0.,-1.));
#4176=DIRECTION('',(-0.374404634016975,-0.927265425876868,0.));
#4177=DIRECTION('',(0.,0.,-1.));
#4178=DIRECTION('',(-0.999999999999999,0.,0.));
#4179=DIRECTION('',(0.,0.,-1.));
#4180=DIRECTION('',(0.999999999445801,-3.32924652778231E-5,0.));
#4181=DIRECTION('',(0.,0.,-1.));
#4182=DIRECTION('',(1.,0.,0.));
#4183=DIRECTION('',(0.,0.,-1.));
#4184=DIRECTION('',(-1.,0.,0.));
#4185=DIRECTION('',(-0.235997240309391,-4.62175626167082E-7,-0.971753725264863));
#4186=DIRECTION('',(0.235997328100896,0.,-0.971753703944183));
#4187=DIRECTION('',(0.,0.,1.));
#4188=DIRECTION('',(-1.,0.,1.01547023505239E-16));
#4189=DIRECTION('',(0.,0.,-1.));
#4190=DIRECTION('',(1.,0.,0.));
#4191=DIRECTION('',(0.,0.,-1.));
#4192=DIRECTION('',(-0.374404634016988,-0.927265425876867,0.));
#4193=DIRECTION('',(0.,0.,1.));
#4194=DIRECTION('',(0.374404634016987,0.927265425876866,1.01547023505239E-16));
#4195=DIRECTION('',(2.415845301584E-13,0.,-1.));
#4196=DIRECTION('',(-2.415845301584E-13,0.,-1.));
#4197=DIRECTION('',(0.,0.,-1.));
#4198=DIRECTION('',(1.,0.,0.));
#4199=DIRECTION('',(0.,0.,-1.));
#4200=DIRECTION('',(1.,0.,0.));
#4201=DIRECTION('',(-1.,0.,0.));
#4202=DIRECTION('',(1.,0.,0.));
#4203=DIRECTION('',(0.,0.,-1.));
#4204=DIRECTION('',(0.,-1.,0.));
#4205=DIRECTION('',(0.,0.,1.));
#4206=DIRECTION('',(0.,1.,0.));
#4207=DIRECTION('',(0.999986292247427,0.00523596383141958,0.));
#4208=DIRECTION('',(-0.999986292247427,0.00523596383141958,0.));
#4209=DIRECTION('',(0.,0.,-1.));
#4210=DIRECTION('',(0.,1.,0.));
#4211=DIRECTION('',(0.,0.,1.));
#4212=DIRECTION('',(0.999986292247427,0.00523596383141958,6.13368733056362E-18));
#4213=DIRECTION('',(-0.00523596383141958,0.999986292247427,0.));
#4214=DIRECTION('',(-0.999986292247427,-0.00523596383141958,0.));
#4215=DIRECTION('',(1.,0.,0.));
#4216=DIRECTION('',(0.,0.,-1.));
#4217=DIRECTION('',(1.,0.,0.));
#4218=DIRECTION('',(0.,0.,1.));
#4219=DIRECTION('',(1.,0.,0.));
#4220=DIRECTION('',(0.,1.,1.17145334231628E-15));
#4221=DIRECTION('',(0.999986292247427,0.00523596383141958,6.13368733056362E-18));
#4222=DIRECTION('',(-0.00523596383141958,0.999986292247427,0.));
#4223=DIRECTION('',(1.,0.,0.));
#4224=DIRECTION('',(0.,0.,-1.));
#4225=DIRECTION('',(1.,0.,0.));
#4226=DIRECTION('',(0.,0.,1.));
#4227=DIRECTION('',(1.,0.,0.));
#4228=DIRECTION('',(0.,1.,0.));
#4229=DIRECTION('',(0.999986292247427,0.00523596383141958,0.));
#4230=DIRECTION('',(-0.00523596383141958,0.999986292247427,0.));
#4231=DIRECTION('',(0.,-1.17145334231628E-15,1.));
#4232=DIRECTION('',(0.,-1.,0.));
#4233=DIRECTION('',(8.881784197E-16,-1.17145334231628E-15,1.));
#4234=DIRECTION('',(1.00000000000001,0.,0.));
#4235=DIRECTION('',(0.,1.17145334231628E-15,-1.));
#4236=DIRECTION('',(1.,0.,0.));
#4237=DIRECTION('',(-0.235997328101036,-1.13836412439359E-15,0.971753703944149));
#4238=DIRECTION('',(0.235997328101036,-1.13836412439359E-15,0.971753703944149));
#4239=DIRECTION('',(0.,-1.17145334231628E-15,1.));
#4240=DIRECTION('',(0.,-1.,-1.0842021724855E-15));
#4241=DIRECTION('',(0.,-1.17145334231628E-15,1.));
#4242=DIRECTION('',(0.374404634016952,-0.92726542587688,-7.17869391381369E-16));
#4243=DIRECTION('',(0.,-1.17145334231628E-15,1.));
#4244=DIRECTION('',(0.,-1.,-1.0842021724855E-15));
#4245=DIRECTION('',(0.,-1.17145334231628E-15,1.));
#4246=DIRECTION('',(-1.,0.,1.96431923014802E-16));
#4247=DIRECTION('',(0.,-1.17145334231628E-15,1.));
#4248=DIRECTION('',(0.,-1.17145334231628E-15,1.));
#4249=DIRECTION('',(0.,1.17145334231628E-15,-1.));
#4250=DIRECTION('',(0.,-1.,-1.30104260698261E-15));
#4251=DIRECTION('',(0.,1.17145334231628E-15,-1.));
#4252=DIRECTION('',(0.,-1.,-1.30104260698261E-15));
#4253=DIRECTION('',(0.,1.17145334231628E-15,-1.));
#4254=DIRECTION('',(0.,1.17145334231628E-15,-1.));
#4255=DIRECTION('',(0.,-1.,-1.17713378726998E-15));
#4256=DIRECTION('',(0.,1.17145334231628E-15,-1.));
#4257=DIRECTION('',(0.,-1.,-1.17713378726998E-15));
#4258=DIRECTION('',(0.,0.,1.));
#4259=DIRECTION('',(-1.,0.,0.));
#4260=DIRECTION('',(0.,1.,1.17145334231628E-15));
#4261=DIRECTION('',(0.,1.17145334231628E-15,-1.));
#4262=DIRECTION('',(-1.,0.,0.));
#4263=DIRECTION('',(0.,1.,0.));
#4264=DIRECTION('',(1.,0.,0.));
#4265=DIRECTION('',(0.,-1.16573417585641E-15,1.));
#4266=DIRECTION('',(-0.996194698091746,-1.02098886143802E-16,0.0871557427476582));
#4267=DIRECTION('',(0.0871557427476582,0.,0.996194698091746));
#4268=DIRECTION('',(-0.0868265938642476,0.0868265938642476,0.992432509138967));
#4269=DIRECTION('',(0.0868265938642476,0.0868265938642476,0.992432509138967));
#4270=DIRECTION('',(0.,-0.996194698091746,0.0871557427476582));
#4271=DIRECTION('',(0.,0.0871557427476582,0.996194698091746));
#4272=DIRECTION('',(0.0868265938642476,-0.0868265938642476,0.992432509138967));
#4273=DIRECTION('',(-0.996194698091746,-1.02098886143802E-16,0.0871557427476582));
#4274=DIRECTION('',(-0.0871557427476582,0.,-0.996194698091746));
#4275=DIRECTION('',(-0.0868265938642476,-0.0868265938642476,0.992432509138967));
#4276=DIRECTION('',(0.,0.996194698091746,0.0871557427476582));
#4277=DIRECTION('',(0.,0.0871557427476582,-0.996194698091746));
#4278=DIRECTION('',(0.996194698091746,-1.02098886143802E-16,0.0871557427476582));
#4279=DIRECTION('',(0.0871557427476582,0.,-0.996194698091746));
#4280=DIRECTION('',(0.00523596383141958,0.999986292247427,1.17143728432371E-15));
#4281=DIRECTION('',(-0.999986292247427,0.00523596383141958,0.));
#4282=DIRECTION('',(0.0523359562429438,-0.994749718599181,-0.0879428509373322));
#4283=DIRECTION('',(0.,-0.0880635389568618,0.996114859394434));
#4284=DIRECTION('',(0.0523359562429438,0.994749718599181,-0.0879428509373322));
#4285=DIRECTION('',(0.,-0.0880635389568618,-0.996114859394434));
#4286=DIRECTION('',(0.,0.,1.));
#4287=DIRECTION('',(0.374404634016975,-0.927265425876868,0.));
#4288=DIRECTION('',(0.,0.,1.));
#4289=DIRECTION('',(-0.999999999445801,-3.32924652778231E-5,0.));
#4290=DIRECTION('',(0.,0.,1.));
#4291=DIRECTION('',(0.999999999999999,0.,0.));
#4292=DIRECTION('',(0.,0.,-1.));
#4293=DIRECTION('',(1.,0.,0.));
#4294=DIRECTION('',(0.,0.,1.));
#4295=DIRECTION('',(0.999999999999999,0.,0.));
#4296=DIRECTION('',(-0.235997328100896,0.,-0.971753703944183));
#4297=DIRECTION('',(0.235997240309391,-4.62175626167082E-7,-0.971753725264863));
#4298=DIRECTION('',(0.,0.,1.));
#4299=DIRECTION('',(1.,0.,1.01547023505239E-16));
#4300=DIRECTION('',(0.,0.,1.));
#4301=DIRECTION('',(-1.,0.,0.));
#4302=DIRECTION('',(0.,0.,1.));
#4303=DIRECTION('',(0.374404634016988,-0.927265425876867,0.));
#4304=DIRECTION('',(0.,0.,1.));
#4305=DIRECTION('',(-0.374404634016987,0.927265425876866,1.01547023505239E-16));
#4306=DIRECTION('',(2.415845301584E-13,0.,-1.));
#4307=DIRECTION('',(-2.415845301584E-13,0.,-1.));
#4308=DIRECTION('',(0.,0.,-1.));
#4309=DIRECTION('',(0.999999999999999,0.,0.));
#4310=DIRECTION('',(0.,0.,-1.));
#4311=DIRECTION('',(0.999999999999999,0.,0.));
#4312=DIRECTION('',(-0.999986292247427,0.00523596383141958,6.13368733056362E-18));
#4313=DIRECTION('',(0.00523596383141958,0.999986292247427,0.));
#4314=DIRECTION('',(-0.999986292247427,0.00523596383141958,0.));
#4315=DIRECTION('',(-0.999986292247427,0.00523596383141958,6.13368733056362E-18));
#4316=DIRECTION('',(-0.00523596383141958,-0.999986292247427,0.));
#4317=DIRECTION('',(-0.999986292247427,0.00523596383141958,0.));
#4318=DIRECTION('',(-0.00523596383141958,-0.999986292247427,0.));
#4319=DIRECTION('',(0.,0.,1.));
#4320=DIRECTION('',(0.,1.,-3.76965281095506E-16));
#4321=DIRECTION('',(0.,0.,1.));
#4322=DIRECTION('',(0.,1.,-3.76965281095506E-16));
#4323=DIRECTION('',(0.,0.,-1.));
#4324=DIRECTION('',(-1.,0.,0.));
#4325=DIRECTION('',(0.,0.,-1.));
#4326=DIRECTION('',(1.,0.,0.));
#4327=DIRECTION('',(0.,1.,0.));
#4328=DIRECTION('',(0.,0.,1.));
#4329=DIRECTION('',(0.,1.,0.));
#4330=DIRECTION('',(0.,0.,-1.));
#4331=DIRECTION('',(0.,-1.,0.));
#4332=DIRECTION('',(1.,0.,0.));
#4333=DIRECTION('',(0.,0.,-1.));
#4334=DIRECTION('',(1.,0.,0.));
#4335=DIRECTION('',(0.,0.,-1.));
#4336=DIRECTION('',(-1.,0.,0.));
#4337=DIRECTION('',(0.,-1.,0.));
#4338=DIRECTION('',(0.,0.,-1.));
#4339=DIRECTION('',(0.,-1.,0.));
#4340=DIRECTION('',(0.,0.,-1.));
#4341=DIRECTION('',(0.,1.,0.));
#4342=DIRECTION('',(-1.,0.,0.));
#4343=DIRECTION('',(0.,0.,1.));
#4344=DIRECTION('',(0.,0.,-1.));
#4345=DIRECTION('',(0.,0.,1.));
#4346=DIRECTION('',(-1.,0.,0.));
#4347=DIRECTION('',(0.,0.,-1.));
#4348=DIRECTION('',(1.,0.,0.));
#4349=DIRECTION('',(0.,1.,0.));
#4350=DIRECTION('',(0.,0.,1.));
#4351=DIRECTION('',(0.,0.,1.));
#4352=DIRECTION('',(0.,-1.,0.));
#4353=DIRECTION('',(0.,0.,-1.));
#4354=DIRECTION('',(0.,1.,0.));
#4355=DIRECTION('',(0.,0.,-1.));
#4356=DIRECTION('',(1.,0.,0.));
#4357=DIRECTION('',(0.,0.,-1.));
#4358=DIRECTION('',(1.,0.,0.));
#4359=DIRECTION('',(0.,0.,-1.));
#4360=DIRECTION('',(-1.,0.,0.));
#4361=DIRECTION('',(0.,1.,0.));
#4362=DIRECTION('',(0.,0.,1.));
#4363=DIRECTION('',(0.,1.,0.));
#4364=DIRECTION('',(0.,0.,-1.));
#4365=DIRECTION('',(0.,-1.,0.));
#4366=DIRECTION('',(-1.,0.,0.));
#4367=DIRECTION('',(0.,0.,1.));
#4368=DIRECTION('',(1.,0.,0.));
#4369=DIRECTION('',(0.,0.,-1.));
#4370=DIRECTION('',(-1.,0.,0.));
#4371=DIRECTION('',(0.,1.,0.));
#4372=DIRECTION('',(0.,0.,1.));
#4373=DIRECTION('',(0.,1.,0.));
#4374=DIRECTION('',(0.,0.,-1.));
#4375=DIRECTION('',(0.,-1.,0.));
#4376=DIRECTION('',(-1.,0.,0.));
#4377=DIRECTION('',(0.,0.,1.));
#4378=DIRECTION('',(-1.,0.,0.));
#4379=DIRECTION('',(0.,0.,-1.));
#4380=DIRECTION('',(1.,0.,0.));
#4381=DIRECTION('',(0.,-1.,0.));
#4382=DIRECTION('',(0.,0.,-1.));
#4383=DIRECTION('',(0.,1.,0.));
#4384=DIRECTION('',(0.,0.,-1.));
#4385=DIRECTION('',(0.,-1.,0.));
#4386=DIRECTION('',(-1.,0.,0.));
#4387=DIRECTION('',(0.,0.,1.));
#4388=DIRECTION('',(-1.,0.,0.));
#4389=DIRECTION('',(0.,0.,-1.));
#4390=DIRECTION('',(1.,0.,0.));
#4391=DIRECTION('',(0.,-1.,0.));
#4392=DIRECTION('',(0.,0.,-1.));
#4393=DIRECTION('',(0.,0.,-1.));
#4394=DIRECTION('',(0.,0.,1.));
#4395=DIRECTION('',(0.,-1.,0.));
#4396=DIRECTION('',(0.,0.,-1.));
#4397=DIRECTION('',(0.,1.,0.));
#4398=DIRECTION('',(1.,0.,0.));
#4399=DIRECTION('',(0.,0.,-1.));
#4400=DIRECTION('',(1.,0.,0.));
#4401=DIRECTION('',(-1.,0.,0.));
#4402=DIRECTION('',(0.,1.,0.));
#4403=DIRECTION('',(0.,0.,1.));
#4404=DIRECTION('',(0.,0.,-1.));
#4405=DIRECTION('',(0.,0.,1.));
#4406=DIRECTION('',(0.,0.,1.));
#4407=DIRECTION('',(0.,0.,1.));
#4408=DIRECTION('',(0.,0.,-1.));
#4409=DIRECTION('',(0.,0.,1.));
#4410=DIRECTION('',(0.,0.,1.));
#4411=DIRECTION('',(0.,0.,1.));
#4412=DIRECTION('',(-1.,0.,0.));
#4413=DIRECTION('',(0.,1.,0.));
#4414=DIRECTION('',(1.,0.,0.));
#4415=DIRECTION('',(0.,1.,0.));
#4416=DIRECTION('',(1.,0.,0.));
#4417=DIRECTION('',(1.,0.,0.));
#4418=DIRECTION('',(0.,1.,0.));
#4419=DIRECTION('',(-1.,0.,0.));
#4420=DIRECTION('',(0.,-1.,0.));
#4421=DIRECTION('',(0.,0.,1.));
#4422=DIRECTION('',(1.,0.,0.));
#4423=DIRECTION('',(0.,0.,-1.));
#4424=DIRECTION('',(0.,0.,1.));
#4425=DIRECTION('',(-1.,0.,0.));
#4426=DIRECTION('',(0.,0.,1.));
#4427=DIRECTION('',(0.,0.,-1.));
#4428=DIRECTION('',(0.,-1.,0.));
#4429=DIRECTION('',(0.,0.,-1.));
#4430=DIRECTION('',(0.,0.,-1.));
#4431=DIRECTION('',(0.,1.,0.));
#4432=DIRECTION('',(0.,0.,1.));
#4433=DIRECTION('',(1.,0.,0.));
#4434=DIRECTION('',(0.,0.,-1.));
#4435=DIRECTION('',(0.,0.,-1.));
#4436=DIRECTION('',(0.,0.,1.));
#4437=DIRECTION('',(0.,0.,1.));
#4438=DIRECTION('',(0.,0.,1.));
#4439=DIRECTION('',(0.,0.,-1.));
#4440=DIRECTION('',(0.,0.,1.));
#4441=DIRECTION('',(0.,0.,1.));
#4442=DIRECTION('',(0.,0.,1.));
#4443=DIRECTION('',(0.,0.,-1.));
#4444=DIRECTION('',(0.,0.,-1.));
#4445=DIRECTION('',(0.,0.,1.));
#4446=DIRECTION('',(-1.,0.,0.));
#4447=DIRECTION('',(0.,0.,-1.));
#4448=DIRECTION('',(0.,1.,0.));
#4449=DIRECTION('',(0.,0.,1.));
#4450=DIRECTION('',(0.,0.,-1.));
#4451=DIRECTION('',(0.,0.,1.));
#4452=DIRECTION('',(0.,0.,1.));
#4453=DIRECTION('',(0.,0.,-1.));
#4454=DIRECTION('',(0.,0.,-1.));
#4455=DIRECTION('',(0.,0.,1.));
#4456=DIRECTION('',(0.,1.,0.));
#4457=DIRECTION('',(0.,0.,-1.));
#4458=DIRECTION('',(1.,0.,0.));
#4459=DIRECTION('',(0.,0.,-1.));
#4460=DIRECTION('',(1.,0.,0.));
#4461=DIRECTION('',(0.,0.,-1.));
#4462=DIRECTION('',(0.,-1.,0.));
#4463=DIRECTION('',(0.,0.,-1.));
#4464=DIRECTION('',(0.,-1.,0.));
#4465=DIRECTION('',(0.,0.,-1.));
#4466=DIRECTION('',(-1.,0.,0.));
#4467=DIRECTION('',(0.,0.,1.));
#4468=DIRECTION('',(0.,0.,-1.));
#4469=DIRECTION('',(0.,0.,1.));
#4470=DIRECTION('',(-1.,0.,0.));
#4471=DIRECTION('',(0.,0.,-1.));
#4472=DIRECTION('',(0.,1.,0.));
#4473=DIRECTION('',(0.,0.,1.));
#4474=DIRECTION('',(0.,0.,1.));
#4475=DIRECTION('',(0.,0.,1.));
#4476=DIRECTION('',(1.,0.,0.));
#4477=DIRECTION('',(0.,0.,1.));
#4478=DIRECTION('',(1.,0.,0.));
#4479=DIRECTION('',(0.,0.,1.));
#4480=DIRECTION('',(0.,0.,1.));
#4481=DIRECTION('',(1.,0.,0.));
#4482=DIRECTION('',(0.,0.,1.));
#4483=DIRECTION('',(0.,0.,1.));
#4484=DIRECTION('',(1.,0.,0.));
#4485=DIRECTION('',(0.,0.,1.));
#4486=DIRECTION('',(1.,0.,0.));
#4487=DIRECTION('',(0.,0.,1.));
#4488=DIRECTION('',(1.,0.,0.));
#4489=DIRECTION('',(0.,0.,1.));
#4490=DIRECTION('',(0.,0.,1.));
#4491=DIRECTION('',(1.,0.,0.));
#4492=DIRECTION('',(0.,0.,1.));
#4493=DIRECTION('',(0.,0.,1.));
#4494=DIRECTION('',(1.,0.,0.));
#4495=DIRECTION('',(0.,-1.,0.));
#4496=DIRECTION('',(0.,0.,-1.));
#4497=DIRECTION('',(0.,1.,0.));
#4498=DIRECTION('',(0.,0.,-1.));
#4499=DIRECTION('',(-1.,0.,0.));
#4500=DIRECTION('',(0.,0.,1.));
#4501=DIRECTION('',(0.,0.,-1.));
#4502=DIRECTION('',(0.,0.,1.));
#4503=DIRECTION('',(-1.,0.,0.));
#4504=DIRECTION('',(1.,0.,0.));
#4505=DIRECTION('',(0.,1.,0.));
#4506=DIRECTION('',(0.,0.,1.));
#4507=DIRECTION('',(0.,0.,1.));
#4508=DIRECTION('',(1.,0.,0.));
#4509=DIRECTION('',(0.,0.,1.));
#4510=DIRECTION('',(1.,0.,0.));
#4511=DIRECTION('',(0.,0.,1.));
#4512=DIRECTION('',(0.,0.,1.));
#4513=DIRECTION('',(1.,0.,0.));
#4514=DIRECTION('',(0.,0.,1.));
#4515=DIRECTION('',(1.,0.,0.));
#4516=DIRECTION('',(0.,0.,1.));
#4517=DIRECTION('',(1.,0.,0.));
#4518=DIRECTION('',(0.,0.,1.));
#4519=DIRECTION('',(1.,0.,0.));
#4520=DIRECTION('',(0.,0.,-1.));
#4521=DIRECTION('',(1.,0.,0.));
#4522=DIRECTION('',(0.,-1.15648231731787E-15,1.));
#4523=DIRECTION('',(0.,-1.,0.));
#4524=DIRECTION('',(0.,0.,1.));
#4525=DIRECTION('',(1.,0.,0.));
#4526=DIRECTION('',(0.,0.,1.));
#4527=DIRECTION('',(1.,0.,0.));
#4528=DIRECTION('',(0.,-1.15648231731787E-15,1.));
#4529=DIRECTION('',(0.,-1.,0.));
#4530=DIRECTION('',(0.,0.,1.));
#4531=DIRECTION('',(1.,0.,0.));
#4532=DIRECTION('',(0.999999999999728,-6.13239728838844E-7,4.09891828060086E-7));
#4533=DIRECTION('',(-4.21921840519728E-23,0.999999999999999,-4.38705997918324E-8));
#4534=DIRECTION('',(0.999999999999769,-5.4183283705965E-7,4.09892016446573E-7));
#4535=DIRECTION('',(-1.408888927619E-16,-1.,4.38705997918324E-8));
#4536=DIRECTION('',(4.09891986533073E-7,-4.38705997918287E-8,-0.999999999999915));
#4537=DIRECTION('',(-0.999999999999749,5.77527983255943E-7,-4.09892011869577E-7));
#4538=DIRECTION('',(1.408888927619E-16,1.,2.48379962192695E-15));
#4539=DIRECTION('',(-3.128304247367E-12,0.,-1.));
#4540=DIRECTION('',(6.25596907175722E-12,0.,-1.));
#4541=DIRECTION('',(1.,-1.408888927619E-16,-3.30090098472039E-31));
#4542=DIRECTION('',(1.40946282423116E-16,1.,2.34361141604467E-15));
#4543=DIRECTION('',(-0.707106781186079,4.336250481837E-7,-0.707106781186883));
#4544=DIRECTION('',(-0.707106781186501,3.83133442456497E-7,-0.70710678118649));
#4545=DIRECTION('',(0.,1.,2.34291072916505E-15));
#4546=DIRECTION('',(0.707106781186547,1.65668806430733E-15,-0.707106781186548));
#4547=DIRECTION('',(-3.25260651745651E-19,-1.,-2.34317773517567E-15));
#4548=DIRECTION('',(6.25596907175722E-12,0.,-1.));
#4549=DIRECTION('',(0.,-1.,-2.34291072916505E-15));
#4550=DIRECTION('',(3.128304247367E-12,0.,1.));
#4551=DIRECTION('',(-1.,-2.25327456596292E-30,9.61741537103262E-16));
#4552=DIRECTION('',(-9.61741537103267E-16,2.34534613952064E-15,-1.));
#4553=DIRECTION('',(0.,-1.,-2.34291072916505E-15));
#4554=DIRECTION('',(0.,4.33680868994202E-15,-1.));
#4555=DIRECTION('',(0.,1.,2.34291072916505E-15));
#4556=DIRECTION('',(0.,4.33680868994202E-15,-1.));
#4557=DIRECTION('',(0.,1.,2.34291072916505E-15));
#4558=DIRECTION('',(0.,1.,2.34291072916505E-15));
#4559=DIRECTION('',(0.,4.33680868994202E-15,-1.));
#4560=DIRECTION('',(0.999999999999812,-6.13242158569197E-7,1.91260169538183E-9));
#4561=DIRECTION('',(0.999999999999853,-5.41832146866645E-7,1.90603971012358E-9));
#4562=DIRECTION('',(-1.408888927619E-16,-1.,-2.34291072916505E-15));
#4563=DIRECTION('',(1.22460635382238E-16,2.34291072916505E-15,-1.));
#4564=DIRECTION('',(0.,1.,2.34274405430668E-15));
#4565=DIRECTION('',(1.408888927619E-16,1.,2.48379962192695E-15));
#4566=DIRECTION('',(-3.128304247367E-12,0.,-1.));
#4567=DIRECTION('',(6.25596907175722E-12,0.,-1.));
#4568=DIRECTION('',(1.,-1.408888927619E-16,-3.30090098472039E-31));
#4569=DIRECTION('',(1.40946282423116E-16,1.,2.34361141604467E-15));
#4570=DIRECTION('',(-0.707106781186079,4.336250481837E-7,-0.707106781186883));
#4571=DIRECTION('',(0.70710678118682,-3.83133324230735E-7,0.707106781186171));
#4572=DIRECTION('',(0.,1.,2.34291072916505E-15));
#4573=DIRECTION('',(0.707106781186547,1.65668806430733E-15,-0.707106781186548));
#4574=DIRECTION('',(5.42101086242752E-19,-1.,-2.34231037343768E-15));
#4575=DIRECTION('',(6.25596907175722E-12,0.,-1.));
#4576=DIRECTION('',(0.,-1.,-2.34291072916505E-15));
#4577=DIRECTION('',(3.128304247367E-12,0.,1.));
#4578=DIRECTION('',(-1.,-2.25327456596292E-30,9.61741537103262E-16));
#4579=DIRECTION('',(-9.61741537103267E-16,2.34534613952064E-15,-1.));
#4580=DIRECTION('',(0.,-1.,-2.34291072916505E-15));
#4581=DIRECTION('',(0.,-4.33680868994202E-15,0.999999999999998));
#4582=DIRECTION('',(0.,1.,2.34291072916505E-15));
#4583=DIRECTION('',(0.,-4.33680868994202E-15,0.999999999999998));
#4584=DIRECTION('',(0.,1.,2.34291072916505E-15));
#4585=DIRECTION('',(0.,-1.,-2.34291072916505E-15));
#4586=DIRECTION('',(0.,-4.33680868994202E-15,0.999999999999998));
#4587=DIRECTION('',(0.999999999999812,-6.13238366415536E-7,1.90460035685032E-9));
#4588=DIRECTION('',(0.999999999999853,-5.41811322351383E-7,1.9042273906041E-9));
#4589=DIRECTION('',(-5.79060073050677E-7,-0.999999999999832,-2.34291072916466E-15));
#4590=DIRECTION('',(0.,-2.34291072916505E-15,1.));
#4591=DIRECTION('',(0.,1.,2.34274405430668E-15));
#4592=DIRECTION('',(3.128304247367E-12,0.,1.));
#4593=DIRECTION('',(3.128304247367E-12,0.,1.));
#4594=DIRECTION('',(6.25596907175722E-12,0.,-1.));
#4595=DIRECTION('',(4.21921803307135E-23,-0.999999999999999,4.38705997918324E-8));
#4596=DIRECTION('',(-7.19586235446925E-22,0.99999999999972,-7.48211661275465E-7));
#4597=DIRECTION('',(-1.,-2.25327456596292E-30,9.61741537103262E-16));
#4598=DIRECTION('',(-9.61741537103267E-16,2.34534613952064E-15,-1.));
#4599=DIRECTION('',(-6.25596907175722E-12,0.,1.));
#4600=DIRECTION('',(0.,-0.0871557864510901,-0.99619469426819));
#4601=DIRECTION('',(0.,-0.99999999999972,7.48211661275464E-7));
#4602=DIRECTION('',(-1.,0.,0.));
#4603=DIRECTION('',(0.,0.,-1.));
#4604=DIRECTION('',(5.39605982023549E-7,0.996194701915152,0.0871556990442276));
#4605=DIRECTION('',(-4.76244847923815E-7,-0.0871556990439745,0.996194701915207));
#4606=DIRECTION('',(5.79060073050677E-7,0.999999999999832,2.34291073214606E-15));
#4607=DIRECTION('',(-6.11061168796233E-7,-0.996194694268004,0.0871557864510739));
#4608=DIRECTION('',(3.40491691783492E-7,-0.0871557864512923,-0.996194694268114));
#4609=DIRECTION('',(-5.79060073050676E-7,-0.999999999999832,-2.34291072778116E-15));
#4610=DIRECTION('',(-0.999999999999832,5.79060072461446E-7,0.));
#4611=DIRECTION('',(-0.0347664966300722,-0.0871030763569717,-0.995592459192627));
#4612=DIRECTION('',(0.0347663960211497,-0.0871030291603833,0.995592466835093));
#4613=DIRECTION('',(-5.77528099473659E-7,-0.999999999999832,4.38704966011171E-8));
#4614=DIRECTION('',(-0.0348512869561771,0.0523041626402449,-0.998022876675681));
#4615=DIRECTION('',(-5.7905802298341E-7,-0.999999999999832,0.));
#4616=DIRECTION('',(0.0348513474571069,0.0523041625298255,0.998022874568753));
#4617=DIRECTION('',(-5.77528099473659E-7,-0.999999999999832,4.38704966011171E-8));
#4618=DIRECTION('',(-0.999390841323869,5.78707333501509E-7,0.0348990870601801));
#4619=DIRECTION('',(-0.0348990870601997,-2.36884359142153E-8,-0.999390841324036));
#4620=DIRECTION('',(0.632612760084354,0.0674990057520321,0.771521211633837));
#4621=DIRECTION('',(-0.632612682118646,0.067499668765422,-0.771521217556077));
#4622=DIRECTION('',(0.,-0.99999999999972,7.48211661275464E-7));
#4623=DIRECTION('',(-0.773284830629643,4.74410193322262E-7,0.634058806987064));
#4624=DIRECTION('',(0.634058806986978,-3.32262770671998E-7,0.773284830629788));
#4625=DIRECTION('',(0.,0.0871556990442404,-0.996194701915298));
#4626=DIRECTION('',(-1.,0.,0.));
#4627=DIRECTION('',(0.,0.,-1.));
#4628=DIRECTION('',(-0.632612760084354,-0.0674990057520321,-0.771521211633837));
#4629=DIRECTION('',(-0.633538783368453,-0.0404929016060216,-0.772650590427229));
#4630=DIRECTION('',(0.773284830629643,-4.74410193322262E-7,-0.634058806987064));
#4631=DIRECTION('',(-0.634058806986978,3.32262770671998E-7,-0.773284830629788));
#4632=DIRECTION('',(-0.633538753625718,0.0404929028806264,-0.772650614748136));
#4633=DIRECTION('',(0.632612682118646,-0.067499668765422,0.771521217556077));
#4634=DIRECTION('',(0.773284830629643,-4.74410193322262E-7,-0.634058806987064));
#4635=DIRECTION('',(-0.634058806986978,3.32262770671998E-7,-0.773284830629788));
#4636=DIRECTION('',(0.236374634188224,-0.0508528596474315,0.970330365895071));
#4637=DIRECTION('',(0.,0.998629534754574,0.0523359562429438));
#4638=DIRECTION('',(0.,0.0523359562429438,-0.998629534754574));
#4639=DIRECTION('',(-0.236374461908788,-0.0508528618407317,-0.970330407747762));
#4640=DIRECTION('',(-0.971587448266885,-7.43204527462985E-9,0.236680861858838));
#4641=DIRECTION('',(7.64940786147222E-9,-1.,9.88260851191719E-14));
#4642=DIRECTION('',(0.,-0.998629534754574,0.0523359562429438));
#4643=DIRECTION('',(0.,0.0523359562429438,0.998629534754574));
#4644=DIRECTION('',(-6.11061168796233E-7,-0.996194694268004,0.0871557864510738));
#4645=DIRECTION('',(3.57997334020366E-7,-0.0871557864513024,-0.996194694268107));
#4646=DIRECTION('',(-5.3960598202355E-7,-0.996194701915153,-0.0871556990442278));
#4647=DIRECTION('',(4.58667113532873E-7,0.0871556990439848,-0.996194701915215));
#4648=DIRECTION('',(-4.21921803307135E-23,0.999999999999999,-4.38705997918324E-8));
#4649=DIRECTION('',(0.,4.38706015959411E-8,0.999999999999999));
#4650=DIRECTION('',(4.21921803307135E-23,1.,-4.38705997918324E-8));
#4651=DIRECTION('',(0.,-4.38706015959411E-8,-1.));
#4652=DIRECTION('',(4.21921840519728E-23,1.,-4.38705997918324E-8));
#4653=DIRECTION('',(-4.21921803307135E-23,-1.,4.38705997918324E-8));
#4654=DIRECTION('',(0.,-4.38706015959411E-8,-1.));
#4655=DIRECTION('',(-4.21921803307135E-23,-1.,4.38705997918324E-8));
#4656=DIRECTION('',(4.21921803307135E-23,1.,-4.38705997918324E-8));
#4657=DIRECTION('',(0.,-4.38706015959411E-8,-1.));
#4658=DIRECTION('',(-0.999999999999728,-6.13239026257464E-7,4.09892617153987E-7));
#4659=DIRECTION('',(1.408888927619E-16,-1.,4.38705997918324E-8));
#4660=DIRECTION('',(-0.999999999999769,-5.41831600173694E-7,4.09890900612416E-7));
#4661=DIRECTION('',(-4.09891986533073E-7,-4.38705997918287E-8,-0.999999999999915));
#4662=DIRECTION('',(0.999999999999749,5.77527983255943E-7,-4.09892011869577E-7));
#4663=DIRECTION('',(-1.408888927619E-16,1.,2.48379962192695E-15));
#4664=DIRECTION('',(8.86182537921391E-12,0.,-1.));
#4665=DIRECTION('',(-7.30022337086305E-12,0.,-1.));
#4666=DIRECTION('',(-1.,-1.408888927619E-16,-3.30090098472039E-31));
#4667=DIRECTION('',(-1.40946282423116E-16,1.,2.34361141604467E-15));
#4668=DIRECTION('',(0.707106781186486,4.33625304040877E-7,-0.707106781186476));
#4669=DIRECTION('',(0.,1.,2.34291072916505E-15));
#4670=DIRECTION('',(0.707106781186898,3.83133086766993E-7,-0.707106781186093));
#4671=DIRECTION('',(-0.707106781186547,1.65668806430733E-15,-0.707106781186548));
#4672=DIRECTION('',(3.25260651745651E-19,-1.,-2.34317773517567E-15));
#4673=DIRECTION('',(8.86182537921391E-12,0.,-1.));
#4674=DIRECTION('',(7.30022337086305E-12,0.,1.));
#4675=DIRECTION('',(0.,-1.,-2.34291072916505E-15));
#4676=DIRECTION('',(1.,-2.25327456596292E-30,9.61741537103262E-16));
#4677=DIRECTION('',(9.61741537103267E-16,2.34534613952064E-15,-1.));
#4678=DIRECTION('',(0.,1.,2.34291072916505E-15));
#4679=DIRECTION('',(0.,4.33680868994202E-15,-1.));
#4680=DIRECTION('',(0.,1.,2.34291072916505E-15));
#4681=DIRECTION('',(0.,-1.,-2.34291072916505E-15));
#4682=DIRECTION('',(0.,4.33680868994202E-15,-1.));
#4683=DIRECTION('',(0.,1.,2.34291072916505E-15));
#4684=DIRECTION('',(0.,4.33680868994202E-15,-1.));
#4685=DIRECTION('',(-0.999999999999812,-6.13238476323161E-7,1.91154021168948E-9));
#4686=DIRECTION('',(1.408888927619E-16,-1.,-2.34291072916505E-15));
#4687=DIRECTION('',(-0.999999999999853,-5.41829188202012E-7,1.90498273714622E-9));
#4688=DIRECTION('',(-1.22460635382238E-16,2.34291072916505E-15,-1.));
#4689=DIRECTION('',(0.,1.,2.34274405430668E-15));
#4690=DIRECTION('',(-1.408888927619E-16,1.,2.48379962192695E-15));
#4691=DIRECTION('',(8.86182537921391E-12,0.,-1.));
#4692=DIRECTION('',(-7.30022337086305E-12,0.,-1.));
#4693=DIRECTION('',(-1.,-1.408888927619E-16,-3.30090098472039E-31));
#4694=DIRECTION('',(-1.40946282423116E-16,1.,2.34361141604467E-15));
#4695=DIRECTION('',(0.707106781186481,4.33625304040874E-7,-0.707106781186481));
#4696=DIRECTION('',(0.,1.,2.34291072916505E-15));
#4697=DIRECTION('',(-0.707106781186756,-3.83133415216255E-7,0.707106781186235));
#4698=DIRECTION('',(-0.707106781186547,1.65668806430733E-15,-0.707106781186548));
#4699=DIRECTION('',(-5.42101086242752E-19,-1.,-2.34231037343768E-15));
#4700=DIRECTION('',(8.86182537921391E-12,0.,-1.));
#4701=DIRECTION('',(7.30022337086305E-12,0.,1.));
#4702=DIRECTION('',(0.,-1.,-2.34291072916505E-15));
#4703=DIRECTION('',(1.,-2.25327456596292E-30,9.61741537103262E-16));
#4704=DIRECTION('',(9.61741537103267E-16,2.34534613952064E-15,-1.));
#4705=DIRECTION('',(0.,1.,2.34291072916505E-15));
#4706=DIRECTION('',(0.,-4.33680868994202E-15,0.999999999999998));
#4707=DIRECTION('',(0.,1.,2.34291072916505E-15));
#4708=DIRECTION('',(0.,-1.,-2.34291072916505E-15));
#4709=DIRECTION('',(0.,-4.33680868994202E-15,0.999999999999998));
#4710=DIRECTION('',(0.,-1.,-2.34291072916505E-15));
#4711=DIRECTION('',(0.,-4.33680868994202E-15,0.999999999999998));
#4712=DIRECTION('',(-0.999999999999812,-6.13203570802039E-7,1.90434865685906E-9));
#4713=DIRECTION('',(5.79060073050677E-7,-0.999999999999832,-2.34291072916466E-15));
#4714=DIRECTION('',(-0.999999999999853,-5.41835510675483E-7,1.90397578891032E-9));
#4715=DIRECTION('',(0.,-2.34291072916505E-15,1.));
#4716=DIRECTION('',(0.,1.,2.34274405430668E-15));
#4717=DIRECTION('',(0.634058806986285,3.43552850312321E-7,-0.773284830630351));
#4718=DIRECTION('',(8.86182537921391E-12,0.,-1.));
#4719=DIRECTION('',(8.86182537921391E-12,0.,-1.));
#4720=DIRECTION('',(7.19586235446925E-22,0.99999999999972,-7.48211661275465E-7));
#4721=DIRECTION('',(7.30022337086305E-12,0.,1.));
#4722=DIRECTION('',(1.,-2.25327456596292E-30,9.61741537103262E-16));
#4723=DIRECTION('',(9.61741537103267E-16,2.34534613952064E-15,-1.));
#4724=DIRECTION('',(-7.30022337086305E-12,0.,-1.));
#4725=DIRECTION('',(0.,-0.0871556990442404,0.996194701915298));
#4726=DIRECTION('',(0.,-0.99999999999972,7.48211661275464E-7));
#4727=DIRECTION('',(1.,0.,0.));
#4728=DIRECTION('',(0.,0.,1.));
#4729=DIRECTION('',(-6.11061168796233E-7,0.996194694268004,-0.0871557864510739));
#4730=DIRECTION('',(-3.40491691783492E-7,-0.0871557864512923,-0.996194694268114));
#4731=DIRECTION('',(-5.79060073050677E-7,0.999999999999832,2.34291073214606E-15));
#4732=DIRECTION('',(5.39605982023549E-7,-0.996194701915152,-0.0871556990442276));
#4733=DIRECTION('',(4.76244847923815E-7,-0.0871556990439745,0.996194701915207));
#4734=DIRECTION('',(5.79060073050676E-7,-0.999999999999832,-2.34291072778116E-15));
#4735=DIRECTION('',(0.999999999999832,5.79060072461446E-7,0.));
#4736=DIRECTION('',(0.0347664966300722,-0.0871030763569717,-0.995592459192627));
#4737=DIRECTION('',(5.77528099473659E-7,-0.999999999999832,4.38704966011171E-8));
#4738=DIRECTION('',(-0.0348513474571069,0.0523041625298255,0.998022874568753));
#4739=DIRECTION('',(5.79058294757935E-7,-0.999999999999832,0.));
#4740=DIRECTION('',(0.0348512869561771,0.0523041626402449,-0.998022876675681));
#4741=DIRECTION('',(5.77528099473659E-7,-0.999999999999832,4.38704966011171E-8));
#4742=DIRECTION('',(-0.0347663960211497,-0.0871030291603833,0.995592466835093));
#4743=DIRECTION('',(0.999390841323869,5.78707333501509E-7,0.0348990870601801));
#4744=DIRECTION('',(0.0348990870601997,-2.36884359142153E-8,-0.999390841324036));
#4745=DIRECTION('',(0.,-0.99999999999972,7.48211661275464E-7));
#4746=DIRECTION('',(0.,0.0871557864510901,0.99619469426819));
#4747=DIRECTION('',(1.,0.,0.));
#4748=DIRECTION('',(0.,0.,1.));
#4749=DIRECTION('',(0.632612682118646,0.067499668765422,-0.771521217556077));
#4750=DIRECTION('',(-0.632612760084354,0.0674990057520321,0.771521211633837));
#4751=DIRECTION('',(0.773284830629643,4.74410193322262E-7,0.634058806987064));
#4752=DIRECTION('',(-0.634058806986978,-3.32262770671998E-7,0.773284830629788));
#4753=DIRECTION('',(-0.236374634188224,-0.0508528596474315,0.970330365895071));
#4754=DIRECTION('',(0.633538753625718,0.0404929028806264,-0.772650614748136));
#4755=DIRECTION('',(0.,0.998629534754574,0.0523359562429438));
#4756=DIRECTION('',(0.,0.0523359562429438,-0.998629534754574));
#4757=DIRECTION('',(-0.632612682118646,-0.067499668765422,0.771521217556077));
#4758=DIRECTION('',(-0.773284830629643,-4.74410193322262E-7,-0.634058806987064));
#4759=DIRECTION('',(0.634058806986978,3.32262770671998E-7,-0.773284830629788));
#4760=DIRECTION('',(0.632612760084354,-0.0674990057520321,-0.771521211633837));
#4761=DIRECTION('',(0.633538783368453,-0.0404929016060216,-0.772650590427229));
#4762=DIRECTION('',(-0.773284830629643,-4.74410193322262E-7,-0.634058806987064));
#4763=DIRECTION('',(0.634058806986978,3.32262770671998E-7,-0.773284830629788));
#4764=DIRECTION('',(0.236374461908445,-0.0508528618407361,-0.970330407747846));
#4765=DIRECTION('',(0.,-0.998629534754574,0.0523359562429438));
#4766=DIRECTION('',(0.,0.0523359562429438,0.998629534754574));
#4767=DIRECTION('',(-0.971587448266886,7.43203179854295E-9,-0.236680861858835));
#4768=DIRECTION('',(-7.64939399105699E-9,-1.,9.88259495939003E-14));
#4769=DIRECTION('',(5.3960598202355E-7,-0.996194701915153,-0.0871556990442278));
#4770=DIRECTION('',(-4.58667113532873E-7,0.0871556990439848,-0.996194701915215));
#4771=DIRECTION('',(6.11061168796233E-7,-0.996194694268004,0.0871557864510738));
#4772=DIRECTION('',(-3.57997334020366E-7,-0.0871557864513024,-0.996194694268107));
#4773=CARTESIAN_POINT('',(0.,0.,0.));
#4774=CARTESIAN_POINT('',(-1.2839685570222E-13,5.99999999983564,3.));
#4775=CARTESIAN_POINT('',(1.85124659905766,2.75673386481574,0.100000000000006));
#4776=CARTESIAN_POINT('',(1.85124659905766,8.03356485729089,0.10000000000002));
#4777=CARTESIAN_POINT('',(1.85124654261159,7.41688641860321,0.0999993548185517));
#4778=CARTESIAN_POINT('',(1.85124659905766,8.03356485729089,0.10000000000002));
#4779=CARTESIAN_POINT('',(1.93581578312643,8.07094101547835,1.06663019710786));
#4780=CARTESIAN_POINT('',(2.02038832025018,8.1072915855756,2.03329871980959));
#4781=CARTESIAN_POINT('',(2.10496372328284,8.14276556938047,3.));
#4782=CARTESIAN_POINT('',(2.10496372328284,8.14276556938047,3.));
#4783=CARTESIAN_POINT('',(2.10496372328284,-17.0000000001643,3.));
#4784=CARTESIAN_POINT('',(2.10496372328284,9.83753646473897,3.));
#4785=CARTESIAN_POINT('',(2.04757835627172,9.78256790579879,2.34408225364979));
#4786=CARTESIAN_POINT('',(2.05247052516728,9.78725403901156,2.4));
#4787=CARTESIAN_POINT('',(2.05247052516728,9.49999999983573,2.4));
#4788=CARTESIAN_POINT('',(2.05247052516728,8.83502464581661,2.4));
#4789=CARTESIAN_POINT('',(-1.1725091588807E-13,5.99999999983575,-21.0598454525395));
#4790=CARTESIAN_POINT('',(1.82499999999988,8.98653226987735,-0.199999999999981));
#4791=CARTESIAN_POINT('',(1.82499999999988,9.2432661348557,-0.199999999999981));
#4792=CARTESIAN_POINT('',(1.82499999999988,9.49999999983573,-0.199999999999981));
#4793=CARTESIAN_POINT('',(1.82616502970631,9.49930211947899,-0.186683649521311));
#4794=CARTESIAN_POINT('',(1.75500906917914,9.54192622326221,-0.999999999999981));
#4795=CARTESIAN_POINT('',(1.75500906917914,2.75673386481574,-1.));
#4796=CARTESIAN_POINT('',(1.75500906917914,2.45807377640935,-1.));
#4797=CARTESIAN_POINT('',(1.80426213737643,2.48757752950219,-0.437034854433496));
#4798=CARTESIAN_POINT('',(1.82499999999988,2.49999999983572,-0.19999999999999));
#4799=CARTESIAN_POINT('',(1.82499999999988,2.75673386481574,-0.19999999999999));
#4800=CARTESIAN_POINT('',(1.82499999999988,3.01346772979408,-0.19999999999999));
#4801=CARTESIAN_POINT('',(-1.1725091588807E-13,5.99999999983575,-21.0598454525395));
#4802=CARTESIAN_POINT('',(2.05247052516728,3.16497535385483,2.4));
#4803=CARTESIAN_POINT('',(2.05247052516728,2.75673386481574,2.4));
#4804=CARTESIAN_POINT('',(2.05247052516728,2.21274596065989,2.4));
#4805=CARTESIAN_POINT('',(1.82264367007566,2.43289356427624,-0.226932974276432));
#4806=CARTESIAN_POINT('',(2.10496372328284,2.16246353493257,3.));
#4807=CARTESIAN_POINT('',(2.10496372328284,-17.0000000001643,3.));
#4808=CARTESIAN_POINT('',(2.10496372328284,3.85723081849473,3.));
#4809=CARTESIAN_POINT('',(2.10496372328284,3.85723443029093,3.));
#4810=CARTESIAN_POINT('',(2.02038832342291,3.89270841276504,2.03329875607407));
#4811=CARTESIAN_POINT('',(1.93581570639032,3.92905901810718,1.0666293200102));
#4812=CARTESIAN_POINT('',(1.85124659905766,3.96643514238039,0.100000000000025));
#4813=CARTESIAN_POINT('',(1.85124659905766,3.9664351423804,0.100000000000025));
#4814=CARTESIAN_POINT('',(1.85124659905766,2.75673386481574,0.100000000000006));
#4815=CARTESIAN_POINT('',(1.85124655348812,4.58311487852096,0.0999994791377837));
#4816=CARTESIAN_POINT('',(1.86226560609667,4.59413394345627,0.225947826780475));
#4817=CARTESIAN_POINT('',(1.76175709075508,4.49362531567839,-0.922869760446881));
#4818=CARTESIAN_POINT('',(1.76175700165475,5.99999892499328,-0.922870778868289));
#4819=CARTESIAN_POINT('',(1.76175691255422,7.50637595496983,-0.92287179729201));
#4820=CARTESIAN_POINT('',(1.80949358848316,7.4586393290186,-0.377239094664224));
#4821=CARTESIAN_POINT('',(1.82499999999988,9.49999999983573,-0.199999999999981));
#4822=CARTESIAN_POINT('',(1.80841892282852,4.58311485378653,0.0999994966924874));
#4823=CARTESIAN_POINT('',(1.95759791086302,4.58311493994043,0.0999994355202864));
#4824=CARTESIAN_POINT('',(-1.1725091588807E-13,5.99999999983572,0.10000000000001));
#4825=CARTESIAN_POINT('',(-4.01646080665772E-7,7.41688534945613,0.100000113629886));
#4826=CARTESIAN_POINT('',(1.95759627428022,7.41688648002543,0.099999311201587));
#4827=CARTESIAN_POINT('',(1.95759793011021,4.54978809991233,0.0999994369822871));
#4828=CARTESIAN_POINT('',(1.95759680192692,6.50320912047883,0.0999993512974858));
#4829=CARTESIAN_POINT('',(1.98753546655682,6.50320912112203,0.0999993390383876));
#4830=CARTESIAN_POINT('',(2.41779463269862,6.50320913036473,0.0999991626785858));
#4831=CARTESIAN_POINT('',(2.41779460533052,5.99999953548143,0.0999991847546872));
#4832=CARTESIAN_POINT('',(2.41779464003882,5.49679003171953,0.0999992068307868));
#4833=CARTESIAN_POINT('',(1.98753546655692,5.49679004096193,0.0999993831905868));
#4834=CARTESIAN_POINT('',(1.95759738316222,5.49679004160504,0.0999993954494873));
#4835=CARTESIAN_POINT('',(1.95759793011021,4.54978809991233,0.0999994369822871));
#4836=CARTESIAN_POINT('',(-1.1725091588807E-13,5.99999999983572,0.10000000000001));
#4837=CARTESIAN_POINT('',(1.23438652039427E-6,7.41688534945613,0.100000113629886));
#4838=CARTESIAN_POINT('',(-1.85124654261168,7.41688641860369,0.0999993548182104));
#4839=CARTESIAN_POINT('',(-1.95759544153978,7.41688648002543,0.099999311201587));
#4840=CARTESIAN_POINT('',(-1.85124659905775,5.99999999983572,0.10000000000001));
#4841=CARTESIAN_POINT('',(-1.85124659905775,8.03356485729103,0.10000000000002));
#4842=CARTESIAN_POINT('',(1.9341483795143E-14,5.99999999983572,0.10000000000001));
#4843=CARTESIAN_POINT('',(-1.85124659905776,3.96643514238026,0.100000000000025));
#4844=CARTESIAN_POINT('',(-1.85124659905775,5.99999999983572,0.10000000000001));
#4845=CARTESIAN_POINT('',(-1.85124655348821,4.58311487852144,0.0999994791374424));
#4846=CARTESIAN_POINT('',(-1.80841809008818,4.58311485378653,0.0999994966924874));
#4847=CARTESIAN_POINT('',(-1.95759707812258,4.58311493994043,0.0999994355202864));
#4848=CARTESIAN_POINT('',(-1.95759709736978,4.54978809991233,0.0999994369822871));
#4849=CARTESIAN_POINT('',(-1.95759589248738,5.49679012570972,0.100000197852487));
#4850=CARTESIAN_POINT('',(4.05835521750399E-7,5.49679008365722,0.100000197865288));
#4851=CARTESIAN_POINT('',(-2.41779332446288,5.49679013559533,0.100001188899588));
#4852=CARTESIAN_POINT('',(-2.41779328975368,5.99999953548153,0.100001166823486));
#4853=CARTESIAN_POINT('',(-2.41779331712188,6.50320902648893,0.100001144747387));
#4854=CARTESIAN_POINT('',(4.05835521750399E-7,6.50320907842673,0.100000153713087));
#4855=CARTESIAN_POINT('',(-1.95759531125228,6.50320903637493,0.100000153700286));
#4856=CARTESIAN_POINT('',(-1.95759709736978,4.54978809991233,0.0999994369822871));
#4857=CARTESIAN_POINT('',(1.9341483795143E-14,5.99999999983572,0.10000000000001));
#4858=CARTESIAN_POINT('',(-4.89547160464636E-14,-3.17716535449498,-1.));
#4859=CARTESIAN_POINT('',(-4.89547160464636E-14,-1.20866141748711,-0.999999999999998));
#4860=CARTESIAN_POINT('',(6.88976377952751,4.69685039353652,-1.));
#4861=CARTESIAN_POINT('',(3.9370078740157,4.69685039353652,-1.));
#4862=CARTESIAN_POINT('',(-9.17322834645683,15.1999999998358,-0.999999999999981));
#4863=CARTESIAN_POINT('',(-9.17322834645683,0.83858267700108,-1.));
#4864=CARTESIAN_POINT('',(-9.17322834645683,9.16141732267036,-0.999999999999988));
#4865=CARTESIAN_POINT('',(1.9341483795143E-14,0.83858267700108,-1.));
#4866=CARTESIAN_POINT('',(-6.22047244094502,0.83858267700108,-1.));
#4867=CARTESIAN_POINT('',(-6.22047244094502,15.1999999998358,-0.999999999999981));
#4868=CARTESIAN_POINT('',(-6.22047244094502,9.16141732267036,-0.999999999999988));
#4869=CARTESIAN_POINT('',(1.9341483795143E-14,9.16141732267036,-0.999999999999988));
#4870=CARTESIAN_POINT('',(-1.75500906917924,15.1999999998358,-0.999999999999981));
#4871=CARTESIAN_POINT('',(-1.75500906917924,9.54192622326221,-0.999999999999981));
#4872=CARTESIAN_POINT('',(-1.75500906917924,2.45807377640935,-1.));
#4873=CARTESIAN_POINT('',(-0.912499999999981,2.45807377640935,-1.));
#4874=CARTESIAN_POINT('',(0.91250000000002,9.54192622326221,-0.999999999999981));
#4875=CARTESIAN_POINT('',(-4.89547160464636E-14,13.2000000001643,-0.999999999999981));
#4876=CARTESIAN_POINT('',(-11.,13.2000000001643,-0.999999999999981));
#4877=CARTESIAN_POINT('',(10.9999999999998,13.2000000001643,-0.999999999999981));
#4878=CARTESIAN_POINT('',(10.9999999999998,4.09999999983573,-1.));
#4879=CARTESIAN_POINT('',(10.9999999999998,-6.97381939679194,-1.));
#4880=CARTESIAN_POINT('',(1.9341483795143E-14,-6.97381939679194,-1.));
#4881=CARTESIAN_POINT('',(-11.,-6.97381939679194,-1.));
#4882=CARTESIAN_POINT('',(-11.,4.09999999983573,-1.));
#4883=CARTESIAN_POINT('',(-8.5,-2.00000000016427,-1.));
#4884=CARTESIAN_POINT('',(-9.5,-2.00000000016427,-1.));
#4885=CARTESIAN_POINT('',(-7.5,-2.00000000016427,-1.));
#4886=CARTESIAN_POINT('',(-8.5,-2.00000000016427,-1.));
#4887=CARTESIAN_POINT('',(-8.5,12.0000000001644,-1.));
#4888=CARTESIAN_POINT('',(-9.5,12.0000000001644,-1.));
#4889=CARTESIAN_POINT('',(-7.5,12.0000000001644,-1.));
#4890=CARTESIAN_POINT('',(-8.5,12.0000000001644,-1.));
#4891=CARTESIAN_POINT('',(8.49999999999989,-2.00000000016427,-1.));
#4892=CARTESIAN_POINT('',(9.49999999999987,-2.00000000016427,-1.));
#4893=CARTESIAN_POINT('',(7.49999999999988,-2.00000000016427,-1.));
#4894=CARTESIAN_POINT('',(8.49999999999989,-2.00000000016427,-1.));
#4895=CARTESIAN_POINT('',(8.49999999999985,12.0000000001644,-1.));
#4896=CARTESIAN_POINT('',(9.5,12.0000000001644,-1.));
#4897=CARTESIAN_POINT('',(7.49999999999985,12.0000000001644,-1.));
#4898=CARTESIAN_POINT('',(8.49999999999985,12.0000000001644,-1.));
#4899=CARTESIAN_POINT('',(1.9341483795143E-14,15.1999999998358,-0.999999999999981));
#4900=CARTESIAN_POINT('',(-0.912499999999981,2.49999999983572,-0.19999999999999));
#4901=CARTESIAN_POINT('',(-1.825,2.49999999983572,-0.19999999999999));
#4902=CARTESIAN_POINT('',(-1.825,2.75673386481574,-0.19999999999999));
#4903=CARTESIAN_POINT('',(-1.825,3.01346772979408,-0.19999999999999));
#4904=CARTESIAN_POINT('',(1.9341483795143E-14,5.99999999983572,-0.19999999999999));
#4905=CARTESIAN_POINT('',(-3.5,5.99999999983572,-0.19999999999999));
#4906=CARTESIAN_POINT('',(1.9341483795143E-14,5.99999999983572,-0.19999999999999));
#4907=CARTESIAN_POINT('',(-1.825,8.98653226987735,-0.199999999999981));
#4908=CARTESIAN_POINT('',(-1.825,9.2432661348557,-0.199999999999981));
#4909=CARTESIAN_POINT('',(-1.825,9.49999999983573,-0.199999999999981));
#4910=CARTESIAN_POINT('',(0.91250000000002,9.49999999983573,-0.199999999999981));
#4911=CARTESIAN_POINT('',(-1.1725091588807E-13,5.99999999983572,-0.19999999999999));
#4912=CARTESIAN_POINT('',(3.49999999999988,5.99999999983572,-0.19999999999999));
#4913=CARTESIAN_POINT('',(-1.1725091588807E-13,5.99999999983572,-0.19999999999999));
#4914=CARTESIAN_POINT('',(-0.0994817337861464,12.9994379864427,-0.199999999999981));
#4915=CARTESIAN_POINT('',(-4.89547160464636E-14,12.9999588763429,-0.199999999999981));
#4916=CARTESIAN_POINT('',(-11.,12.9423624846802,-0.199999999999981));
#4917=CARTESIAN_POINT('',(-11.,5.99999999983572,-0.199999999999981));
#4918=CARTESIAN_POINT('',(-11.,-6.05759639182697,-0.199999999999981));
#4919=CARTESIAN_POINT('',(1.9341483795143E-14,-6.00000000016427,-0.2));
#4920=CARTESIAN_POINT('',(-4.89547160464636E-14,-6.00000000016427,-0.2));
#4921=CARTESIAN_POINT('',(-1.1725091588807E-13,-6.00000000016427,-0.2));
#4922=CARTESIAN_POINT('',(10.9999999999998,-6.05759639182697,-0.199999999999981));
#4923=CARTESIAN_POINT('',(10.9999999999998,5.99999999983572,-0.199999999999981));
#4924=CARTESIAN_POINT('',(10.9999999999998,12.9423624846802,-0.199999999999981));
#4925=CARTESIAN_POINT('',(0.0994817337860485,12.9994379864427,-0.199999999999981));
#4926=CARTESIAN_POINT('',(1.9341483795143E-14,-6.00000000016427,-0.2));
#4927=CARTESIAN_POINT('',(-1.80426213737653,9.51242247016926,-0.437034854433497));
#4928=CARTESIAN_POINT('',(0.91250000000002,9.49999999983573,-0.199999999999981));
#4929=CARTESIAN_POINT('',(-1.8261650297064,2.50069788019246,-0.18668364952132));
#4930=CARTESIAN_POINT('',(-0.912499999999981,2.49999999983572,-0.19999999999999));
#4931=CARTESIAN_POINT('',(0.0100000000000214,-15.0000000001643,2.));
#4932=CARTESIAN_POINT('',(2.34,-15.0000000001643,2.));
#4933=CARTESIAN_POINT('',(-2.32,-15.0000000001643,2.));
#4934=CARTESIAN_POINT('',(2.34,-12.0000000001643,2.));
#4935=CARTESIAN_POINT('',(2.34,-9.00000000016427,2.));
#4936=CARTESIAN_POINT('',(0.0100000000000214,-9.00000000016427,2.));
#4937=CARTESIAN_POINT('',(-2.32,-9.00000000016427,2.));
#4938=CARTESIAN_POINT('',(-2.32,-12.0000000001643,2.));
#4939=CARTESIAN_POINT('',(10.9999999999998,-12.0000000001643,2.));
#4940=CARTESIAN_POINT('',(10.9999999999998,-7.00000000016427,2.));
#4941=CARTESIAN_POINT('',(10.9999999999998,-17.0000000001643,2.));
#4942=CARTESIAN_POINT('',(1.9341483795143E-14,-17.0000000001643,2.));
#4943=CARTESIAN_POINT('',(-11.,-17.0000000001643,2.));
#4944=CARTESIAN_POINT('',(-11.,-12.0000000001643,2.));
#4945=CARTESIAN_POINT('',(-11.,-7.00000000016427,2.));
#4946=CARTESIAN_POINT('',(1.9341483795143E-14,-7.00000000016427,2.));
#4947=CARTESIAN_POINT('',(-6.66,-9.00000000016427,2.));
#4948=CARTESIAN_POINT('',(-4.32,-9.00000000016427,2.));
#4949=CARTESIAN_POINT('',(-9.,-9.00000000016427,2.));
#4950=CARTESIAN_POINT('',(-9.,-12.0000000001643,2.));
#4951=CARTESIAN_POINT('',(-9.,-15.0000000001643,2.));
#4952=CARTESIAN_POINT('',(-6.66,-15.0000000001643,2.));
#4953=CARTESIAN_POINT('',(-4.32,-15.0000000001643,2.));
#4954=CARTESIAN_POINT('',(-4.32,-12.0000000001643,2.));
#4955=CARTESIAN_POINT('',(6.65999999999989,-9.00000000016427,2.));
#4956=CARTESIAN_POINT('',(4.34,-9.00000000016427,2.));
#4957=CARTESIAN_POINT('',(8.99999999999988,-9.00000000016427,2.));
#4958=CARTESIAN_POINT('',(4.34,-7.00000000016427,2.));
#4959=CARTESIAN_POINT('',(4.34,-15.0000000001643,2.));
#4960=CARTESIAN_POINT('',(6.65999999999989,-15.0000000001643,2.));
#4961=CARTESIAN_POINT('',(8.99999999999988,-15.0000000001643,2.));
#4962=CARTESIAN_POINT('',(8.99999999999988,-12.0000000001643,2.));
#4963=CARTESIAN_POINT('',(1.9341483795143E-14,-7.00000000016427,2.));
#4964=CARTESIAN_POINT('',(10.9999999999998,-17.0000000001643,2.5));
#4965=CARTESIAN_POINT('',(10.9999999999998,-17.0000000001643,3.));
#4966=CARTESIAN_POINT('',(1.9341483795143E-14,-17.0000000001643,3.));
#4967=CARTESIAN_POINT('',(-11.,-17.0000000001643,3.));
#4968=CARTESIAN_POINT('',(-11.,-17.0000000001643,2.5));
#4969=CARTESIAN_POINT('',(1.9341483795143E-14,-17.0000000001643,2.));
#4970=CARTESIAN_POINT('',(1.9341483795143E-14,-15.0874886636902,3.));
#4971=CARTESIAN_POINT('',(2.42748866352595,-15.0874886636902,3.));
#4972=CARTESIAN_POINT('',(-2.4074886635259,-15.0874886636902,3.));
#4973=CARTESIAN_POINT('',(2.3224344622532,-14.9824344624174,1.79922498482775));
#4974=CARTESIAN_POINT('',(-2.30243446225317,-14.9824344624174,1.79922498482775));
#4975=CARTESIAN_POINT('',(0.0100000000000214,-15.0000000001643,2.));
#4976=CARTESIAN_POINT('',(2.31738342779382,-9.02261657237047,1.74149139677393));
#4977=CARTESIAN_POINT('',(2.42748866352595,-8.91251133663829,3.));
#4978=CARTESIAN_POINT('',(1.9341483795143E-14,-8.91251133663829,3.));
#4979=CARTESIAN_POINT('',(-2.4074886635259,-8.91251133663829,3.));
#4980=CARTESIAN_POINT('',(-2.30243446225317,-9.01756553791102,1.79922498482776));
#4981=CARTESIAN_POINT('',(0.0100000000000214,-9.00000000016427,2.));
#4982=CARTESIAN_POINT('',(10.9999999999998,-6.99115643578406,0.986627895337293));
#4983=CARTESIAN_POINT('',(-11.,-6.99115643578406,0.986627895337293));
#4984=CARTESIAN_POINT('',(1.9341483795143E-14,-7.00000000016427,2.));
#4985=CARTESIAN_POINT('',(-1.2839685570222E-13,5.99999999983564,3.));
#4986=CARTESIAN_POINT('',(1.84788287494368,2.1489379497748,3.));
#4987=CARTESIAN_POINT('',(-4.89547160464636E-14,2.05171679406407,3.));
#4988=CARTESIAN_POINT('',(-1.84788287494378,2.1489379497748,3.));
#4989=CARTESIAN_POINT('',(-2.10496372328294,2.16246353493257,3.));
#4990=CARTESIAN_POINT('',(-2.10496372328294,2.75673386481574,3.));
#4991=CARTESIAN_POINT('',(-2.10496372328294,3.85723443029078,3.));
#4992=CARTESIAN_POINT('',(-1.2839685570222E-13,5.99999999983564,3.));
#4993=CARTESIAN_POINT('',(-2.10496372328294,8.14276918117671,3.));
#4994=CARTESIAN_POINT('',(-2.10496372328294,9.49999999983573,3.));
#4995=CARTESIAN_POINT('',(-2.10496372328294,9.83753646473897,3.));
#4996=CARTESIAN_POINT('',(-1.88852761484566,9.84892364132096,3.));
#4997=CARTESIAN_POINT('',(-4.88480032342111E-14,9.94828320560748,3.));
#4998=CARTESIAN_POINT('',(1.88852761484556,9.84892364132096,3.));
#4999=CARTESIAN_POINT('',(10.9999999999998,-1.64279679099E-10,3.));
#5000=CARTESIAN_POINT('',(10.9999999999998,13.9505102573811,3.));
#5001=CARTESIAN_POINT('',(-11.,13.9505102573811,3.));
#5002=CARTESIAN_POINT('',(-11.,13.9505102573811,3.));
#5003=CARTESIAN_POINT('',(-11.,-1.64279679099E-10,3.));
#5004=CARTESIAN_POINT('',(2.42748866352595,-17.0000000001643,3.));
#5005=CARTESIAN_POINT('',(-2.4074886635259,-17.0000000001643,3.));
#5006=CARTESIAN_POINT('',(-4.23251133647405,-17.0000000001643,3.));
#5007=CARTESIAN_POINT('',(-4.23251133647405,-8.91251133663829,3.));
#5008=CARTESIAN_POINT('',(-4.23251133647405,-15.0874886636902,3.));
#5009=CARTESIAN_POINT('',(1.9341483795143E-14,-15.0874886636902,3.));
#5010=CARTESIAN_POINT('',(-9.0874886635259,-15.0874886636902,3.));
#5011=CARTESIAN_POINT('',(-9.0874886635259,-17.0000000001643,3.));
#5012=CARTESIAN_POINT('',(-9.0874886635259,-8.91251133663829,3.));
#5013=CARTESIAN_POINT('',(1.9341483795143E-14,-8.91251133663829,3.));
#5014=CARTESIAN_POINT('',(4.2525113364741,-12.0000000001643,3.));
#5015=CARTESIAN_POINT('',(4.2525113364741,-8.91251133663829,3.));
#5016=CARTESIAN_POINT('',(4.2525113364741,-15.0874886636902,3.));
#5017=CARTESIAN_POINT('',(-1.1725091588807E-13,-8.91251133663829,3.));
#5018=CARTESIAN_POINT('',(9.0874886635258,-8.91251133663829,3.));
#5019=CARTESIAN_POINT('',(9.0874886635258,-17.0000000001643,3.));
#5020=CARTESIAN_POINT('',(9.0874886635258,-15.0874886636902,3.));
#5021=CARTESIAN_POINT('',(-1.1725091588807E-13,-15.0874886636902,3.));
#5022=CARTESIAN_POINT('',(1.9341483795143E-14,-17.0000000001643,3.));
#5023=CARTESIAN_POINT('',(0.0155676396552223,14.026827006779,2.4));
#5024=CARTESIAN_POINT('',(-11.,13.9691491024008,2.4));
#5025=CARTESIAN_POINT('',(-4.89547160464636E-14,14.0267454940635,2.40000000000002));
#5026=CARTESIAN_POINT('',(-0.0155676396553202,14.026827006779,2.4));
#5027=CARTESIAN_POINT('',(10.9999999999998,13.9691491024008,2.4));
#5028=CARTESIAN_POINT('',(10.9999999999998,5.49999999983573,2.4));
#5029=CARTESIAN_POINT('',(10.9999999999998,-6.05759639182697,2.4));
#5030=CARTESIAN_POINT('',(-1.1725091588807E-13,-6.00000000016427,2.4));
#5031=CARTESIAN_POINT('',(-4.89542479463425E-14,-6.00000000016427,2.4));
#5032=CARTESIAN_POINT('',(1.9341483795143E-14,-6.00000000016427,2.4));
#5033=CARTESIAN_POINT('',(-11.,-6.05759639182697,2.4));
#5034=CARTESIAN_POINT('',(-11.,5.49999999983573,2.4));
#5035=CARTESIAN_POINT('',(1.88574454683141,9.79602585703131,2.4));
#5036=CARTESIAN_POINT('',(-4.90614288587161E-14,9.89523899802854,2.4));
#5037=CARTESIAN_POINT('',(-1.88574454683151,9.79602585703131,2.4));
#5038=CARTESIAN_POINT('',(-2.05247052516739,9.78725403901156,2.4));
#5039=CARTESIAN_POINT('',(-2.05247052516739,16.9999999998358,2.40000000000002));
#5040=CARTESIAN_POINT('',(-2.05247052516739,8.83502464581661,2.4));
#5041=CARTESIAN_POINT('',(1.9341483795143E-14,5.99999999983572,2.4));
#5042=CARTESIAN_POINT('',(-3.5,5.99999999983572,2.4));
#5043=CARTESIAN_POINT('',(1.9341483795143E-14,5.99999999983572,2.4));
#5044=CARTESIAN_POINT('',(-2.05247052516739,3.16497535385483,2.4));
#5045=CARTESIAN_POINT('',(-2.05247052516739,16.9999999998358,2.40000000000002));
#5046=CARTESIAN_POINT('',(-2.05247052516739,2.21274596065989,2.4));
#5047=CARTESIAN_POINT('',(-1.84509980692961,2.20183573406436,2.4));
#5048=CARTESIAN_POINT('',(-1.1725091588807E-13,2.10476100164292,2.4));
#5049=CARTESIAN_POINT('',(1.84509980692951,2.20183573406436,2.4));
#5050=CARTESIAN_POINT('',(-1.1725091588807E-13,5.99999999983572,2.4));
#5051=CARTESIAN_POINT('',(3.49999999999988,5.99999999983572,2.4));
#5052=CARTESIAN_POINT('',(-1.1725091588807E-13,5.99999999983572,2.4));
#5053=CARTESIAN_POINT('',(1.9341483795143E-14,16.9999999998358,2.40000000000002));
#5054=CARTESIAN_POINT('',(-8.5,-2.00000000016427,-5.));
#5055=CARTESIAN_POINT('',(-8.35000000033998,-2.0000100411443,-5.));
#5056=CARTESIAN_POINT('',(-8.65,-2.00000000016427,-5.));
#5057=CARTESIAN_POINT('',(-8.5,-2.00000000016427,-5.));
#5058=CARTESIAN_POINT('',(1.9341483795143E-14,5.99999999983572,-5.));
#5059=CARTESIAN_POINT('',(-7.925,-2.00000000016427,-3.25));
#5060=CARTESIAN_POINT('',(-7.5,-2.00000000016427,-1.5));
#5061=CARTESIAN_POINT('',(-8.5,-2.00000000016427,-1.5));
#5062=CARTESIAN_POINT('',(-9.5,-2.00000000016427,-1.5));
#5063=CARTESIAN_POINT('',(-9.075,-2.00000000016427,-3.25));
#5064=CARTESIAN_POINT('',(-8.5,-2.00000000016427,-5.61764705882));
#5065=CARTESIAN_POINT('',(-8.5,-2.00000000016427,-1.5));
#5066=CARTESIAN_POINT('',(-8.5,-2.00000000016427,-5.61764705882));
#5067=CARTESIAN_POINT('',(-7.5,-2.00000000016427,-3.));
#5068=CARTESIAN_POINT('',(-9.5,-2.00000000016427,-3.));
#5069=CARTESIAN_POINT('',(-8.5,-2.00000000016427,-3.));
#5070=CARTESIAN_POINT('',(-8.5,-2.00000000016427,-3.));
#5071=CARTESIAN_POINT('',(-3.5,5.99999999983572,-0.499999904629991));
#5072=CARTESIAN_POINT('',(1.9341483795143E-14,5.99999999983575,-21.0598454525395));
#5073=CARTESIAN_POINT('',(1.9341483795143E-14,5.99999999983572,-0.499999904629991));
#5074=CARTESIAN_POINT('',(1.9341483795143E-14,5.99999999983575,-21.0598454525395));
#5075=CARTESIAN_POINT('',(1.9341483795143E-14,5.99999999983572,-0.499999904629991));
#5076=CARTESIAN_POINT('',(-11.,17.0000000001643,5.));
#5077=CARTESIAN_POINT('',(-11.,16.9424036085016,5.));
#5078=CARTESIAN_POINT('',(-11.,16.4000000001643,5.));
#5079=CARTESIAN_POINT('',(-11.,13.9691491024008,5.4));
#5080=CARTESIAN_POINT('',(-11.,-6.05759639182697,1.1));
#5081=CARTESIAN_POINT('',(-11.,12.9423624846802,-3.2));
#5082=CARTESIAN_POINT('',(-11.,15.9424036085017,-3.2));
#5083=CARTESIAN_POINT('',(-11.,15.9424036085017,-0.2));
#5084=CARTESIAN_POINT('',(-11.,15.9424036085017,-4.));
#5085=CARTESIAN_POINT('',(-11.,15.2000000001643,-4.));
#5086=CARTESIAN_POINT('',(-11.,15.2000000001643,-4.));
#5087=CARTESIAN_POINT('',(-11.,15.2000000001643,-3.));
#5088=CARTESIAN_POINT('',(-11.,15.2000000001643,-3.));
#5089=CARTESIAN_POINT('',(-11.,13.2000000001643,-3.));
#5090=CARTESIAN_POINT('',(-11.,13.9505102573811,5.5));
#5091=CARTESIAN_POINT('',(-11.,5.99999999983572,1.1));
#5092=CARTESIAN_POINT('',(-1.76843600640998,7.49969686810729,-0.846529405186926));
#5093=CARTESIAN_POINT('',(-1.76175683226797,7.50637603525657,-0.922872714969434));
#5094=CARTESIAN_POINT('',(-1.7617569213685,5.9999989249927,-0.922871696545659));
#5095=CARTESIAN_POINT('',(-1.76175701046883,4.49362523539245,-0.922870678124196));
#5096=CARTESIAN_POINT('',(-1.76843603124023,4.50030426363549,-0.846529121375953));
#5097=CARTESIAN_POINT('',(-1.85124659905776,3.96643514238018,0.100000000000022));
#5098=CARTESIAN_POINT('',(-1.93581578312652,3.92905898419271,1.06663019710786));
#5099=CARTESIAN_POINT('',(-2.02038832025028,3.89270841409565,2.03329871980959));
#5100=CARTESIAN_POINT('',(-2.10496372328294,3.85723443029078,3.));
#5101=CARTESIAN_POINT('',(-1.77172060910809,2.48167197982027,-0.808986224553563));
#5102=CARTESIAN_POINT('',(-1.82449878974924,9.56888342594922,-0.20572885938066));
#5103=CARTESIAN_POINT('',(-2.10496372328294,8.14276556938051,3.));
#5104=CARTESIAN_POINT('',(-2.02038831772356,8.10729158451584,2.03329869092913));
#5105=CARTESIAN_POINT('',(-1.93581578565305,8.0709410165952,1.06663022598619));
#5106=CARTESIAN_POINT('',(-1.85124659905775,8.03356485729111,0.100000000000016));
#5107=CARTESIAN_POINT('',(-1.825,9.49999999983573,-0.199999999999981));
#5108=CARTESIAN_POINT('',(-2.32,-12.0000000001643,2.));
#5109=CARTESIAN_POINT('',(-4.33764092632082,-9.01764092648504,1.79836328948367));
#5110=CARTESIAN_POINT('',(-8.98235907367915,-9.01764092648504,1.79836328948367));
#5111=CARTESIAN_POINT('',(-6.66,-9.00000000016427,2.));
#5112=CARTESIAN_POINT('',(-8.98235907367915,-14.9823590738434,1.79836328948366));
#5113=CARTESIAN_POINT('',(-9.,-12.0000000001643,2.));
#5114=CARTESIAN_POINT('',(-4.33764092632082,-14.9823590738434,1.79836328948366));
#5115=CARTESIAN_POINT('',(-6.66,-15.0000000001643,2.));
#5116=CARTESIAN_POINT('',(-4.32,-12.0000000001643,2.));
#5117=CARTESIAN_POINT('',(1.9341483795143E-14,-6.00000000016427,2.4));
#5118=CARTESIAN_POINT('',(1.9341483795143E-14,-6.00000000016427,2.4));
#5119=CARTESIAN_POINT('',(1.9341483795143E-14,2.11208630822027,2.31714111404417));
#5120=CARTESIAN_POINT('',(-1.83019272829258,2.48517463419812,-0.81380833551687));
#5121=CARTESIAN_POINT('',(3.30007237634642E-14,9.61036905356929,-0.822255067557224));
#5122=CARTESIAN_POINT('',(-1.88554715648935,9.7922740580502,2.3574447319688));
#5123=CARTESIAN_POINT('',(-5.5,16.4000000001643,5.));
#5124=CARTESIAN_POINT('',(11.,16.4000000001643,5.));
#5125=CARTESIAN_POINT('',(11.,17.0000000001643,5.));
#5126=CARTESIAN_POINT('',(11.,16.9424036085016,5.));
#5127=CARTESIAN_POINT('',(-4.89547160464636E-14,17.0000000001643,5.));
#5128=CARTESIAN_POINT('',(-4.89547160464636E-14,17.0000000001643,5.));
#5129=CARTESIAN_POINT('',(-4.89547160464636E-14,17.0000000001643,5.));
#5130=CARTESIAN_POINT('',(11.,17.0000000001643,5.));
#5131=CARTESIAN_POINT('',(-8.5,12.0000000001644,-5.));
#5132=CARTESIAN_POINT('',(-8.55616069510195,11.8609101862834,-5.));
#5133=CARTESIAN_POINT('',(-8.65,12.0000000001644,-5.));
#5134=CARTESIAN_POINT('',(-8.5,12.0000000001644,-5.));
#5135=CARTESIAN_POINT('',(-8.34999966514895,11.9999983355303,-5.));
#5136=CARTESIAN_POINT('',(-8.5,12.0000000001644,-5.));
#5137=CARTESIAN_POINT('',(4.92888841999408E-14,6.00000000016427,-5.));
#5138=CARTESIAN_POINT('',(-8.5,12.0000000001644,-1.5));
#5139=CARTESIAN_POINT('',(-9.5,12.0000000001644,-1.5));
#5140=CARTESIAN_POINT('',(-7.5,12.0000000001644,-1.5));
#5141=CARTESIAN_POINT('',(-7.5,12.0000000001644,-1.5));
#5142=CARTESIAN_POINT('',(-9.5,12.0000000001644,-1.5));
#5143=CARTESIAN_POINT('',(-8.5,12.0000000001644,-3.25));
#5144=CARTESIAN_POINT('',(-8.5,12.0000000001644,-1.5));
#5145=CARTESIAN_POINT('',(-8.87440463401695,11.0727345742873,-1.5));
#5146=CARTESIAN_POINT('',(-8.5,12.0000000001644,-1.5));
#5147=CARTESIAN_POINT('',(-8.5,12.0000000001644,-3.25));
#5148=CARTESIAN_POINT('',(-7.5,12.0000000001644,-1.5));
#5149=CARTESIAN_POINT('',(-9.5,12.0000000001644,-1.5));
#5150=CARTESIAN_POINT('',(-8.5,12.0000000001644,-3.));
#5151=CARTESIAN_POINT('',(-8.5,12.0000000001644,-3.));
#5152=CARTESIAN_POINT('',(-11.,15.2000000001643,-3.));
#5153=CARTESIAN_POINT('',(11.,15.2000000001643,-3.));
#5154=CARTESIAN_POINT('',(-11.,15.2000000001643,-4.));
#5155=CARTESIAN_POINT('',(11.,15.2000000001643,-4.));
#5156=CARTESIAN_POINT('',(11.,15.2000000001643,-3.));
#5157=CARTESIAN_POINT('',(4.92888841999408E-14,15.2000000001643,-4.));
#5158=CARTESIAN_POINT('',(11.,15.2000000001643,-4.));
#5159=CARTESIAN_POINT('',(11.,15.9424036085017,-4.));
#5160=CARTESIAN_POINT('',(4.92861908204729E-14,16.0000000001644,-4.));
#5161=CARTESIAN_POINT('',(-4.89547160464636E-14,16.0000000001644,-4.));
#5162=CARTESIAN_POINT('',(-1.471956229134E-13,16.0000000001644,-4.));
#5163=CARTESIAN_POINT('',(4.92888841999408E-14,16.0000000001644,-4.));
#5164=CARTESIAN_POINT('',(-4.89547160464636E-14,16.0000000001644,-0.2));
#5165=CARTESIAN_POINT('',(-4.89547160464636E-14,16.0000000001644,-3.2));
#5166=CARTESIAN_POINT('',(-4.89363152367091E-14,16.0000000001644,-3.2));
#5167=CARTESIAN_POINT('',(-4.89547160464636E-14,16.0000000001644,-0.2));
#5168=CARTESIAN_POINT('',(10.9999999999998,13.2000000001643,-3.));
#5169=CARTESIAN_POINT('',(4.92888841999408E-14,13.2000000001643,-3.));
#5170=CARTESIAN_POINT('',(-4.89547160464636E-14,12.9999588763429,-3.2));
#5171=CARTESIAN_POINT('',(0.0157078914942098,13.000041123422,-3.2));
#5172=CARTESIAN_POINT('',(10.9999999999998,13.9505102573811,5.5));
#5173=CARTESIAN_POINT('',(-5.5,13.9505102573811,5.5));
#5174=CARTESIAN_POINT('',(-4.89547160464636E-14,14.0267454940635,5.4));
#5175=CARTESIAN_POINT('',(0.0155676396552224,14.026827006779,5.4));
#5176=CARTESIAN_POINT('',(8.49999999999989,-2.00000000016427,-5.));
#5177=CARTESIAN_POINT('',(8.35000000033988,-2.0000100411443,-5.));
#5178=CARTESIAN_POINT('',(8.64999999999988,-2.00000000016427,-5.));
#5179=CARTESIAN_POINT('',(8.49999999999989,-2.00000000016427,-5.));
#5180=CARTESIAN_POINT('',(-1.1725091588807E-13,5.99999999983572,-5.));
#5181=CARTESIAN_POINT('',(7.92499999999988,-2.00000000016427,-3.25));
#5182=CARTESIAN_POINT('',(7.49999999999988,-2.00000000016427,-1.5));
#5183=CARTESIAN_POINT('',(9.07499999999988,-2.00000000016427,-3.25));
#5184=CARTESIAN_POINT('',(9.49999999999987,-2.00000000016427,-1.5));
#5185=CARTESIAN_POINT('',(8.49999999999989,-2.00000000016427,-1.5));
#5186=CARTESIAN_POINT('',(8.49999999999989,-2.00000000016427,-5.61764705882));
#5187=CARTESIAN_POINT('',(8.49999999999989,-2.00000000016427,-1.5));
#5188=CARTESIAN_POINT('',(8.49999999999989,-2.00000000016427,-5.61764705882));
#5189=CARTESIAN_POINT('',(7.49999999999988,-2.00000000016427,-3.));
#5190=CARTESIAN_POINT('',(9.49999999999987,-2.00000000016427,-3.));
#5191=CARTESIAN_POINT('',(8.49999999999989,-2.00000000016427,-3.));
#5192=CARTESIAN_POINT('',(8.49999999999989,-2.00000000016427,-3.));
#5193=CARTESIAN_POINT('',(3.49999999999988,5.99999999983572,-0.499999904629991));
#5194=CARTESIAN_POINT('',(-1.1725091588807E-13,5.99999999983572,-0.499999904629991));
#5195=CARTESIAN_POINT('',(-1.1725091588807E-13,5.99999999983572,-0.499999904629991));
#5196=CARTESIAN_POINT('',(10.9999999999998,15.9424036085017,-0.2));
#5197=CARTESIAN_POINT('',(10.9999999999998,15.9424036085017,-3.2));
#5198=CARTESIAN_POINT('',(10.9999999999998,12.9423624846802,-3.2));
#5199=CARTESIAN_POINT('',(10.9999999999998,-6.05759639182697,1.1));
#5200=CARTESIAN_POINT('',(10.9999999999998,13.9691491024008,5.4));
#5201=CARTESIAN_POINT('',(10.9999999999998,5.99999999983572,1.1));
#5202=CARTESIAN_POINT('',(2.34,-12.0000000001643,2.));
#5203=CARTESIAN_POINT('',(4.35749014917281,-9.01749014933702,1.80008668017186));
#5204=CARTESIAN_POINT('',(8.98235907367905,-9.01764092648504,1.79836328948367));
#5205=CARTESIAN_POINT('',(6.65999999999989,-9.00000000016427,2.));
#5206=CARTESIAN_POINT('',(8.98235907367905,-14.9823590738434,1.79836328948366));
#5207=CARTESIAN_POINT('',(8.99999999999988,-12.0000000001643,2.));
#5208=CARTESIAN_POINT('',(4.36261657220622,-14.9773834279581,1.74149139677393));
#5209=CARTESIAN_POINT('',(6.65999999999989,-15.0000000001643,2.));
#5210=CARTESIAN_POINT('',(4.34,-12.0000000001643,2.));
#5211=CARTESIAN_POINT('',(-1.1725091588807E-13,-6.00000000016427,2.4));
#5212=CARTESIAN_POINT('',(1.83019272829248,2.48517463419812,-0.81380833551687));
#5213=CARTESIAN_POINT('',(1.88554715648926,9.7922740580502,2.3574447319688));
#5214=CARTESIAN_POINT('',(8.49999999999985,12.0000000001644,-5.));
#5215=CARTESIAN_POINT('',(8.55616069510185,11.8609101862834,-5.));
#5216=CARTESIAN_POINT('',(8.64999999999985,12.0000000001644,-5.));
#5217=CARTESIAN_POINT('',(8.49999999999985,12.0000000001644,-5.));
#5218=CARTESIAN_POINT('',(8.34999966514885,11.9999983355303,-5.));
#5219=CARTESIAN_POINT('',(8.49999999999985,12.0000000001644,-5.));
#5220=CARTESIAN_POINT('',(-1.47198316292868E-13,6.00000000016427,-5.));
#5221=CARTESIAN_POINT('',(8.49999999999985,12.0000000001644,-1.5));
#5222=CARTESIAN_POINT('',(9.5,12.0000000001644,-1.5));
#5223=CARTESIAN_POINT('',(7.49999999999985,12.0000000001644,-1.5));
#5224=CARTESIAN_POINT('',(9.5,12.0000000001644,-1.5));
#5225=CARTESIAN_POINT('',(7.49999999999985,12.0000000001644,-1.5));
#5226=CARTESIAN_POINT('',(8.49999999999985,12.0000000001644,-3.25));
#5227=CARTESIAN_POINT('',(8.49999999999985,12.0000000001644,-1.5));
#5228=CARTESIAN_POINT('',(8.87440463401685,11.0727345742873,-1.5));
#5229=CARTESIAN_POINT('',(8.49999999999985,12.0000000001644,-1.5));
#5230=CARTESIAN_POINT('',(8.49999999999985,12.0000000001644,-3.25));
#5231=CARTESIAN_POINT('',(9.5,12.0000000001644,-1.5));
#5232=CARTESIAN_POINT('',(7.49999999999985,12.0000000001644,-1.5));
#5233=CARTESIAN_POINT('',(8.49999999999985,12.0000000001644,-3.));
#5234=CARTESIAN_POINT('',(8.49999999999985,12.0000000001644,-3.));
#5235=CARTESIAN_POINT('',(-4.89731168562181E-14,16.0000000001644,-3.2));
#5236=CARTESIAN_POINT('',(-4.89547160464636E-14,16.0000000001644,-0.2));
#5237=CARTESIAN_POINT('',(-0.0157078914943077,13.000041123422,-3.2));
#5238=CARTESIAN_POINT('',(-0.0155676396553203,14.026827006779,5.4));
#5239=CARTESIAN_POINT('',(-1.2839685570222E-13,5.99999999983564,0.100000000000023));
#5240=CARTESIAN_POINT('',(-1.2839685570222E-13,5.99999999983564,0.100000000000023));
#5241=CARTESIAN_POINT('',(-7.06711978799274,5.43953025118162,-9.19685039370081));
#5242=CARTESIAN_POINT('',(-7.06711978799274,5.43953025118162,-0.803149606299194));
#5243=CARTESIAN_POINT('',(-7.06711978799274,5.43953025118162,-0.950787401574783));
#5244=CARTESIAN_POINT('',(-7.86023622047258,5.43953025118162,-0.803149606299193));
#5245=CARTESIAN_POINT('',(-8.58267716535447,5.43953025118162,-0.803149606299194));
#5246=CARTESIAN_POINT('',(-8.58267716535447,5.43953025118162,-9.19685039370081));
#5247=CARTESIAN_POINT('',(-8.58267716535447,5.43953025118162,-0.950787401574783));
#5248=CARTESIAN_POINT('',(-7.86023622047258,5.43953025118162,-0.950787401574784));
#5249=CARTESIAN_POINT('',(-7.06711978799274,5.43953025118162,-9.19685039370081));
#5250=CARTESIAN_POINT('',(-8.58267716535447,4.99999999983572,-0.803149606299193));
#5251=CARTESIAN_POINT('',(-8.58267716535447,5.59619149898985,-0.803149606299194));
#5252=CARTESIAN_POINT('',(-8.58267716535447,5.59619149898985,-9.19685039370081));
#5253=CARTESIAN_POINT('',(-8.58267716535447,5.59619149898985,-0.950787401574783));
#5254=CARTESIAN_POINT('',(-8.58267716535447,4.99999999983572,-0.950787401574784));
#5255=CARTESIAN_POINT('',(-8.58267716535447,5.43953025118162,-9.19685039370081));
#5256=CARTESIAN_POINT('',(-7.86023622047258,5.59619149898985,-0.803149606299193));
#5257=CARTESIAN_POINT('',(-6.77198718804231,5.59619149898985,-0.803149606299194));
#5258=CARTESIAN_POINT('',(-6.77198718804231,5.59619149898985,-9.19685039370081));
#5259=CARTESIAN_POINT('',(-6.77198718804231,5.59619149898985,-0.950787401574783));
#5260=CARTESIAN_POINT('',(-7.86023622047258,5.59619149898985,-0.950787401574784));
#5261=CARTESIAN_POINT('',(-8.58267716535447,5.59619149898985,-9.19685039370081));
#5262=CARTESIAN_POINT('',(-6.77198718804231,4.99999999983572,-0.803149606299193));
#5263=CARTESIAN_POINT('',(-6.77198718804231,5.53649659411902,-0.803149606299194));
#5264=CARTESIAN_POINT('',(-6.77198718804231,5.53649659411902,-9.19685039370081));
#5265=CARTESIAN_POINT('',(-6.77198718804231,5.53649659411902,-0.950787401574783));
#5266=CARTESIAN_POINT('',(-6.77198718804231,4.99999999983572,-0.950787401574784));
#5267=CARTESIAN_POINT('',(-6.77198718804231,5.59619149898985,-9.19685039370081));
#5268=CARTESIAN_POINT('',(-6.77198718804231,5.53649659411902,-0.803149606299194));
#5269=CARTESIAN_POINT('',(-6.82217688890597,5.49619495783566,-0.803149606299194));
#5270=CARTESIAN_POINT('',(-6.87579836418767,5.43801515207323,-0.803149606299194));
#5271=CARTESIAN_POINT('',(-6.9898948349382,5.28773052997102,-0.803149606299194));
#5272=CARTESIAN_POINT('',(-7.03108615660344,5.21650766242561,-0.803149606299194));
#5273=CARTESIAN_POINT('',(-7.05682446473866,5.15014632147783,-0.803149606299194));
#5274=CARTESIAN_POINT('',(-7.05682446473866,5.15014632147783,-0.803149606299194));
#5275=CARTESIAN_POINT('',(-7.05682446473866,5.15014632147783,-9.19685039370081));
#5276=CARTESIAN_POINT('',(-7.05682446473866,5.15014632147783,-0.950787401574783));
#5277=CARTESIAN_POINT('',(-7.05682446473866,5.15014632147783,-0.950787401574783));
#5278=CARTESIAN_POINT('',(-7.04416740723243,5.18278014123606,-0.950787401574783));
#5279=CARTESIAN_POINT('',(-7.0286650676915,5.21437204887803,-0.950787401574783));
#5280=CARTESIAN_POINT('',(-7.01139978703113,5.24481999430046,-0.950787401574783));
#5281=CARTESIAN_POINT('',(-6.98808648336363,5.28593384652495,-0.950787401574783));
#5282=CARTESIAN_POINT('',(-6.96143106668992,5.32522219493378,-0.95078740157479));
#5283=CARTESIAN_POINT('',(-6.93285161388738,5.36286623629676,-0.95078740157479));
#5284=CARTESIAN_POINT('',(-6.89969367259775,5.40654093231148,-0.95078740157479));
#5285=CARTESIAN_POINT('',(-6.86455317432747,5.44897795022304,-0.950787401574783));
#5286=CARTESIAN_POINT('',(-6.8258113156507,5.48778512132342,-0.950787401574783));
#5287=CARTESIAN_POINT('',(-6.80871523473274,5.50491002343162,-0.950787401574783));
#5288=CARTESIAN_POINT('',(-6.79085505607051,5.52134595680439,-0.950787401574783));
#5289=CARTESIAN_POINT('',(-6.77198718804231,5.53649659411902,-0.950787401574783));
#5290=CARTESIAN_POINT('',(-6.77198718804231,5.53649659411902,-9.19685039370081));
#5291=CARTESIAN_POINT('',(-6.82217688890597,5.49619495783566,-9.19685039370081));
#5292=CARTESIAN_POINT('',(-6.87579836418767,5.43801515207323,-9.19685039370081));
#5293=CARTESIAN_POINT('',(-6.9898948349382,5.28773052997102,-9.19685039370081));
#5294=CARTESIAN_POINT('',(-7.03108615660344,5.21650766242561,-9.19685039370081));
#5295=CARTESIAN_POINT('',(-7.05682446473866,5.15014632147783,-9.19685039370081));
#5296=CARTESIAN_POINT('',(-7.86023622047258,5.15014632147783,-0.803149606299193));
#5297=CARTESIAN_POINT('',(-7.27645802749246,5.15014632147783,-0.803149606299194));
#5298=CARTESIAN_POINT('',(-7.27645802749246,5.15014632147783,-9.19685039370081));
#5299=CARTESIAN_POINT('',(-7.27645802749246,5.15014632147783,-0.950787401574783));
#5300=CARTESIAN_POINT('',(-7.86023622047258,5.15014632147783,-0.950787401574784));
#5301=CARTESIAN_POINT('',(-7.05682446473866,5.15014632147783,-9.19685039370081));
#5302=CARTESIAN_POINT('',(-7.27645802749246,5.15014632147783,-0.803149606299194));
#5303=CARTESIAN_POINT('',(-7.25887018360007,5.20044761187662,-0.803149606299194));
#5304=CARTESIAN_POINT('',(-7.22841318564007,5.2549911797789,-0.803149606299194));
#5305=CARTESIAN_POINT('',(-7.14146505606847,5.37296425294871,-0.803149606299194));
#5306=CARTESIAN_POINT('',(-7.10229547577753,5.41468262580392,-0.803149606299194));
#5307=CARTESIAN_POINT('',(-7.06711978799274,5.43953025118162,-0.803149606299194));
#5308=CARTESIAN_POINT('',(-7.06711978799274,5.43953025118162,-0.950787401574783));
#5309=CARTESIAN_POINT('',(-7.10515045118929,5.41266591016987,-0.950787401574783));
#5310=CARTESIAN_POINT('',(-7.13638172312011,5.37663041144496,-0.950787401574783));
#5311=CARTESIAN_POINT('',(-7.1651440846436,5.34001414838117,-0.950787401574783));
#5312=CARTESIAN_POINT('',(-7.18782382525276,5.3111414375057,-0.950787401574783));
#5313=CARTESIAN_POINT('',(-7.209191165685,5.28111723349718,-0.950787401574783));
#5314=CARTESIAN_POINT('',(-7.2282250048329,5.24972110260993,-0.950787401574783));
#5315=CARTESIAN_POINT('',(-7.24734456724551,5.21818357203878,-0.950787401574783));
#5316=CARTESIAN_POINT('',(-7.26428538579425,5.18496011609236,-0.950787401574783));
#5317=CARTESIAN_POINT('',(-7.27645802749246,5.15014632147783,-0.950787401574783));
#5318=CARTESIAN_POINT('',(-7.27645802749246,5.15014632147783,-9.19685039370081));
#5319=CARTESIAN_POINT('',(-7.25887018360007,5.20044761187662,-9.19685039370081));
#5320=CARTESIAN_POINT('',(-7.22841318564007,5.2549911797789,-9.19685039370081));
#5321=CARTESIAN_POINT('',(-7.14146505606847,5.37296425294871,-9.19685039370081));
#5322=CARTESIAN_POINT('',(-7.10229547577753,5.41468262580392,-9.19685039370081));
#5323=CARTESIAN_POINT('',(-7.06711978799274,5.43953025118162,-9.19685039370081));
#5324=CARTESIAN_POINT('',(-7.98082972679276,4.99999999983572,-0.950787401574784));
#5325=CARTESIAN_POINT('',(-7.98082972679276,8.82850393684359,-0.950787401574783));
#5326=CARTESIAN_POINT('',(-7.98082972679276,8.64123768704575,-0.950787401574783));
#5327=CARTESIAN_POINT('',(-7.98082972679276,8.82850393684359,-9.19685039370081));
#5328=CARTESIAN_POINT('',(-7.98082972679276,8.82850393684359,-0.803149606299194));
#5329=CARTESIAN_POINT('',(-7.98082972679276,4.99999999983572,-0.803149606299193));
#5330=CARTESIAN_POINT('',(-7.98082972679276,8.64123768704575,-0.803149606299194));
#5331=CARTESIAN_POINT('',(-7.98082972679276,8.64123768704575,-9.19685039370081));
#5332=CARTESIAN_POINT('',(-7.98082972679276,8.64123768704575,-9.19685039370081));
#5333=CARTESIAN_POINT('',(-7.86023622047258,8.82850393684359,-0.950787401574784));
#5334=CARTESIAN_POINT('',(-8.16614554536629,8.82850393684359,-0.950787401574783));
#5335=CARTESIAN_POINT('',(-8.16614554536629,8.82850393684359,-9.19685039370081));
#5336=CARTESIAN_POINT('',(-8.16614554536629,8.82850393684359,-0.803149606299194));
#5337=CARTESIAN_POINT('',(-7.86023622047258,8.82850393684359,-0.803149606299193));
#5338=CARTESIAN_POINT('',(-7.98082972679276,8.82850393684359,-9.19685039370081));
#5339=CARTESIAN_POINT('',(-8.16614554536629,4.99999999983572,-0.950787401574784));
#5340=CARTESIAN_POINT('',(-8.16614554536629,8.64123768704575,-0.950787401574783));
#5341=CARTESIAN_POINT('',(-8.16614554536629,8.64123768704575,-9.19685039370081));
#5342=CARTESIAN_POINT('',(-8.16614554536629,8.64123768704575,-0.803149606299194));
#5343=CARTESIAN_POINT('',(-8.16614554536629,4.99999999983572,-0.803149606299193));
#5344=CARTESIAN_POINT('',(-8.16614554536629,8.82850393684359,-9.19685039370081));
#5345=CARTESIAN_POINT('',(-7.86023622047258,8.64123768704575,-0.950787401574784));
#5346=CARTESIAN_POINT('',(-8.58267716535447,8.64123768704575,-0.950787401574783));
#5347=CARTESIAN_POINT('',(-8.58267716535447,8.64123768704575,-9.19685039370081));
#5348=CARTESIAN_POINT('',(-8.58267716535447,8.64123768704575,-0.803149606299194));
#5349=CARTESIAN_POINT('',(-7.86023622047258,8.64123768704575,-0.803149606299193));
#5350=CARTESIAN_POINT('',(-8.16614554536629,8.64123768704575,-9.19685039370081));
#5351=CARTESIAN_POINT('',(-8.58267716535447,4.99999999983572,-0.950787401574784));
#5352=CARTESIAN_POINT('',(-8.58267716535447,8.48760663745431,-0.950787401574783));
#5353=CARTESIAN_POINT('',(-8.58267716535447,8.48760663745431,-9.19685039370081));
#5354=CARTESIAN_POINT('',(-8.58267716535447,8.48760663745431,-0.803149606299194));
#5355=CARTESIAN_POINT('',(-8.58267716535447,4.99999999983572,-0.803149606299193));
#5356=CARTESIAN_POINT('',(-8.58267716535447,8.64123768704575,-9.19685039370081));
#5357=CARTESIAN_POINT('',(-7.86023622047258,8.48760663745431,-0.950787401574784));
#5358=CARTESIAN_POINT('',(-8.16614554536629,8.48760663745431,-0.950787401574783));
#5359=CARTESIAN_POINT('',(-8.16614554536629,8.48760663745431,-9.19685039370081));
#5360=CARTESIAN_POINT('',(-8.16614554536629,8.48760663745431,-0.803149606299194));
#5361=CARTESIAN_POINT('',(-7.86023622047258,8.48760663745431,-0.803149606299193));
#5362=CARTESIAN_POINT('',(-8.58267716535447,8.48760663745431,-9.19685039370081));
#5363=CARTESIAN_POINT('',(-8.16614554536629,4.99999999983572,-0.950787401574784));
#5364=CARTESIAN_POINT('',(-8.16614554536629,7.9033844212565,-0.950787401574783));
#5365=CARTESIAN_POINT('',(-8.16614554536629,7.9033844212565,-9.19685039370081));
#5366=CARTESIAN_POINT('',(-8.16614554536629,7.9033844212565,-0.803149606299194));
#5367=CARTESIAN_POINT('',(-8.16614554536629,4.99999999983572,-0.803149606299193));
#5368=CARTESIAN_POINT('',(-8.16614554536629,8.48760663745431,-9.19685039370081));
#5369=CARTESIAN_POINT('',(-7.86023622047258,7.9033844212565,-0.950787401574784));
#5370=CARTESIAN_POINT('',(-7.99112505004685,7.9033844212565,-0.950787401574783));
#5371=CARTESIAN_POINT('',(-7.99112505004685,7.9033844212565,-9.19685039370081));
#5372=CARTESIAN_POINT('',(-7.99112505004685,7.9033844212565,-0.803149606299194));
#5373=CARTESIAN_POINT('',(-7.86023622047258,7.9033844212565,-0.803149606299193));
#5374=CARTESIAN_POINT('',(-8.16614554536629,7.9033844212565,-9.19685039370081));
#5375=CARTESIAN_POINT('',(-6.81102362204738,8.47730396351722,-0.950787401574783));
#5376=CARTESIAN_POINT('',(-6.90561412909993,8.44313938902594,-0.950787401574783));
#5377=CARTESIAN_POINT('',(-6.99917517177068,8.40603965394471,-0.950787401574783));
#5378=CARTESIAN_POINT('',(-7.09173753261298,8.36671038329387,-0.950787401574783));
#5379=CARTESIAN_POINT('',(-7.20222874635704,8.31976323533507,-0.950787401574783));
#5380=CARTESIAN_POINT('',(-7.31138610167879,8.26960001915694,-0.950787401574776));
#5381=CARTESIAN_POINT('',(-7.4193056376429,8.21700993669465,-0.950787401574776));
#5382=CARTESIAN_POINT('',(-7.60350643971071,8.12724736234864,-0.950787401574776));
#5383=CARTESIAN_POINT('',(-7.78494467646818,8.03089824627195,-0.950787401574773));
#5384=CARTESIAN_POINT('',(-7.95928684203899,7.92323179588128,-0.950787401574773));
#5385=CARTESIAN_POINT('',(-7.96992730415087,7.91666069024914,-0.950787401574773));
#5386=CARTESIAN_POINT('',(-7.98054065311678,7.91004545757301,-0.950787401574783));
#5387=CARTESIAN_POINT('',(-7.99112505004685,7.9033844212565,-0.950787401574783));
#5388=CARTESIAN_POINT('',(-6.81102362204738,8.47730396351722,-0.950787401574783));
#5389=CARTESIAN_POINT('',(-6.81102362204738,8.47730396351722,-9.19685039370081));
#5390=CARTESIAN_POINT('',(-6.81102362204738,8.47730396351722,-0.803149606299194));
#5391=CARTESIAN_POINT('',(-7.99112505004685,7.9033844212565,-0.803149606299194));
#5392=CARTESIAN_POINT('',(-7.82597090617924,8.00732022009251,-0.803149606299194));
#5393=CARTESIAN_POINT('',(-7.63507845417642,8.11186205857191,-0.803149606299194));
#5394=CARTESIAN_POINT('',(-7.20353282110936,8.32215781481738,-0.803149606299194));
#5395=CARTESIAN_POINT('',(-7.00062915864344,8.40882148381768,-0.803149606299194));
#5396=CARTESIAN_POINT('',(-6.81102362204738,8.47730396351722,-0.803149606299194));
#5397=CARTESIAN_POINT('',(-7.99112505004685,7.9033844212565,-9.19685039370081));
#5398=CARTESIAN_POINT('',(-7.82597090617924,8.00732022009251,-9.19685039370081));
#5399=CARTESIAN_POINT('',(-7.63507845417642,8.11186205857191,-9.19685039370081));
#5400=CARTESIAN_POINT('',(-7.20353282110936,8.32215781481738,-9.19685039370081));
#5401=CARTESIAN_POINT('',(-7.00062915864344,8.40882148381768,-9.19685039370081));
#5402=CARTESIAN_POINT('',(-6.81102362204738,8.47730396351722,-9.19685039370081));
#5403=CARTESIAN_POINT('',(-6.81102362204738,4.99999999983572,-0.950787401574784));
#5404=CARTESIAN_POINT('',(-6.81102362204738,8.64123768704575,-0.950787401574783));
#5405=CARTESIAN_POINT('',(-6.81102362204738,8.64123768704575,-9.19685039370081));
#5406=CARTESIAN_POINT('',(-6.81102362204738,8.64123768704575,-0.803149606299193));
#5407=CARTESIAN_POINT('',(-6.81102362204738,4.99999999983572,-0.803149606299193));
#5408=CARTESIAN_POINT('',(-6.81102362204738,8.47730396351722,-9.19685039370081));
#5409=CARTESIAN_POINT('',(-7.86023622047258,8.64123768704575,-0.950787401574784));
#5410=CARTESIAN_POINT('',(-7.86023622047258,8.64123768704575,-0.803149606299193));
#5411=CARTESIAN_POINT('',(-6.81102362204738,8.64123768704575,-9.19685039370081));
#5412=CARTESIAN_POINT('',(-7.02207774875612,6.13253658336233,-9.19685039370081));
#5413=CARTESIAN_POINT('',(-7.02207774875612,6.13253658336233,-0.803149606299194));
#5414=CARTESIAN_POINT('',(-7.02207774875612,6.13253658336233,-0.950787401574783));
#5415=CARTESIAN_POINT('',(-7.02207774875612,6.13253658336233,-0.803149606299197));
#5416=CARTESIAN_POINT('',(-7.18251320279894,6.0595088063376,-0.803149606299197));
#5417=CARTESIAN_POINT('',(-7.41887666584064,6.0228434079144,-0.803149606299197));
#5418=CARTESIAN_POINT('',(-8.01857924539108,6.0228434079144,-0.803149606299197));
#5419=CARTESIAN_POINT('',(-8.23692589273812,6.05769068740751,-0.803149606299197));
#5420=CARTESIAN_POINT('',(-8.53720615431559,6.19707980538003,-0.803149606299197));
#5421=CARTESIAN_POINT('',(-8.61227621970996,6.29556124742581,-0.803149606299197));
#5422=CARTESIAN_POINT('',(-8.61227621970996,6.55737037335679,-0.803149606299197));
#5423=CARTESIAN_POINT('',(-8.53334540809531,6.66191221183617,-0.803149606299197));
#5424=CARTESIAN_POINT('',(-8.37505481306376,6.73675810779096,-0.803149606299197));
#5425=CARTESIAN_POINT('',(-8.37505481306376,6.73675810779096,-0.803149606299194));
#5426=CARTESIAN_POINT('',(-8.37505481306376,6.73675810779096,-9.19685039370081));
#5427=CARTESIAN_POINT('',(-8.37505481306376,6.73675810779096,-0.950787401574783));
#5428=CARTESIAN_POINT('',(-8.37505481306376,6.73675810779096,-0.950787401574783));
#5429=CARTESIAN_POINT('',(-8.38030031509037,6.73427783220139,-0.950787401574783));
#5430=CARTESIAN_POINT('',(-8.38551769732772,6.73173706088645,-0.950787401574783));
#5431=CARTESIAN_POINT('',(-8.39070269408092,6.72913266706431,-0.950787401574783));
#5432=CARTESIAN_POINT('',(-8.43702308787617,6.7058662016871,-0.950787401574783));
#5433=CARTESIAN_POINT('',(-8.48167223927462,6.67712187582465,-0.950787401574783));
#5434=CARTESIAN_POINT('',(-8.5187599522381,6.6409084965342,-0.950787401574783));
#5435=CARTESIAN_POINT('',(-8.54167278965407,6.6185358236012,-0.950787401574783));
#5436=CARTESIAN_POINT('',(-8.56194337345434,6.59282514580614,-0.950787401574783));
#5437=CARTESIAN_POINT('',(-8.57726176953416,6.5647025329446,-0.950787401574783));
#5438=CARTESIAN_POINT('',(-8.59389739916142,6.53416164803225,-0.950787401574783));
#5439=CARTESIAN_POINT('',(-8.60489736020998,6.49994678600946,-0.950787401574786));
#5440=CARTESIAN_POINT('',(-8.60949992894947,6.46547496874777,-0.950787401574786));
#5441=CARTESIAN_POINT('',(-8.61345915350717,6.43582160055797,-0.950787401574786));
#5442=CARTESIAN_POINT('',(-8.61334005433289,6.40527503465992,-0.950787401574783));
#5443=CARTESIAN_POINT('',(-8.60864321144979,6.37572952110829,-0.950787401574783));
#5444=CARTESIAN_POINT('',(-8.60351360788704,6.34346172434567,-0.950787401574783));
#5445=CARTESIAN_POINT('',(-8.5922849765001,6.31160978267581,-0.950787401574783));
#5446=CARTESIAN_POINT('',(-8.57590426267447,6.28333973217731,-0.950787401574783));
#5447=CARTESIAN_POINT('',(-8.55962262258919,6.25524066443772,-0.950787401574783));
#5448=CARTESIAN_POINT('',(-8.53803982566025,6.22991167690756,-0.950787401574783));
#5449=CARTESIAN_POINT('',(-8.51388915650846,6.20820005349471,-0.950787401574783));
#5450=CARTESIAN_POINT('',(-8.47661107980078,6.17468679728033,-0.950787401574783));
#5451=CARTESIAN_POINT('',(-8.43253390571499,6.14849128899872,-0.950787401574783));
#5452=CARTESIAN_POINT('',(-8.38706602352687,6.12738524639377,-0.950787401574783));
#5453=CARTESIAN_POINT('',(-8.34339646984228,6.10711398201438,-0.950787401574783));
#5454=CARTESIAN_POINT('',(-8.29753132774526,6.09136832988132,-0.950787401574786));
#5455=CARTESIAN_POINT('',(-8.25108150285737,6.07870468718124,-0.950787401574786));
#5456=CARTESIAN_POINT('',(-8.00627347265626,6.01196253191888,-0.950787401574786));
#5457=CARTESIAN_POINT('',(-7.7443878146207,6.01233974168516,-0.950787401574783));
#5458=CARTESIAN_POINT('',(-7.49134110789169,6.0311240743487,-0.950787401574783));
#5459=CARTESIAN_POINT('',(-7.33174807306452,6.04297109142997,-0.950787401574783));
#5460=CARTESIAN_POINT('',(-7.1677305523594,6.06623764384159,-0.950787401574783));
#5461=CARTESIAN_POINT('',(-7.02207774875612,6.13253658336233,-0.950787401574783));
#5462=CARTESIAN_POINT('',(-7.02207774875612,6.13253658336233,-9.19685039370081));
#5463=CARTESIAN_POINT('',(-7.18251320279894,6.0595088063376,-9.19685039370081));
#5464=CARTESIAN_POINT('',(-7.41887666584064,6.0228434079144,-9.19685039370081));
#5465=CARTESIAN_POINT('',(-8.01857924539108,6.0228434079144,-9.19685039370081));
#5466=CARTESIAN_POINT('',(-8.23692589273812,6.05769068740751,-9.19685039370081));
#5467=CARTESIAN_POINT('',(-8.53720615431559,6.19707980538003,-9.19685039370081));
#5468=CARTESIAN_POINT('',(-8.61227621970996,6.29556124742581,-9.19685039370081));
#5469=CARTESIAN_POINT('',(-8.61227621970996,6.55737037335679,-9.19685039370081));
#5470=CARTESIAN_POINT('',(-8.53334540809531,6.66191221183617,-9.19685039370081));
#5471=CARTESIAN_POINT('',(-8.37505481306376,6.73675810779096,-9.19685039370081));
#5472=CARTESIAN_POINT('',(-8.37505481306376,6.73675810779096,-0.803149606299194));
#5473=CARTESIAN_POINT('',(-8.21688112307255,6.81154872653559,-0.803149606299194));
#5474=CARTESIAN_POINT('',(-7.98812224743107,6.84857242199064,-0.803149606299194));
#5475=CARTESIAN_POINT('',(-7.08384968828063,6.84857242199064,-0.803149606299194));
#5476=CARTESIAN_POINT('',(-6.78099559588963,6.71615275991676,-0.803149606299194));
#5477=CARTESIAN_POINT('',(-6.78099559588963,6.3119243177965,-0.803149606299194));
#5478=CARTESIAN_POINT('',(-6.86121332291104,6.20586738020873,-0.803149606299194));
#5479=CARTESIAN_POINT('',(-7.02207774875612,6.13253658336233,-0.803149606299194));
#5480=CARTESIAN_POINT('',(-7.02207774875612,6.13253658336233,-0.950787401574783));
#5481=CARTESIAN_POINT('',(-7.01487408550362,6.13582040676669,-0.950787401574783));
#5482=CARTESIAN_POINT('',(-7.00772187729193,6.13922003606355,-0.950787401574783));
#5483=CARTESIAN_POINT('',(-7.00063241598813,6.14274364200468,-0.950787401574783));
#5484=CARTESIAN_POINT('',(-6.95533424660899,6.16525775018679,-0.950787401574783));
#5485=CARTESIAN_POINT('',(-6.91171374711922,6.1932583636116,-0.950787401574783));
#5486=CARTESIAN_POINT('',(-6.87544770493782,6.2285228415013,-0.950787401574783));
#5487=CARTESIAN_POINT('',(-6.85182337418735,6.25149473584924,-0.950787401574783));
#5488=CARTESIAN_POINT('',(-6.83104741599696,6.27808426039838,-0.950787401574783));
#5489=CARTESIAN_POINT('',(-6.81554602771194,6.30716215397025,-0.950787401574783));
#5490=CARTESIAN_POINT('',(-6.79831159304599,6.33949093948116,-0.950787401574783));
#5491=CARTESIAN_POINT('',(-6.78736188101745,6.37579855867826,-0.950787401574783));
#5492=CARTESIAN_POINT('',(-6.78317596188279,6.41219435777463,-0.950787401574783));
#5493=CARTESIAN_POINT('',(-6.77968931909021,6.44251007733759,-0.950787401574783));
#5494=CARTESIAN_POINT('',(-6.78020848975925,6.47362474826255,-0.950787401574783));
#5495=CARTESIAN_POINT('',(-6.78527360363391,6.50371700892904,-0.950787401574783));
#5496=CARTESIAN_POINT('',(-6.79070868540195,6.53600727946488,-0.950787401574783));
#5497=CARTESIAN_POINT('',(-6.80200656818236,6.56787069593074,-0.950787401574783));
#5498=CARTESIAN_POINT('',(-6.81848800983705,6.5961649314936,-0.950787401574783));
#5499=CARTESIAN_POINT('',(-6.83488789744535,6.62431916052985,-0.950787401574783));
#5500=CARTESIAN_POINT('',(-6.85667363680758,6.64967196024431,-0.950787401574783));
#5501=CARTESIAN_POINT('',(-6.8811275868124,6.67120382628867,-0.950787401574783));
#5502=CARTESIAN_POINT('',(-6.91873175795043,6.70431454972982,-0.950787401574783));
#5503=CARTESIAN_POINT('',(-6.96335738849096,6.72973071659276,-0.950787401574783));
#5504=CARTESIAN_POINT('',(-7.00929809980885,6.74972683465056,-0.950787401574783));
#5505=CARTESIAN_POINT('',(-7.06505392993145,6.77399507363858,-0.950787401574783));
#5506=CARTESIAN_POINT('',(-7.12403513877311,6.79106430146813,-0.95078740157478));
#5507=CARTESIAN_POINT('',(-7.18342551179676,6.80411970679891,-0.95078740157478));
#5508=CARTESIAN_POINT('',(-7.47689451640578,6.86863111853337,-0.95078740157478));
#5509=CARTESIAN_POINT('',(-7.78812076595201,6.86898832674176,-0.950787401574783));
#5510=CARTESIAN_POINT('',(-8.08469980208371,6.82075292234441,-0.950787401574783));
#5511=CARTESIAN_POINT('',(-8.18414649051231,6.80457898336714,-0.950787401574783));
#5512=CARTESIAN_POINT('',(-8.28397040859871,6.77982632582587,-0.950787401574783));
#5513=CARTESIAN_POINT('',(-8.37505481306376,6.73675810779096,-0.950787401574783));
#5514=CARTESIAN_POINT('',(-8.37505481306376,6.73675810779096,-9.19685039370081));
#5515=CARTESIAN_POINT('',(-8.21688112307255,6.81154872653559,-9.19685039370081));
#5516=CARTESIAN_POINT('',(-7.98812224743107,6.84857242199064,-9.19685039370081));
#5517=CARTESIAN_POINT('',(-7.08384968828063,6.84857242199064,-9.19685039370081));
#5518=CARTESIAN_POINT('',(-6.78099559588963,6.71615275991676,-9.19685039370081));
#5519=CARTESIAN_POINT('',(-6.78099559588963,6.3119243177965,-9.19685039370081));
#5520=CARTESIAN_POINT('',(-6.86121332291104,6.20586738020873,-9.19685039370081));
#5521=CARTESIAN_POINT('',(-7.02207774875612,6.13253658336233,-9.19685039370081));
#5522=CARTESIAN_POINT('',(-7.02207774875612,4.19199764532772,-9.19685039370081));
#5523=CARTESIAN_POINT('',(-7.02207774875612,4.19199764532772,-0.803149606299194));
#5524=CARTESIAN_POINT('',(-7.02207774875612,4.19199764532772,-0.950787401574783));
#5525=CARTESIAN_POINT('',(-7.02207774875612,4.19199764532772,-0.803149606299197));
#5526=CARTESIAN_POINT('',(-7.18251320279894,4.11896986830298,-0.803149606299197));
#5527=CARTESIAN_POINT('',(-7.41887666584064,4.08230446987978,-0.803149606299197));
#5528=CARTESIAN_POINT('',(-8.01857924539108,4.08230446987978,-0.803149606299197));
#5529=CARTESIAN_POINT('',(-8.23692589273812,4.11715174937291,-0.803149606299197));
#5530=CARTESIAN_POINT('',(-8.53720615431559,4.25654086734541,-0.803149606299197));
#5531=CARTESIAN_POINT('',(-8.61227621970996,4.3550223093912,-0.803149606299197));
#5532=CARTESIAN_POINT('',(-8.61227621970996,4.61683143532217,-0.803149606299197));
#5533=CARTESIAN_POINT('',(-8.53334540809531,4.72137327380155,-0.803149606299197));
#5534=CARTESIAN_POINT('',(-8.37505481306376,4.79621916975636,-0.803149606299197));
#5535=CARTESIAN_POINT('',(-8.37505481306376,4.79621916975636,-0.803149606299194));
#5536=CARTESIAN_POINT('',(-8.37505481306376,4.79621916975636,-9.19685039370081));
#5537=CARTESIAN_POINT('',(-8.37505481306376,4.79621916975636,-0.950787401574783));
#5538=CARTESIAN_POINT('',(-8.37505481306376,4.79621916975636,-0.950787401574783));
#5539=CARTESIAN_POINT('',(-8.38030031509041,4.79373889416678,-0.950787401574783));
#5540=CARTESIAN_POINT('',(-8.38551769732779,4.79119812285179,-0.950787401574783));
#5541=CARTESIAN_POINT('',(-8.39070269408102,4.78859372902964,-0.950787401574783));
#5542=CARTESIAN_POINT('',(-8.43702308787626,4.76532726365241,-0.950787401574783));
#5543=CARTESIAN_POINT('',(-8.48167223927472,4.73658293778996,-0.950787401574783));
#5544=CARTESIAN_POINT('',(-8.51875995223819,4.7003695584995,-0.950787401574783));
#5545=CARTESIAN_POINT('',(-8.54167278965415,4.67799688556649,-0.950787401574783));
#5546=CARTESIAN_POINT('',(-8.56194337345442,4.65228620777143,-0.950787401574783));
#5547=CARTESIAN_POINT('',(-8.57726176953422,4.62416359490989,-0.950787401574783));
#5548=CARTESIAN_POINT('',(-8.59389739916147,4.59362270999753,-0.950787401574783));
#5549=CARTESIAN_POINT('',(-8.60489736021,4.55940784797473,-0.950787401574783));
#5550=CARTESIAN_POINT('',(-8.60949992894948,4.52493603071304,-0.950787401574783));
#5551=CARTESIAN_POINT('',(-8.61345915350717,4.49528266252324,-0.950787401574783));
#5552=CARTESIAN_POINT('',(-8.61334005433288,4.4647360966252,-0.950787401574776));
#5553=CARTESIAN_POINT('',(-8.60864321144977,4.43519058307357,-0.950787401574776));
#5554=CARTESIAN_POINT('',(-8.60351360788701,4.40292278631096,-0.950787401574776));
#5555=CARTESIAN_POINT('',(-8.59228497650006,4.3710708446411,-0.950787401574783));
#5556=CARTESIAN_POINT('',(-8.57590426267442,4.34280079414261,-0.950787401574783));
#5557=CARTESIAN_POINT('',(-8.55962262258913,4.31470172640303,-0.950787401574783));
#5558=CARTESIAN_POINT('',(-8.53803982566016,4.28937273887289,-0.950787401574786));
#5559=CARTESIAN_POINT('',(-8.51388915650837,4.26766111546005,-0.950787401574786));
#5560=CARTESIAN_POINT('',(-8.47661107980071,4.23414785924569,-0.950787401574786));
#5561=CARTESIAN_POINT('',(-8.43253390571494,4.2079523509641,-0.950787401574776));
#5562=CARTESIAN_POINT('',(-8.38706602352685,4.18684630835916,-0.950787401574776));
#5563=CARTESIAN_POINT('',(-8.34339646984227,4.16657504397979,-0.950787401574776));
#5564=CARTESIAN_POINT('',(-8.29753132774528,4.15082939184673,-0.950787401574783));
#5565=CARTESIAN_POINT('',(-8.25108150285741,4.13816574914665,-0.950787401574783));
#5566=CARTESIAN_POINT('',(-8.00627347265609,4.07142359388422,-0.950787401574783));
#5567=CARTESIAN_POINT('',(-7.74438781462029,4.07180080365054,-0.950787401574783));
#5568=CARTESIAN_POINT('',(-7.49134110789106,4.09058513631416,-0.950787401574783));
#5569=CARTESIAN_POINT('',(-7.3317480730641,4.10243215339545,-0.950787401574783));
#5570=CARTESIAN_POINT('',(-7.16773055235921,4.12569870580706,-0.950787401574783));
#5571=CARTESIAN_POINT('',(-7.02207774875612,4.19199764532772,-0.950787401574783));
#5572=CARTESIAN_POINT('',(-7.02207774875612,4.19199764532772,-9.19685039370081));
#5573=CARTESIAN_POINT('',(-7.18251320279894,4.11896986830298,-9.19685039370081));
#5574=CARTESIAN_POINT('',(-7.41887666584064,4.08230446987978,-9.19685039370081));
#5575=CARTESIAN_POINT('',(-8.01857924539108,4.08230446987978,-9.19685039370081));
#5576=CARTESIAN_POINT('',(-8.23692589273812,4.11715174937291,-9.19685039370081));
#5577=CARTESIAN_POINT('',(-8.53720615431559,4.25654086734541,-9.19685039370081));
#5578=CARTESIAN_POINT('',(-8.61227621970996,4.3550223093912,-9.19685039370081));
#5579=CARTESIAN_POINT('',(-8.61227621970996,4.61683143532217,-9.19685039370081));
#5580=CARTESIAN_POINT('',(-8.53334540809531,4.72137327380155,-9.19685039370081));
#5581=CARTESIAN_POINT('',(-8.37505481306376,4.79621916975636,-9.19685039370081));
#5582=CARTESIAN_POINT('',(-8.37505481306376,4.79621916975636,-0.803149606299194));
#5583=CARTESIAN_POINT('',(-8.21688112307255,4.87100978850099,-0.803149606299194));
#5584=CARTESIAN_POINT('',(-7.98812224743107,4.90803348395604,-0.803149606299194));
#5585=CARTESIAN_POINT('',(-7.08384968828063,4.90803348395604,-0.803149606299194));
#5586=CARTESIAN_POINT('',(-6.78099559588963,4.77561382188215,-0.803149606299194));
#5587=CARTESIAN_POINT('',(-6.78099559588963,4.37138537976189,-0.803149606299194));
#5588=CARTESIAN_POINT('',(-6.86121332291104,4.26532844217412,-0.803149606299194));
#5589=CARTESIAN_POINT('',(-7.02207774875612,4.19199764532772,-0.803149606299194));
#5590=CARTESIAN_POINT('',(-7.02207774875612,4.19199764532772,-0.950787401574783));
#5591=CARTESIAN_POINT('',(-7.01487408550365,4.19528146873206,-0.950787401574783));
#5592=CARTESIAN_POINT('',(-7.00772187729201,4.19868109802892,-0.950787401574773));
#5593=CARTESIAN_POINT('',(-7.00063241598824,4.20220470397004,-0.950787401574773));
#5594=CARTESIAN_POINT('',(-6.95533424660909,4.22471881215214,-0.950787401574773));
#5595=CARTESIAN_POINT('',(-6.91171374711929,4.25271942557693,-0.950787401574783));
#5596=CARTESIAN_POINT('',(-6.87544770493787,4.28798390346664,-0.950787401574783));
#5597=CARTESIAN_POINT('',(-6.8518233741874,4.31095579781457,-0.950787401574783));
#5598=CARTESIAN_POINT('',(-6.83104741599701,4.3375453223637,-0.950787401574783));
#5599=CARTESIAN_POINT('',(-6.81554602771198,4.36662321593557,-0.950787401574783));
#5600=CARTESIAN_POINT('',(-6.79831159304602,4.39895200144647,-0.950787401574783));
#5601=CARTESIAN_POINT('',(-6.78736188101747,4.43525962064355,-0.95078740157479));
#5602=CARTESIAN_POINT('',(-6.7831759618828,4.47165541973991,-0.95078740157479));
#5603=CARTESIAN_POINT('',(-6.77968931909021,4.50197113930286,-0.95078740157479));
#5604=CARTESIAN_POINT('',(-6.78020848975924,4.53308581022782,-0.950787401574797));
#5605=CARTESIAN_POINT('',(-6.78527360363389,4.5631780708943,-0.950787401574797));
#5606=CARTESIAN_POINT('',(-6.79070868540192,4.59546834143016,-0.950787401574797));
#5607=CARTESIAN_POINT('',(-6.80200656818234,4.62733175789603,-0.950787401574783));
#5608=CARTESIAN_POINT('',(-6.81848800983702,4.6556259934589,-0.950787401574783));
#5609=CARTESIAN_POINT('',(-6.83488789744531,4.68378022249517,-0.950787401574783));
#5610=CARTESIAN_POINT('',(-6.85667363680753,4.70913302220964,-0.950787401574783));
#5611=CARTESIAN_POINT('',(-6.88112758681235,4.73066488825401,-0.950787401574783));
#5612=CARTESIAN_POINT('',(-6.91873175795036,4.76377561169516,-0.950787401574783));
#5613=CARTESIAN_POINT('',(-6.96335738849086,4.78919177855812,-0.950787401574783));
#5614=CARTESIAN_POINT('',(-7.00929809980873,4.80918789661592,-0.950787401574783));
#5615=CARTESIAN_POINT('',(-7.0650539299313,4.83345613560394,-0.950787401574783));
#5616=CARTESIAN_POINT('',(-7.12403513877293,4.85052536343348,-0.950787401574783));
#5617=CARTESIAN_POINT('',(-7.18342551179655,4.86358076876427,-0.950787401574783));
#5618=CARTESIAN_POINT('',(-7.47689451640559,4.92809218049879,-0.950787401574783));
#5619=CARTESIAN_POINT('',(-7.78812076595186,4.92844938870718,-0.950787401574783));
#5620=CARTESIAN_POINT('',(-8.08469980208359,4.88021398430984,-0.950787401574783));
#5621=CARTESIAN_POINT('',(-8.18414649051223,4.86404004533257,-0.950787401574783));
#5622=CARTESIAN_POINT('',(-8.28397040859867,4.83928738779128,-0.950787401574783));
#5623=CARTESIAN_POINT('',(-8.37505481306376,4.79621916975636,-0.950787401574783));
#5624=CARTESIAN_POINT('',(-8.37505481306376,4.79621916975636,-9.19685039370081));
#5625=CARTESIAN_POINT('',(-8.21688112307255,4.87100978850099,-9.19685039370081));
#5626=CARTESIAN_POINT('',(-7.98812224743107,4.90803348395604,-9.19685039370081));
#5627=CARTESIAN_POINT('',(-7.08384968828063,4.90803348395604,-9.19685039370081));
#5628=CARTESIAN_POINT('',(-6.78099559588963,4.77561382188215,-9.19685039370081));
#5629=CARTESIAN_POINT('',(-6.78099559588963,4.37138537976189,-9.19685039370081));
#5630=CARTESIAN_POINT('',(-6.86121332291104,4.26532844217412,-9.19685039370081));
#5631=CARTESIAN_POINT('',(-7.02207774875612,4.19199764532772,-9.19685039370081));
#5632=CARTESIAN_POINT('',(-7.86023622047258,9.16141732267036,-0.803149606299194));
#5633=CARTESIAN_POINT('',(-6.22047244094502,9.16141732267036,-0.803149606299194));
#5634=CARTESIAN_POINT('',(-9.17322834645683,9.16141732267036,-0.803149606299194));
#5635=CARTESIAN_POINT('',(-6.22047244094502,4.99999999983572,-0.803149606299194));
#5636=CARTESIAN_POINT('',(-6.22047244094502,0.83858267700108,-0.803149606299194));
#5637=CARTESIAN_POINT('',(-7.86023622047258,0.83858267700108,-0.803149606299194));
#5638=CARTESIAN_POINT('',(-9.17322834645683,0.83858267700108,-0.803149606299194));
#5639=CARTESIAN_POINT('',(-9.17322834645683,4.99999999983572,-0.803149606299193));
#5640=CARTESIAN_POINT('',(-7.02207774875612,1.28118923827578,-0.803149606299194));
#5641=CARTESIAN_POINT('',(-6.86121332291104,1.35452003512218,-0.803149606299194));
#5642=CARTESIAN_POINT('',(-6.78099559588963,1.46057697270995,-0.803149606299194));
#5643=CARTESIAN_POINT('',(-6.78099559588963,1.86480541483021,-0.803149606299194));
#5644=CARTESIAN_POINT('',(-7.08384968828063,1.9972250769041,-0.803149606299194));
#5645=CARTESIAN_POINT('',(-7.98812224743107,1.9972250769041,-0.803149606299194));
#5646=CARTESIAN_POINT('',(-8.21688112307255,1.96020138144906,-0.803149606299194));
#5647=CARTESIAN_POINT('',(-8.37505481306376,1.8854107627044,-0.803149606299194));
#5648=CARTESIAN_POINT('',(-7.02207774875612,1.28118923827578,-0.803149606299194));
#5649=CARTESIAN_POINT('',(-8.37505481306376,1.8854107627044,-0.803149606299194));
#5650=CARTESIAN_POINT('',(-8.37505481306376,1.8854107627044,-0.803149606299197));
#5651=CARTESIAN_POINT('',(-8.53334540809531,1.81056486674962,-0.803149606299197));
#5652=CARTESIAN_POINT('',(-8.61227621970996,1.70602302827024,-0.803149606299197));
#5653=CARTESIAN_POINT('',(-8.61227621970996,1.44421390233926,-0.803149606299197));
#5654=CARTESIAN_POINT('',(-8.53720615431559,1.34573246029347,-0.803149606299197));
#5655=CARTESIAN_POINT('',(-8.23692589273812,1.20634334232097,-0.803149606299197));
#5656=CARTESIAN_POINT('',(-8.01857924539108,1.17149606282785,-0.803149606299197));
#5657=CARTESIAN_POINT('',(-7.41887666584064,1.17149606282785,-0.803149606299197));
#5658=CARTESIAN_POINT('',(-7.18251320279894,1.20816146125104,-0.803149606299197));
#5659=CARTESIAN_POINT('',(-7.02207774875612,1.28118923827578,-0.803149606299197));
#5660=CARTESIAN_POINT('',(-7.02207774875612,2.25145870729309,-0.803149606299194));
#5661=CARTESIAN_POINT('',(-6.86121332291104,2.32478950413949,-0.803149606299194));
#5662=CARTESIAN_POINT('',(-6.78099559588963,2.43084644172726,-0.803149606299194));
#5663=CARTESIAN_POINT('',(-6.78099559588963,2.83507488384752,-0.803149606299194));
#5664=CARTESIAN_POINT('',(-7.08384968828063,2.96749454592141,-0.803149606299194));
#5665=CARTESIAN_POINT('',(-7.98812224743107,2.96749454592141,-0.803149606299194));
#5666=CARTESIAN_POINT('',(-8.21688112307255,2.93047085046637,-0.803149606299194));
#5667=CARTESIAN_POINT('',(-8.37505481306376,2.85568023172173,-0.803149606299194));
#5668=CARTESIAN_POINT('',(-7.02207774875612,2.25145870729309,-0.803149606299194));
#5669=CARTESIAN_POINT('',(-8.37505481306376,2.85568023172173,-0.803149606299194));
#5670=CARTESIAN_POINT('',(-8.37505481306376,2.85568023172173,-0.803149606299197));
#5671=CARTESIAN_POINT('',(-8.53334540809531,2.78083433576693,-0.803149606299197));
#5672=CARTESIAN_POINT('',(-8.61227621970996,2.67629249728756,-0.803149606299197));
#5673=CARTESIAN_POINT('',(-8.61227621970996,2.41448337135657,-0.803149606299197));
#5674=CARTESIAN_POINT('',(-8.53720615431559,2.31600192931079,-0.803149606299197));
#5675=CARTESIAN_POINT('',(-8.23692589273812,2.17661281133829,-0.803149606299197));
#5676=CARTESIAN_POINT('',(-8.01857924539108,2.14176553184517,-0.803149606299197));
#5677=CARTESIAN_POINT('',(-7.41887666584064,2.14176553184517,-0.803149606299197));
#5678=CARTESIAN_POINT('',(-7.18251320279894,2.17843093026836,-0.803149606299197));
#5679=CARTESIAN_POINT('',(-7.02207774875612,2.25145870729309,-0.803149606299197));
#5680=CARTESIAN_POINT('',(-8.42696040113644,3.41081254503832,-0.803149606299194));
#5681=CARTESIAN_POINT('',(-8.42696040113644,3.52292987905968,-0.803149606299194));
#5682=CARTESIAN_POINT('',(-8.36455519274658,3.60948228942756,-0.803149606299194));
#5683=CARTESIAN_POINT('',(-8.11466892909587,3.73322563530515,-0.803149606299194));
#5684=CARTESIAN_POINT('',(-7.93664563116065,3.76413365711645,-0.803149606299194));
#5685=CARTESIAN_POINT('',(-7.70671674515276,3.76080043907798,-0.803149606299194));
#5686=CARTESIAN_POINT('',(-8.42696040113644,3.41081254503832,-0.803149606299194));
#5687=CARTESIAN_POINT('',(-7.70671674515276,3.76080043907798,-0.803149606299194));
#5688=CARTESIAN_POINT('',(-7.70671674515276,3.76080043907798,-0.803149606299194));
#5689=CARTESIAN_POINT('',(-7.85428304512797,3.70595385135402,-0.803149606299194));
#5690=CARTESIAN_POINT('',(-7.92849516691783,3.61353280574181,-0.803149606299194));
#5691=CARTESIAN_POINT('',(-7.92849516691783,3.3786924439403,-0.803149606299194));
#5692=CARTESIAN_POINT('',(-7.87758168056492,3.29152708759348,-0.803149606299194));
#5693=CARTESIAN_POINT('',(-7.67282797277473,3.15354871643254,-0.803149606299194));
#5694=CARTESIAN_POINT('',(-7.54027568587839,3.11930747658278,-0.803149606299194));
#5695=CARTESIAN_POINT('',(-7.20310384930711,3.11930747658278,-0.803149606299194));
#5696=CARTESIAN_POINT('',(-7.06025623915669,3.15688193447102,-0.803149606299194));
#5697=CARTESIAN_POINT('',(-6.83719090198485,3.30778580566733,-0.803149606299194));
#5698=CARTESIAN_POINT('',(-6.78099559588963,3.40566120806978,-0.803149606299194));
#5699=CARTESIAN_POINT('',(-6.78099559588963,3.65019820416501,-0.803149606299194));
#5700=CARTESIAN_POINT('',(-6.85027923191033,3.74757829161214,-0.803149606299194));
#5701=CARTESIAN_POINT('',(-7.12717584030823,3.88746272453994,-0.803149606299194));
#5702=CARTESIAN_POINT('',(-7.32879258736739,3.92231000403309,-0.803149606299194));
#5703=CARTESIAN_POINT('',(-7.92034470267502,3.92231000403309,-0.803149606299194));
#5704=CARTESIAN_POINT('',(-8.17193857266603,3.8767461996694,-0.803149606299194));
#5705=CARTESIAN_POINT('',(-8.52433700024799,3.69625721706027,-0.803149606299194));
#5706=CARTESIAN_POINT('',(-8.61227621970996,3.57080701088502,-0.803149606299194));
#5707=CARTESIAN_POINT('',(-8.61227621970996,3.32323981657299,-0.803149606299194));
#5708=CARTESIAN_POINT('',(-8.59211454500405,3.24869694043986,-0.803149606299194));
#5709=CARTESIAN_POINT('',(-8.55179119559221,3.18778995628232,-0.803149606299194));
#5710=CARTESIAN_POINT('',(-8.55179119559221,3.18778995628232,-0.803149606299194));
#5711=CARTESIAN_POINT('',(-7.86023622047258,3.18778995628232,-0.803149606299193));
#5712=CARTESIAN_POINT('',(-8.34245295609249,3.18778995628232,-0.803149606299194));
#5713=CARTESIAN_POINT('',(-8.34245295609249,3.18778995628232,-0.803149606299194));
#5714=CARTESIAN_POINT('',(-8.39907723398996,3.25687847562519,-0.803149606299194));
#5715=CARTESIAN_POINT('',(-8.42696040113644,3.33111833193664,-0.803149606299194));
#5716=CARTESIAN_POINT('',(-8.42696040113644,3.41081254503832,-0.803149606299194));
#5717=CARTESIAN_POINT('',(-7.05038988770485,7.54491197220982,-0.803149606299194));
#5718=CARTESIAN_POINT('',(-6.99591046881865,7.50218617735302,-0.803149606299194));
#5719=CARTESIAN_POINT('',(-6.96888524527668,7.44430939141228,-0.803149606299194));
#5720=CARTESIAN_POINT('',(-6.96888524527668,7.31946522488038,-0.803149606299194));
#5721=CARTESIAN_POINT('',(-6.98718800284581,7.26724486450445,-0.803149606299194));
#5722=CARTESIAN_POINT('',(-7.0619721263657,7.16159189778544,-0.803149606299194));
#5723=CARTESIAN_POINT('',(-7.11559360164739,7.1121996668517,-0.803149606299194));
#5724=CARTESIAN_POINT('',(-7.18508703361246,7.06644367377811,-0.803149606299194));
#5725=CARTESIAN_POINT('',(-7.05038988770485,7.54491197220982,-0.803149606299194));
#5726=CARTESIAN_POINT('',(-7.18508703361246,7.06644367377811,-0.803149606299194));
#5727=CARTESIAN_POINT('',(-7.86023622047258,7.06644367377811,-0.803149606299193));
#5728=CARTESIAN_POINT('',(-6.96759832986992,7.06644367377811,-0.803149606299194));
#5729=CARTESIAN_POINT('',(-6.96759832986992,7.06644367377811,-0.803149606299194));
#5730=CARTESIAN_POINT('',(-6.90754227755443,7.10735134970482,-0.803149606299194));
#5731=CARTESIAN_POINT('',(-6.86076697421557,7.15374191303803,-0.803149606299194));
#5732=CARTESIAN_POINT('',(-6.79729652437527,7.25795220107947,-0.803149606299194));
#5733=CARTESIAN_POINT('',(-6.78099559588963,7.31885918523702,-0.803149606299194));
#5734=CARTESIAN_POINT('',(-6.78099559588963,7.50218617735302,-0.803149606299194));
#5735=CARTESIAN_POINT('',(-6.82374469310603,7.5932764183487,-0.803149606299194));
#5736=CARTESIAN_POINT('',(-6.9954814970164,7.73096614272095,-0.803149606299194));
#5737=CARTESIAN_POINT('',(-7.11173285542711,7.7655104023924,-0.803149606299194));
#5738=CARTESIAN_POINT('',(-7.38841966788064,7.7655104023924,-0.803149606299194));
#5739=CARTESIAN_POINT('',(-7.50142202683359,7.74471170772392,-0.803149606299194));
#5740=CARTESIAN_POINT('',(-7.69213170387614,7.6597564846263,-0.803149606299194));
#5741=CARTESIAN_POINT('',(-7.78962215978857,7.58744606351128,-0.803149606299194));
#5742=CARTESIAN_POINT('',(-7.9915540218491,7.38067522885961,-0.803149606299194));
#5743=CARTESIAN_POINT('',(-8.06505572536363,7.31086229554653,-0.803149606299194));
#5744=CARTESIAN_POINT('',(-8.15327639129868,7.24007403160039,-0.803149606299194));
#5745=CARTESIAN_POINT('',(-8.19583885204378,7.21579915658961,-0.803149606299194));
#5746=CARTESIAN_POINT('',(-8.27639129854545,7.18734858262818,-0.803149606299194));
#5747=CARTESIAN_POINT('',(-8.3257230558046,7.18037912672955,-0.803149606299194));
#5748=CARTESIAN_POINT('',(-8.38363424910883,7.18037912672955,-0.803149606299194));
#5749=CARTESIAN_POINT('',(-8.38363424910883,7.18037912672955,-0.803149606299194));
#5750=CARTESIAN_POINT('',(-8.38363424910883,4.99999999983572,-0.803149606299193));
#5751=CARTESIAN_POINT('',(-8.38363424910883,7.80247882063728,-0.803149606299194));
#5752=CARTESIAN_POINT('',(-7.86023622047258,7.80247882063728,-0.803149606299193));
#5753=CARTESIAN_POINT('',(-8.58267716535447,7.80247882063728,-0.803149606299194));
#5754=CARTESIAN_POINT('',(-8.58267716535447,4.99999999983572,-0.803149606299193));
#5755=CARTESIAN_POINT('',(-8.58267716535447,7.01553634373599,-0.803149606299194));
#5756=CARTESIAN_POINT('',(-8.58267716535447,7.01553634373599,-0.803149606299194));
#5757=CARTESIAN_POINT('',(-8.55336409220048,7.01553634373599,-0.803149606299194));
#5758=CARTESIAN_POINT('',(-8.52405101904648,7.01553634373599,-0.803149606299194));
#5759=CARTESIAN_POINT('',(-8.39264265695616,7.01553634373599,-0.803149606299194));
#5760=CARTESIAN_POINT('',(-8.30556138109869,7.02553599785138,-0.803149606299194));
#5761=CARTESIAN_POINT('',(-8.16314274275051,7.06492857466971,-0.803149606299194));
#5762=CARTESIAN_POINT('',(-8.09364931078544,7.09735169558941,-0.803149606299194));
#5763=CARTESIAN_POINT('',(-7.95895216487783,7.18765160244985,-0.803149606299194));
#5764=CARTESIAN_POINT('',(-7.8782617057398,7.2586369323118,-0.803149606299194));
#5765=CARTESIAN_POINT('',(-7.68569712684233,7.45218790677593,-0.803149606299194));
#5766=CARTESIAN_POINT('',(-7.59998454355248,7.51932354271106,-0.803149606299194));
#5767=CARTESIAN_POINT('',(-7.45276543821867,7.5906679652834,-0.803149606299194));
#5768=CARTESIAN_POINT('',(-7.36911593677923,7.60884915458417,-0.803149606299194));
#5769=CARTESIAN_POINT('',(-7.17993937198542,7.60884915458417,-0.803149606299194));
#5770=CARTESIAN_POINT('',(-7.10486930659105,7.58733474724493,-0.803149606299194));
#5771=CARTESIAN_POINT('',(-7.05038988770485,7.54491197220982,-0.803149606299194));
#5772=CARTESIAN_POINT('',(-7.86023622047258,4.99999999983572,-0.803149606299193));
#5773=CARTESIAN_POINT('',(-9.17322834645683,9.16141732267036,-5.));
#5774=CARTESIAN_POINT('',(-9.17322834645683,0.83858267700108,-5.));
#5775=CARTESIAN_POINT('',(-9.17322834645683,4.99999999983572,-2.9015748031496));
#5776=CARTESIAN_POINT('',(-6.22047244094502,0.83858267700108,-5.));
#5777=CARTESIAN_POINT('',(-7.86023622047258,0.83858267700108,-5.));
#5778=CARTESIAN_POINT('',(-6.22047244094502,9.16141732267036,-5.));
#5779=CARTESIAN_POINT('',(-7.86023622047258,9.16141732267036,-5.));
#5780=CARTESIAN_POINT('',(-6.22047244094502,4.99999999983572,-5.));
#5781=CARTESIAN_POINT('',(-7.02207774875612,1.28118923827578,-0.950787401574783));
#5782=CARTESIAN_POINT('',(-7.1677305523593,1.21489029875508,-0.950787401574783));
#5783=CARTESIAN_POINT('',(-7.33174807306431,1.19162374634348,-0.95078740157478));
#5784=CARTESIAN_POINT('',(-7.49134110789137,1.1797767292622,-0.95078740157478));
#5785=CARTESIAN_POINT('',(-7.74438781462046,1.16099239659863,-0.95078740157478));
#5786=CARTESIAN_POINT('',(-8.0062734726561,1.16061518683232,-0.950787401574783));
#5787=CARTESIAN_POINT('',(-8.25108150285729,1.22735734209468,-0.950787401574783));
#5788=CARTESIAN_POINT('',(-8.2975313277452,1.24002098479476,-0.950787401574783));
#5789=CARTESIAN_POINT('',(-8.34339646984224,1.2557666369278,-0.950787401574783));
#5790=CARTESIAN_POINT('',(-8.38706602352685,1.2760379013072,-0.950787401574783));
#5791=CARTESIAN_POINT('',(-8.43253390571498,1.29714394391215,-0.950787401574783));
#5792=CARTESIAN_POINT('',(-8.47661107980078,1.32333945219377,-0.950787401574783));
#5793=CARTESIAN_POINT('',(-8.51388915650846,1.35685270840816,-0.950787401574783));
#5794=CARTESIAN_POINT('',(-8.53803982566025,1.37856433182102,-0.950787401574783));
#5795=CARTESIAN_POINT('',(-8.55962262258919,1.40389331935118,-0.950787401574783));
#5796=CARTESIAN_POINT('',(-8.57590426267447,1.43199238709077,-0.950787401574783));
#5797=CARTESIAN_POINT('',(-8.5922849765001,1.46026243758926,-0.950787401574783));
#5798=CARTESIAN_POINT('',(-8.60351360788704,1.49211437925912,-0.950787401574783));
#5799=CARTESIAN_POINT('',(-8.60864321144979,1.52438217602175,-0.950787401574783));
#5800=CARTESIAN_POINT('',(-8.61334005433289,1.55392768957337,-0.950787401574783));
#5801=CARTESIAN_POINT('',(-8.61345915350717,1.5844742554714,-0.950787401574786));
#5802=CARTESIAN_POINT('',(-8.60949992894947,1.6141276236612,-0.950787401574786));
#5803=CARTESIAN_POINT('',(-8.60489736020998,1.64859944092289,-0.950787401574786));
#5804=CARTESIAN_POINT('',(-8.59389739916144,1.6828143029457,-0.950787401574783));
#5805=CARTESIAN_POINT('',(-8.57726176953417,1.71335518785806,-0.950787401574783));
#5806=CARTESIAN_POINT('',(-8.56194337345435,1.7414778007196,-0.950787401574783));
#5807=CARTESIAN_POINT('',(-8.54167278965405,1.76718847851464,-0.950787401574783));
#5808=CARTESIAN_POINT('',(-8.51875995223808,1.78956115144764,-0.950787401574783));
#5809=CARTESIAN_POINT('',(-8.4816722392746,1.82577453073808,-0.950787401574783));
#5810=CARTESIAN_POINT('',(-8.43702308787617,1.85451885660053,-0.950787401574783));
#5811=CARTESIAN_POINT('',(-8.39070269408093,1.87778532197774,-0.950787401574783));
#5812=CARTESIAN_POINT('',(-8.38551769732773,1.88038971579988,-0.950787401574783));
#5813=CARTESIAN_POINT('',(-8.38030031509038,1.88293048711483,-0.950787401574783));
#5814=CARTESIAN_POINT('',(-8.37505481306376,1.8854107627044,-0.950787401574783));
#5815=CARTESIAN_POINT('',(-7.02207774875612,1.28118923827578,-0.950787401574783));
#5816=CARTESIAN_POINT('',(-8.37505481306376,1.8854107627044,-0.950787401574783));
#5817=CARTESIAN_POINT('',(-7.02207774875612,1.28118923827578,-9.19685039370081));
#5818=CARTESIAN_POINT('',(-8.37505481306376,1.8854107627044,-9.19685039370081));
#5819=CARTESIAN_POINT('',(-7.02207774875612,1.28118923827578,-9.19685039370081));
#5820=CARTESIAN_POINT('',(-7.18251320279894,1.20816146125104,-9.19685039370081));
#5821=CARTESIAN_POINT('',(-7.41887666584064,1.17149606282785,-9.19685039370081));
#5822=CARTESIAN_POINT('',(-8.01857924539108,1.17149606282785,-9.19685039370081));
#5823=CARTESIAN_POINT('',(-8.23692589273812,1.20634334232097,-9.19685039370081));
#5824=CARTESIAN_POINT('',(-8.53720615431559,1.34573246029347,-9.19685039370081));
#5825=CARTESIAN_POINT('',(-8.61227621970996,1.44421390233926,-9.19685039370081));
#5826=CARTESIAN_POINT('',(-8.61227621970996,1.70602302827024,-9.19685039370081));
#5827=CARTESIAN_POINT('',(-8.53334540809531,1.81056486674962,-9.19685039370081));
#5828=CARTESIAN_POINT('',(-8.37505481306376,1.8854107627044,-9.19685039370081));
#5829=CARTESIAN_POINT('',(-8.37505481306376,1.8854107627044,-0.950787401574783));
#5830=CARTESIAN_POINT('',(-8.29269902815053,1.92435175289818,-0.950787401574783));
#5831=CARTESIAN_POINT('',(-8.20308172266686,1.94821832799242,-0.950787401574783));
#5832=CARTESIAN_POINT('',(-8.11344426522943,1.96446647404351,-0.950787401574783));
#5833=CARTESIAN_POINT('',(-7.82206759314229,2.0172829065852,-0.950787401574783));
#5834=CARTESIAN_POINT('',(-7.51608942711905,2.01603364606506,-0.950787401574783));
#5835=CARTESIAN_POINT('',(-7.22507545366391,1.96125401630312,-0.950787401574783));
#5836=CARTESIAN_POINT('',(-7.14014486078702,1.94526692682414,-0.950787401574783));
#5837=CARTESIAN_POINT('',(-7.0549234197789,1.92242290569686,-0.950787401574783));
#5838=CARTESIAN_POINT('',(-6.97771002673291,1.88360429455797,-0.950787401574783));
#5839=CARTESIAN_POINT('',(-6.93745571716784,1.86336666054102,-0.950787401574783));
#5840=CARTESIAN_POINT('',(-6.89880002566709,1.83809293407364,-0.950787401574783));
#5841=CARTESIAN_POINT('',(-6.86673184118949,1.80644482491251,-0.950787401574783));
#5842=CARTESIAN_POINT('',(-6.84479265007939,1.78479302495969,-0.950787401574783));
#5843=CARTESIAN_POINT('',(-6.82566693637497,1.75963464631358,-0.950787401574783));
#5844=CARTESIAN_POINT('',(-6.8115867224601,1.73221428665376,-0.950787401574783));
#5845=CARTESIAN_POINT('',(-6.79750525042332,1.70479147687808,-0.950787401574783));
#5846=CARTESIAN_POINT('',(-6.78822266027806,1.67448357255474,-0.950787401574782));
#5847=CARTESIAN_POINT('',(-6.78398090452131,1.64394988855141,-0.950787401574782));
#5848=CARTESIAN_POINT('',(-6.779503767086,1.61172184254202,-0.950787401574782));
#5849=CARTESIAN_POINT('',(-6.77996899217392,1.57846154334004,-0.95078740157478));
#5850=CARTESIAN_POINT('',(-6.78518421729535,1.54634467649206,-0.95078740157478));
#5851=CARTESIAN_POINT('',(-6.79080864065794,1.51170784835381,-0.95078740157478));
#5852=CARTESIAN_POINT('',(-6.80281754869798,1.47751271067545,-0.950787401574783));
#5853=CARTESIAN_POINT('',(-6.82036939450592,1.44712724193832,-0.950787401574783));
#5854=CARTESIAN_POINT('',(-6.83782616761249,1.4169063615087,-0.950787401574783));
#5855=CARTESIAN_POINT('',(-6.86101382477239,1.38965446631622,-0.950787401574783));
#5856=CARTESIAN_POINT('',(-6.88702254418168,1.36638244328589,-0.950787401574783));
#5857=CARTESIAN_POINT('',(-6.92668851762448,1.33089021343194,-0.950787401574783));
#5858=CARTESIAN_POINT('',(-6.97364580672093,1.30326716435298,-0.950787401574783));
#5859=CARTESIAN_POINT('',(-7.02207774875612,1.28118923827578,-0.950787401574783));
#5860=CARTESIAN_POINT('',(-8.37505481306376,1.8854107627044,-9.19685039370081));
#5861=CARTESIAN_POINT('',(-8.21688112307255,1.96020138144906,-9.19685039370081));
#5862=CARTESIAN_POINT('',(-7.98812224743107,1.9972250769041,-9.19685039370081));
#5863=CARTESIAN_POINT('',(-7.08384968828063,1.9972250769041,-9.19685039370081));
#5864=CARTESIAN_POINT('',(-6.78099559588963,1.86480541483021,-9.19685039370081));
#5865=CARTESIAN_POINT('',(-6.78099559588963,1.46057697270995,-9.19685039370081));
#5866=CARTESIAN_POINT('',(-6.86121332291104,1.35452003512218,-9.19685039370081));
#5867=CARTESIAN_POINT('',(-7.02207774875612,1.28118923827578,-9.19685039370081));
#5868=CARTESIAN_POINT('',(-7.02207774875612,2.25145870729309,-0.950787401574783));
#5869=CARTESIAN_POINT('',(-7.16773055235932,2.18515976777238,-0.950787401574783));
#5870=CARTESIAN_POINT('',(-7.33174807306434,2.16189321536078,-0.950787401574783));
#5871=CARTESIAN_POINT('',(-7.49134110789142,2.1500461982795,-0.950787401574783));
#5872=CARTESIAN_POINT('',(-7.74438781462041,2.13126186561594,-0.950787401574783));
#5873=CARTESIAN_POINT('',(-8.00627347265592,2.13088465584964,-0.950787401574783));
#5874=CARTESIAN_POINT('',(-8.25108150285703,2.19762681111192,-0.950787401574783));
#5875=CARTESIAN_POINT('',(-8.29753132774503,2.21029045381201,-0.950787401574783));
#5876=CARTESIAN_POINT('',(-8.34339646984215,2.2260361059451,-0.950787401574783));
#5877=CARTESIAN_POINT('',(-8.38706602352685,2.24630737032454,-0.950787401574783));
#5878=CARTESIAN_POINT('',(-8.43253390571492,2.26741341292947,-0.950787401574783));
#5879=CARTESIAN_POINT('',(-8.47661107980068,2.29360892121102,-0.950787401574783));
#5880=CARTESIAN_POINT('',(-8.51388915650833,2.32712217742535,-0.950787401574783));
#5881=CARTESIAN_POINT('',(-8.53803982566013,2.3488338008382,-0.950787401574783));
#5882=CARTESIAN_POINT('',(-8.55962262258909,2.37416278836835,-0.950787401574783));
#5883=CARTESIAN_POINT('',(-8.57590426267439,2.40226185610793,-0.950787401574783));
#5884=CARTESIAN_POINT('',(-8.59228497650004,2.43053190660643,-0.950787401574783));
#5885=CARTESIAN_POINT('',(-8.603513607887,2.46238384827629,-0.950787401574783));
#5886=CARTESIAN_POINT('',(-8.60864321144977,2.49465164503893,-0.950787401574783));
#5887=CARTESIAN_POINT('',(-8.61334005433288,2.52419715859056,-0.950787401574783));
#5888=CARTESIAN_POINT('',(-8.61345915350718,2.55474372448861,-0.95078740157479));
#5889=CARTESIAN_POINT('',(-8.60949992894949,2.58439709267842,-0.95078740157479));
#5890=CARTESIAN_POINT('',(-8.60489736021001,2.61886890994011,-0.95078740157479));
#5891=CARTESIAN_POINT('',(-8.59389739916147,2.65308377196292,-0.950787401574783));
#5892=CARTESIAN_POINT('',(-8.57726176953422,2.68362465687528,-0.950787401574783));
#5893=CARTESIAN_POINT('',(-8.56194337345442,2.71174726973681,-0.950787401574783));
#5894=CARTESIAN_POINT('',(-8.54167278965415,2.73745794753187,-0.950787401574783));
#5895=CARTESIAN_POINT('',(-8.51875995223819,2.75983062046488,-0.950787401574783));
#5896=CARTESIAN_POINT('',(-8.48167223927475,2.79604399975531,-0.950787401574783));
#5897=CARTESIAN_POINT('',(-8.43702308787632,2.82478832561774,-0.950787401574783));
#5898=CARTESIAN_POINT('',(-8.39070269408112,2.84805479099496,-0.950787401574783));
#5899=CARTESIAN_POINT('',(-8.38551769732786,2.85065918481713,-0.950787401574783));
#5900=CARTESIAN_POINT('',(-8.38030031509044,2.85319995613213,-0.950787401574783));
#5901=CARTESIAN_POINT('',(-8.37505481306376,2.85568023172173,-0.950787401574783));
#5902=CARTESIAN_POINT('',(-7.02207774875612,2.25145870729309,-0.950787401574783));
#5903=CARTESIAN_POINT('',(-8.37505481306376,2.85568023172173,-0.950787401574783));
#5904=CARTESIAN_POINT('',(-7.02207774875612,2.25145870729309,-9.19685039370081));
#5905=CARTESIAN_POINT('',(-8.37505481306376,2.85568023172173,-9.19685039370081));
#5906=CARTESIAN_POINT('',(-7.02207774875612,2.25145870729309,-9.19685039370081));
#5907=CARTESIAN_POINT('',(-7.18251320279894,2.17843093026836,-9.19685039370081));
#5908=CARTESIAN_POINT('',(-7.41887666584064,2.14176553184517,-9.19685039370081));
#5909=CARTESIAN_POINT('',(-8.01857924539108,2.14176553184517,-9.19685039370081));
#5910=CARTESIAN_POINT('',(-8.23692589273812,2.17661281133829,-9.19685039370081));
#5911=CARTESIAN_POINT('',(-8.53720615431559,2.31600192931079,-9.19685039370081));
#5912=CARTESIAN_POINT('',(-8.61227621970996,2.41448337135657,-9.19685039370081));
#5913=CARTESIAN_POINT('',(-8.61227621970996,2.67629249728756,-9.19685039370081));
#5914=CARTESIAN_POINT('',(-8.53334540809531,2.78083433576693,-9.19685039370081));
#5915=CARTESIAN_POINT('',(-8.37505481306376,2.85568023172173,-9.19685039370081));
#5916=CARTESIAN_POINT('',(-8.37505481306376,2.85568023172173,-0.950787401574783));
#5917=CARTESIAN_POINT('',(-8.29269902815049,2.89462122191552,-0.950787401574783));
#5918=CARTESIAN_POINT('',(-8.20308172266679,2.91848779700978,-0.950787401574783));
#5919=CARTESIAN_POINT('',(-8.11344426522931,2.93473594306086,-0.950787401574783));
#5920=CARTESIAN_POINT('',(-7.82206759314219,2.98755237560252,-0.950787401574783));
#5921=CARTESIAN_POINT('',(-7.51608942711898,2.98630311508238,-0.950787401574783));
#5922=CARTESIAN_POINT('',(-7.22507545366386,2.93152348532043,-0.950787401574783));
#5923=CARTESIAN_POINT('',(-7.14014486078699,2.91553639584146,-0.950787401574783));
#5924=CARTESIAN_POINT('',(-7.05492341977889,2.89269237471414,-0.950787401574783));
#5925=CARTESIAN_POINT('',(-6.97771002673291,2.85387376357525,-0.950787401574783));
#5926=CARTESIAN_POINT('',(-6.93745571716786,2.83363612955831,-0.950787401574783));
#5927=CARTESIAN_POINT('',(-6.89880002566711,2.80836240309095,-0.950787401574783));
#5928=CARTESIAN_POINT('',(-6.86673184118952,2.77671429392984,-0.950787401574783));
#5929=CARTESIAN_POINT('',(-6.84479265007942,2.75506249397702,-0.950787401574783));
#5930=CARTESIAN_POINT('',(-6.82566693637498,2.72990411533092,-0.950787401574783));
#5931=CARTESIAN_POINT('',(-6.81158672246011,2.70248375567109,-0.950787401574783));
#5932=CARTESIAN_POINT('',(-6.79750525042333,2.6750609458954,-0.950787401574783));
#5933=CARTESIAN_POINT('',(-6.78822266027807,2.64475304157205,-0.950787401574783));
#5934=CARTESIAN_POINT('',(-6.78398090452131,2.61421935756871,-0.950787401574783));
#5935=CARTESIAN_POINT('',(-6.779503767086,2.58199131155932,-0.950787401574783));
#5936=CARTESIAN_POINT('',(-6.77996899217392,2.54873101235735,-0.950787401574783));
#5937=CARTESIAN_POINT('',(-6.78518421729535,2.51661414550937,-0.950787401574783));
#5938=CARTESIAN_POINT('',(-6.79080864065794,2.48197731737113,-0.950787401574783));
#5939=CARTESIAN_POINT('',(-6.80281754869799,2.44778217969277,-0.950787401574783));
#5940=CARTESIAN_POINT('',(-6.82036939450592,2.41739671095565,-0.950787401574783));
#5941=CARTESIAN_POINT('',(-6.83782616761249,2.38717583052602,-0.950787401574783));
#5942=CARTESIAN_POINT('',(-6.86101382477239,2.35992393533354,-0.950787401574783));
#5943=CARTESIAN_POINT('',(-6.88702254418169,2.3366519123032,-0.950787401574783));
#5944=CARTESIAN_POINT('',(-6.92668851762449,2.30115968244925,-0.950787401574783));
#5945=CARTESIAN_POINT('',(-6.97364580672093,2.27353663337029,-0.950787401574783));
#5946=CARTESIAN_POINT('',(-7.02207774875612,2.25145870729309,-0.950787401574783));
#5947=CARTESIAN_POINT('',(-8.37505481306376,2.85568023172173,-9.19685039370081));
#5948=CARTESIAN_POINT('',(-8.21688112307255,2.93047085046637,-9.19685039370081));
#5949=CARTESIAN_POINT('',(-7.98812224743107,2.96749454592141,-9.19685039370081));
#5950=CARTESIAN_POINT('',(-7.08384968828063,2.96749454592141,-9.19685039370081));
#5951=CARTESIAN_POINT('',(-6.78099559588963,2.83507488384752,-9.19685039370081));
#5952=CARTESIAN_POINT('',(-6.78099559588963,2.43084644172726,-9.19685039370081));
#5953=CARTESIAN_POINT('',(-6.86121332291104,2.32478950413949,-9.19685039370081));
#5954=CARTESIAN_POINT('',(-7.02207774875612,2.25145870729309,-9.19685039370081));
#5955=CARTESIAN_POINT('',(-8.42696040113644,3.41081254503832,-0.950787401574783));
#5956=CARTESIAN_POINT('',(-8.42696040113644,3.39397654983771,-0.950787401574783));
#5957=CARTESIAN_POINT('',(-8.42570145264933,3.37708844619981,-0.950787401574782));
#5958=CARTESIAN_POINT('',(-8.42312965347158,3.36045003932341,-0.950787401574782));
#5959=CARTESIAN_POINT('',(-8.41969997117808,3.33826150689456,-0.950787401574782));
#5960=CARTESIAN_POINT('',(-8.41388099793053,3.31632522680646,-0.950787401574783));
#5961=CARTESIAN_POINT('',(-8.40594078282602,3.29532411550076,-0.950787401574783));
#5962=CARTESIAN_POINT('',(-8.39393420651313,3.26356786680615,-0.950787401574783));
#5963=CARTESIAN_POINT('',(-8.37687232039553,3.23348127428522,-0.950787401574783));
#5964=CARTESIAN_POINT('',(-8.35673420824928,3.20614862631442,-0.950787401574783));
#5965=CARTESIAN_POINT('',(-8.35213533385546,3.19990675945245,-0.950787401574783));
#5966=CARTESIAN_POINT('',(-8.34736756879699,3.19378638268288,-0.950787401574783));
#5967=CARTESIAN_POINT('',(-8.34245295609249,3.18778995628232,-0.950787401574783));
#5968=CARTESIAN_POINT('',(-8.42696040113644,3.41081254503832,-0.950787401574783));
#5969=CARTESIAN_POINT('',(-8.34245295609249,3.18778995628232,-0.950787401574783));
#5970=CARTESIAN_POINT('',(-8.42696040113644,3.41081254503832,-9.19685039370081));
#5971=CARTESIAN_POINT('',(-8.34245295609249,3.18778995628232,-9.19685039370081));
#5972=CARTESIAN_POINT('',(-8.42696040113644,3.41081254503832,-9.19685039370081));
#5973=CARTESIAN_POINT('',(-8.42696040113644,3.33111833193664,-9.19685039370081));
#5974=CARTESIAN_POINT('',(-8.39907723398996,3.25687847562519,-9.19685039370081));
#5975=CARTESIAN_POINT('',(-8.34245295609249,3.18778995628232,-9.19685039370081));
#5976=CARTESIAN_POINT('',(-8.34245295609249,3.18778995628232,-0.950787401574783));
#5977=CARTESIAN_POINT('',(-8.55179119559221,3.18778995628232,-0.950787401574783));
#5978=CARTESIAN_POINT('',(-8.55179119559221,3.18778995628232,-9.19685039370081));
#5979=CARTESIAN_POINT('',(-8.34245295609249,3.18778995628232,-9.19685039370081));
#5980=CARTESIAN_POINT('',(-8.55179119559221,3.18778995628232,-0.950787401574783));
#5981=CARTESIAN_POINT('',(-8.56882324801305,3.21351626528437,-0.950787401574783));
#5982=CARTESIAN_POINT('',(-8.58224807960678,3.24192125086,-0.950787401574783));
#5983=CARTESIAN_POINT('',(-8.59178613484402,3.27126335860342,-0.950787401574783));
#5984=CARTESIAN_POINT('',(-8.60689602809655,3.31774622170073,-0.950787401574783));
#5985=CARTESIAN_POINT('',(-8.61287660989647,3.36758808722168,-0.950787401574783));
#5986=CARTESIAN_POINT('',(-8.61223949728397,3.41646097871937,-0.950787401574783));
#5987=CARTESIAN_POINT('',(-8.61160040749247,3.46548553956505,-0.950787401574783));
#5988=CARTESIAN_POINT('',(-8.60190518228215,3.51550215319387,-0.950787401574783));
#5989=CARTESIAN_POINT('',(-8.58242035140013,3.56049278963493,-0.950787401574783));
#5990=CARTESIAN_POINT('',(-8.56574309160628,3.59900072110025,-0.950787401574783));
#5991=CARTESIAN_POINT('',(-8.54166166055777,3.63478875507881,-0.950787401574783));
#5992=CARTESIAN_POINT('',(-8.51328162848524,3.66570097854351,-0.950787401574783));
#5993=CARTESIAN_POINT('',(-8.47419078183677,3.7082796826103,-0.950787401574783));
#5994=CARTESIAN_POINT('',(-8.42627083035131,3.74314224644936,-0.95078740157479));
#5995=CARTESIAN_POINT('',(-8.37593469533983,3.77155551524771,-0.95078740157479));
#5996=CARTESIAN_POINT('',(-8.28715607786254,3.82166843554546,-0.95078740157479));
#5997=CARTESIAN_POINT('',(-8.18803100829696,3.85400853273548,-0.950787401574783));
#5998=CARTESIAN_POINT('',(-8.08848757441013,3.87600972524784,-0.950787401574783));
#5999=CARTESIAN_POINT('',(-7.86582662313157,3.9252224785434,-0.950787401574783));
#6000=CARTESIAN_POINT('',(-7.63292349946212,3.93282775454718,-0.950787401574783));
#6001=CARTESIAN_POINT('',(-7.4055347079622,3.91567748307966,-0.950787401574783));
#6002=CARTESIAN_POINT('',(-7.33344270351083,3.91024011108422,-0.950787401574783));
#6003=CARTESIAN_POINT('',(-7.2613637999765,3.90114486770584,-0.950787401574783));
#6004=CARTESIAN_POINT('',(-7.19070836035763,3.88582719907455,-0.950787401574783));
#6005=CARTESIAN_POINT('',(-7.09924559646677,3.86599862937151,-0.950787401574783));
#6006=CARTESIAN_POINT('',(-7.00716912247474,3.83517960486743,-0.950787401574776));
#6007=CARTESIAN_POINT('',(-6.92941887910393,3.78308825231441,-0.950787401574776));
#6008=CARTESIAN_POINT('',(-6.89975752964016,3.7632156481253,-0.950787401574776));
#6009=CARTESIAN_POINT('',(-6.87192583188165,3.73975615966417,-0.950787401574783));
#6010=CARTESIAN_POINT('',(-6.84884638465842,3.71251547015125,-0.950787401574783));
#6011=CARTESIAN_POINT('',(-6.82555609565941,3.68502592392635,-0.950787401574783));
#6012=CARTESIAN_POINT('',(-6.80679274674659,3.65273404359501,-0.950787401574776));
#6013=CARTESIAN_POINT('',(-6.79545357867832,3.61853556437696,-0.950787401574776));
#6014=CARTESIAN_POINT('',(-6.78559264403088,3.58879537827328,-0.950787401574776));
#6015=CARTESIAN_POINT('',(-6.7809955958894,3.55698941615308,-0.95078740157479));
#6016=CARTESIAN_POINT('',(-6.78099559588963,3.52565705745473,-0.95078740157479));
#6017=CARTESIAN_POINT('',(-6.78099559588991,3.48845483767678,-0.95078740157479));
#6018=CARTESIAN_POINT('',(-6.78668126007057,3.45064533182732,-0.950787401574783));
#6019=CARTESIAN_POINT('',(-6.79884029334252,3.41548622111191,-0.950787401574783));
#6020=CARTESIAN_POINT('',(-6.81103508616501,3.3802237079328,-0.950787401574783));
#6021=CARTESIAN_POINT('',(-6.8300809575113,3.34683735647419,-0.950787401574783));
#6022=CARTESIAN_POINT('',(-6.85355515838372,3.31783529273569,-0.950787401574783));
#6023=CARTESIAN_POINT('',(-6.88315958971607,3.28125941059558,-0.950787401574783));
#6024=CARTESIAN_POINT('',(-6.92028771721648,3.25040386933033,-0.950787401574786));
#6025=CARTESIAN_POINT('',(-6.95988260016732,3.22497823752012,-0.950787401574786));
#6026=CARTESIAN_POINT('',(-7.01691773368052,3.18835344671689,-0.950787401574786));
#6027=CARTESIAN_POINT('',(-7.08136145618881,3.16215559004537,-0.950787401574783));
#6028=CARTESIAN_POINT('',(-7.14708346985976,3.14557250603534,-0.950787401574783));
#6029=CARTESIAN_POINT('',(-7.24689085872992,3.12038894542895,-0.950787401574783));
#6030=CARTESIAN_POINT('',(-7.35233581182952,3.1145283792422,-0.950787401574783));
#6031=CARTESIAN_POINT('',(-7.45499458532766,3.12207177514533,-0.950787401574783));
#6032=CARTESIAN_POINT('',(-7.52862931592861,3.12748247611335,-0.950787401574783));
#6033=CARTESIAN_POINT('',(-7.60285096638852,3.14151190160491,-0.950787401574783));
#6034=CARTESIAN_POINT('',(-7.67157240130075,3.16850659773664,-0.950787401574783));
#6035=CARTESIAN_POINT('',(-7.72039226537897,3.18768369142898,-0.950787401574783));
#6036=CARTESIAN_POINT('',(-7.76726034877449,3.21382633450347,-0.950787401574783));
#6037=CARTESIAN_POINT('',(-7.80810152598795,3.24673740095413,-0.950787401574783));
#6038=CARTESIAN_POINT('',(-7.8366050287825,3.2697063929997,-0.950787401574783));
#6039=CARTESIAN_POINT('',(-7.86261527782015,3.29673521335482,-0.950787401574783));
#6040=CARTESIAN_POINT('',(-7.88266716488485,3.3273611189299,-0.950787401574783));
#6041=CARTESIAN_POINT('',(-7.8997113924853,3.35339332744011,-0.950787401574783));
#6042=CARTESIAN_POINT('',(-7.91266846191494,3.38265297725923,-0.950787401574783));
#6043=CARTESIAN_POINT('',(-7.92012970467617,3.41286078139779,-0.950787401574783));
#6044=CARTESIAN_POINT('',(-7.92758314578953,3.44303699955818,-0.950787401574783));
#6045=CARTESIAN_POINT('',(-7.92987116830847,3.47478828145335,-0.950787401574786));
#6046=CARTESIAN_POINT('',(-7.92774493024155,3.5057985545669,-0.950787401574786));
#6047=CARTESIAN_POINT('',(-7.92543253149006,3.53952390167016,-0.950787401574786));
#6048=CARTESIAN_POINT('',(-7.9171699886088,3.57359506526244,-0.950787401574783));
#6049=CARTESIAN_POINT('',(-7.90236418693648,3.60398477506793,-0.950787401574783));
#6050=CARTESIAN_POINT('',(-7.88932295903712,3.63075260163618,-0.950787401574783));
#6051=CARTESIAN_POINT('',(-7.8709338714234,3.6553162282878,-0.950787401574783));
#6052=CARTESIAN_POINT('',(-7.84951659793803,3.67600174401171,-0.950787401574783));
#6053=CARTESIAN_POINT('',(-7.82193864890294,3.70263744527349,-0.950787401574783));
#6054=CARTESIAN_POINT('',(-7.78883162105383,3.72385099836759,-0.95078740157479));
#6055=CARTESIAN_POINT('',(-7.75433045790246,3.74057444286601,-0.95078740157479));
#6056=CARTESIAN_POINT('',(-7.73881341345445,3.7480958829539,-0.95078740157479));
#6057=CARTESIAN_POINT('',(-7.72288027959573,3.75479287020958,-0.950787401574783));
#6058=CARTESIAN_POINT('',(-7.70671674515276,3.76080043907798,-0.950787401574783));
#6059=CARTESIAN_POINT('',(-7.70671674515276,3.76080043907798,-0.950787401574783));
#6060=CARTESIAN_POINT('',(-7.70671674515276,3.76080043907798,-9.19685039370081));
#6061=CARTESIAN_POINT('',(-8.55179119559221,3.18778995628232,-9.19685039370081));
#6062=CARTESIAN_POINT('',(-8.59211454500405,3.24869694043986,-9.19685039370081));
#6063=CARTESIAN_POINT('',(-8.61227621970996,3.32323981657299,-9.19685039370081));
#6064=CARTESIAN_POINT('',(-8.61227621970996,3.57080701088502,-9.19685039370081));
#6065=CARTESIAN_POINT('',(-8.52433700024799,3.69625721706027,-9.19685039370081));
#6066=CARTESIAN_POINT('',(-8.17193857266603,3.8767461996694,-9.19685039370081));
#6067=CARTESIAN_POINT('',(-7.92034470267502,3.92231000403309,-9.19685039370081));
#6068=CARTESIAN_POINT('',(-7.32879258736739,3.92231000403309,-9.19685039370081));
#6069=CARTESIAN_POINT('',(-7.12717584030823,3.88746272453994,-9.19685039370081));
#6070=CARTESIAN_POINT('',(-6.85027923191033,3.74757829161214,-9.19685039370081));
#6071=CARTESIAN_POINT('',(-6.78099559588963,3.65019820416501,-9.19685039370081));
#6072=CARTESIAN_POINT('',(-6.78099559588963,3.40566120806978,-9.19685039370081));
#6073=CARTESIAN_POINT('',(-6.83719090198485,3.30778580566733,-9.19685039370081));
#6074=CARTESIAN_POINT('',(-7.06025623915669,3.15688193447102,-9.19685039370081));
#6075=CARTESIAN_POINT('',(-7.20310384930711,3.11930747658278,-9.19685039370081));
#6076=CARTESIAN_POINT('',(-7.54027568587839,3.11930747658278,-9.19685039370081));
#6077=CARTESIAN_POINT('',(-7.67282797277473,3.15354871643254,-9.19685039370081));
#6078=CARTESIAN_POINT('',(-7.87758168056492,3.29152708759348,-9.19685039370081));
#6079=CARTESIAN_POINT('',(-7.92849516691783,3.3786924439403,-9.19685039370081));
#6080=CARTESIAN_POINT('',(-7.92849516691783,3.61353280574181,-9.19685039370081));
#6081=CARTESIAN_POINT('',(-7.85428304512797,3.70595385135402,-9.19685039370081));
#6082=CARTESIAN_POINT('',(-7.70671674515276,3.76080043907798,-9.19685039370081));
#6083=CARTESIAN_POINT('',(-7.70671674515276,3.76080043907798,-0.950787401574783));
#6084=CARTESIAN_POINT('',(-7.84560156654551,3.76281381547437,-0.950787401574783));
#6085=CARTESIAN_POINT('',(-7.98744890141012,3.75436912515645,-0.950787401574783));
#6086=CARTESIAN_POINT('',(-8.12103349545626,3.71631385572715,-0.950787401574783));
#6087=CARTESIAN_POINT('',(-8.18060881364275,3.69934217721054,-0.950787401574783));
#6088=CARTESIAN_POINT('',(-8.23946733539468,3.67582055006617,-0.950787401574783));
#6089=CARTESIAN_POINT('',(-8.29136328587394,3.64199649453544,-0.950787401574783));
#6090=CARTESIAN_POINT('',(-8.32148318819013,3.62236534337404,-0.950787401574783));
#6091=CARTESIAN_POINT('',(-8.34969266583283,3.59859895746103,-0.950787401574783));
#6092=CARTESIAN_POINT('',(-8.37211541727897,3.57049538421771,-0.950787401574783));
#6093=CARTESIAN_POINT('',(-8.38996176478043,3.54812765047469,-0.950787401574783));
#6094=CARTESIAN_POINT('',(-8.40436941813642,3.52241666255014,-0.950787401574783));
#6095=CARTESIAN_POINT('',(-8.41355896321811,3.49531758704685,-0.950787401574783));
#6096=CARTESIAN_POINT('',(-8.42271817585576,3.46830795897367,-0.950787401574783));
#6097=CARTESIAN_POINT('',(-8.42696040113644,3.43933290942579,-0.950787401574783));
#6098=CARTESIAN_POINT('',(-8.42696040113644,3.41081254503832,-0.950787401574783));
#6099=CARTESIAN_POINT('',(-7.70671674515276,3.76080043907798,-9.19685039370081));
#6100=CARTESIAN_POINT('',(-7.93664563116065,3.76413365711645,-9.19685039370081));
#6101=CARTESIAN_POINT('',(-8.11466892909587,3.73322563530515,-9.19685039370081));
#6102=CARTESIAN_POINT('',(-8.36455519274658,3.60948228942756,-9.19685039370081));
#6103=CARTESIAN_POINT('',(-8.42696040113644,3.52292987905968,-9.19685039370081));
#6104=CARTESIAN_POINT('',(-8.42696040113644,3.41081254503832,-9.19685039370081));
#6105=CARTESIAN_POINT('',(-7.05038988770485,7.54491197220982,-0.950787401574783));
#6106=CARTESIAN_POINT('',(-7.06325437120419,7.55492946322923,-0.950787401574783));
#6107=CARTESIAN_POINT('',(-7.07718311235544,7.56368425087534,-0.950787401574783));
#6108=CARTESIAN_POINT('',(-7.09170637436126,7.57109504858807,-0.950787401574783));
#6109=CARTESIAN_POINT('',(-7.1238319369965,7.5874877877676,-0.950787401574783));
#6110=CARTESIAN_POINT('',(-7.15942518646866,7.59757903392447,-0.950787401574783));
#6111=CARTESIAN_POINT('',(-7.19506943407397,7.60308005974609,-0.950787401574783));
#6112=CARTESIAN_POINT('',(-7.25695781495438,7.61263137879906,-0.950787401574783));
#6113=CARTESIAN_POINT('',(-7.32115751064661,7.61056705815979,-0.950787401574783));
#6114=CARTESIAN_POINT('',(-7.38291019700483,7.60017450740487,-0.950787401574783));
#6115=CARTESIAN_POINT('',(-7.44502843745627,7.58972043641996,-0.950787401574783));
#6116=CARTESIAN_POINT('',(-7.50647691782758,7.56833939444722,-0.950787401574782));
#6117=CARTESIAN_POINT('',(-7.56084339533492,7.53652352544471,-0.950787401574782));
#6118=CARTESIAN_POINT('',(-7.64351995948496,7.48814027798821,-0.950787401574782));
#6119=CARTESIAN_POINT('',(-7.71551090999599,7.42222140507092,-0.950787401574783));
#6120=CARTESIAN_POINT('',(-7.78307372595388,7.3543125043735,-0.950787401574783));
#6121=CARTESIAN_POINT('',(-7.85826960842794,7.27873143743027,-0.950787401574783));
#6122=CARTESIAN_POINT('',(-7.93573005665843,7.20371335885844,-0.950787401574787));
#6123=CARTESIAN_POINT('',(-8.02406097687377,7.14400936439207,-0.950787401574787));
#6124=CARTESIAN_POINT('',(-8.09329441869458,7.09721359890836,-0.950787401574787));
#6125=CARTESIAN_POINT('',(-8.17123727277034,7.06041064622245,-0.950787401574787));
#6126=CARTESIAN_POINT('',(-8.25240307348791,7.04053035629907,-0.950787401574787));
#6127=CARTESIAN_POINT('',(-8.35963937655219,7.01426450570212,-0.950787401574787));
#6128=CARTESIAN_POINT('',(-8.47227100790627,7.01553634373599,-0.950787401574783));
#6129=CARTESIAN_POINT('',(-8.58267716535447,7.01553634373599,-0.950787401574783));
#6130=CARTESIAN_POINT('',(-7.05038988770485,7.54491197220982,-0.950787401574783));
#6131=CARTESIAN_POINT('',(-8.58267716535447,7.01553634373599,-0.950787401574783));
#6132=CARTESIAN_POINT('',(-7.05038988770485,7.54491197220982,-9.19685039370081));
#6133=CARTESIAN_POINT('',(-8.58267716535447,7.01553634373599,-9.19685039370081));
#6134=CARTESIAN_POINT('',(-7.05038988770485,7.54491197220982,-9.19685039370081));
#6135=CARTESIAN_POINT('',(-7.10486930659105,7.58733474724493,-9.19685039370081));
#6136=CARTESIAN_POINT('',(-7.17993937198542,7.60884915458417,-9.19685039370081));
#6137=CARTESIAN_POINT('',(-7.36911593677923,7.60884915458417,-9.19685039370081));
#6138=CARTESIAN_POINT('',(-7.45276543821867,7.5906679652834,-9.19685039370081));
#6139=CARTESIAN_POINT('',(-7.59998454355248,7.51932354271106,-9.19685039370081));
#6140=CARTESIAN_POINT('',(-7.68569712684233,7.45218790677593,-9.19685039370081));
#6141=CARTESIAN_POINT('',(-7.8782617057398,7.2586369323118,-9.19685039370081));
#6142=CARTESIAN_POINT('',(-7.95895216487783,7.18765160244985,-9.19685039370081));
#6143=CARTESIAN_POINT('',(-8.09364931078544,7.09735169558941,-9.19685039370081));
#6144=CARTESIAN_POINT('',(-8.16314274275051,7.06492857466971,-9.19685039370081));
#6145=CARTESIAN_POINT('',(-8.30556138109869,7.02553599785138,-9.19685039370081));
#6146=CARTESIAN_POINT('',(-8.39264265695616,7.01553634373599,-9.19685039370081));
#6147=CARTESIAN_POINT('',(-8.52405101904648,7.01553634373599,-9.19685039370081));
#6148=CARTESIAN_POINT('',(-8.55336409220048,7.01553634373599,-9.19685039370081));
#6149=CARTESIAN_POINT('',(-8.58267716535447,7.01553634373599,-9.19685039370081));
#6150=CARTESIAN_POINT('',(-8.58267716535447,7.01553634373599,-0.950787401574783));
#6151=CARTESIAN_POINT('',(-8.58267716535447,7.80247882063728,-0.950787401574783));
#6152=CARTESIAN_POINT('',(-8.58267716535447,7.80247882063728,-9.19685039370081));
#6153=CARTESIAN_POINT('',(-8.58267716535447,7.01553634373599,-9.19685039370081));
#6154=CARTESIAN_POINT('',(-8.58267716535447,7.80247882063728,-0.950787401574783));
#6155=CARTESIAN_POINT('',(-8.38363424910883,7.80247882063728,-0.950787401574783));
#6156=CARTESIAN_POINT('',(-8.38363424910883,7.80247882063728,-9.19685039370081));
#6157=CARTESIAN_POINT('',(-8.58267716535447,7.80247882063728,-9.19685039370081));
#6158=CARTESIAN_POINT('',(-8.38363424910883,7.80247882063728,-0.950787401574783));
#6159=CARTESIAN_POINT('',(-8.38363424910883,7.18037912672955,-0.950787401574783));
#6160=CARTESIAN_POINT('',(-8.38363424910883,7.18037912672955,-9.19685039370081));
#6161=CARTESIAN_POINT('',(-8.38363424910883,7.80247882063728,-9.19685039370081));
#6162=CARTESIAN_POINT('',(-8.38363424910883,7.18037912672955,-0.950787401574783));
#6163=CARTESIAN_POINT('',(-8.33262262617502,7.18037912672955,-0.950787401574783));
#6164=CARTESIAN_POINT('',(-8.28015343922854,7.18535776977837,-0.95078740157479));
#6165=CARTESIAN_POINT('',(-8.23227416559395,7.20295779337396,-0.95078740157479));
#6166=CARTESIAN_POINT('',(-8.16803490398932,7.22657161276131,-0.95078740157479));
#6167=CARTESIAN_POINT('',(-8.11201593700682,7.27072703021123,-0.950787401574783));
#6168=CARTESIAN_POINT('',(-8.06138243586604,7.31677639241955,-0.950787401574783));
#6169=CARTESIAN_POINT('',(-7.91254511480066,7.45213862401398,-0.950787401574783));
#6170=CARTESIAN_POINT('',(-7.78067537851826,7.62031303451091,-0.950787401574783));
#6171=CARTESIAN_POINT('',(-7.59689996377584,7.70217925966141,-0.950787401574783));
#6172=CARTESIAN_POINT('',(-7.52601175971988,7.73375774736007,-0.950787401574783));
#6173=CARTESIAN_POINT('',(-7.44850814740899,7.75166378583028,-0.950787401574783));
#6174=CARTESIAN_POINT('',(-7.37133217463655,7.75980059025471,-0.950787401574783));
#6175=CARTESIAN_POINT('',(-7.28914742596787,7.7684654791128,-0.950787401574783));
#6176=CARTESIAN_POINT('',(-7.20481451303536,7.76890489781472,-0.950787401574783));
#6177=CARTESIAN_POINT('',(-7.12347204091329,7.75431670252786,-0.950787401574783));
#6178=CARTESIAN_POINT('',(-7.07469033225696,7.74556804916462,-0.950787401574783));
#6179=CARTESIAN_POINT('',(-7.02628276892849,7.73081062077284,-0.950787401574776));
#6180=CARTESIAN_POINT('',(-6.9820253200504,7.70850653473677,-0.950787401574776));
#6181=CARTESIAN_POINT('',(-6.93741798309376,7.68602611829747,-0.950787401574776));
#6182=CARTESIAN_POINT('',(-6.89583534037352,7.65516894344615,-0.950787401574783));
#6183=CARTESIAN_POINT('',(-6.8628468741867,7.61765968149276,-0.950787401574783));
#6184=CARTESIAN_POINT('',(-6.83909119312226,7.590648481309,-0.950787401574783));
#6185=CARTESIAN_POINT('',(-6.81947960339964,7.55927924157316,-0.950787401574783));
#6186=CARTESIAN_POINT('',(-6.80601633380539,7.52592241783296,-0.950787401574783));
#6187=CARTESIAN_POINT('',(-6.79256672528258,7.49259944099368,-0.950787401574783));
#6188=CARTESIAN_POINT('',(-6.78486088099338,7.45662217910966,-0.950787401574776));
#6189=CARTESIAN_POINT('',(-6.78217095000881,7.42078815859638,-0.950787401574776));
#6190=CARTESIAN_POINT('',(-6.77924900991929,7.38186341974363,-0.950787401574776));
#6191=CARTESIAN_POINT('',(-6.78144443198807,7.34204985975889,-0.950787401574783));
#6192=CARTESIAN_POINT('',(-6.78988916316459,7.30394002449294,-0.950787401574783));
#6193=CARTESIAN_POINT('',(-6.79790740286895,7.2677548827911,-0.950787401574783));
#6194=CARTESIAN_POINT('',(-6.81223279196989,7.23238300273051,-0.950787401574783));
#6195=CARTESIAN_POINT('',(-6.83201247439011,7.20103940990367,-0.950787401574783));
#6196=CARTESIAN_POINT('',(-6.85680811252815,7.16174735408755,-0.950787401574783));
#6197=CARTESIAN_POINT('',(-6.88960967920251,7.12713291238706,-0.950787401574783));
#6198=CARTESIAN_POINT('',(-6.92558830649044,7.09773516248328,-0.950787401574783));
#6199=CARTESIAN_POINT('',(-6.9391096629984,7.08668700731605,-0.950787401574783));
#6200=CARTESIAN_POINT('',(-6.95316708876816,7.07627363281554,-0.950787401574783));
#6201=CARTESIAN_POINT('',(-6.96759832986992,7.06644367377811,-0.950787401574783));
#6202=CARTESIAN_POINT('',(-6.96759832986992,7.06644367377811,-0.950787401574783));
#6203=CARTESIAN_POINT('',(-6.96759832986992,7.06644367377811,-9.19685039370081));
#6204=CARTESIAN_POINT('',(-8.38363424910883,7.18037912672955,-9.19685039370081));
#6205=CARTESIAN_POINT('',(-8.3257230558046,7.18037912672955,-9.19685039370081));
#6206=CARTESIAN_POINT('',(-8.27639129854545,7.18734858262818,-9.19685039370081));
#6207=CARTESIAN_POINT('',(-8.19583885204378,7.21579915658961,-9.19685039370081));
#6208=CARTESIAN_POINT('',(-8.15327639129868,7.24007403160039,-9.19685039370081));
#6209=CARTESIAN_POINT('',(-8.06505572536363,7.31086229554653,-9.19685039370081));
#6210=CARTESIAN_POINT('',(-7.9915540218491,7.38067522885961,-9.19685039370081));
#6211=CARTESIAN_POINT('',(-7.78962215978857,7.58744606351128,-9.19685039370081));
#6212=CARTESIAN_POINT('',(-7.69213170387614,7.6597564846263,-9.19685039370081));
#6213=CARTESIAN_POINT('',(-7.50142202683359,7.74471170772392,-9.19685039370081));
#6214=CARTESIAN_POINT('',(-7.38841966788064,7.7655104023924,-9.19685039370081));
#6215=CARTESIAN_POINT('',(-7.11173285542711,7.7655104023924,-9.19685039370081));
#6216=CARTESIAN_POINT('',(-6.9954814970164,7.73096614272095,-9.19685039370081));
#6217=CARTESIAN_POINT('',(-6.82374469310603,7.5932764183487,-9.19685039370081));
#6218=CARTESIAN_POINT('',(-6.78099559588963,7.50218617735302,-9.19685039370081));
#6219=CARTESIAN_POINT('',(-6.78099559588963,7.31885918523702,-9.19685039370081));
#6220=CARTESIAN_POINT('',(-6.79729652437527,7.25795220107947,-9.19685039370081));
#6221=CARTESIAN_POINT('',(-6.86076697421557,7.15374191303803,-9.19685039370081));
#6222=CARTESIAN_POINT('',(-6.90754227755443,7.10735134970482,-9.19685039370081));
#6223=CARTESIAN_POINT('',(-6.96759832986992,7.06644367377811,-9.19685039370081));
#6224=CARTESIAN_POINT('',(-6.96759832986992,7.06644367377811,-0.950787401574783));
#6225=CARTESIAN_POINT('',(-7.18508703361246,7.06644367377811,-0.950787401574783));
#6226=CARTESIAN_POINT('',(-7.18508703361246,7.06644367377811,-9.19685039370081));
#6227=CARTESIAN_POINT('',(-6.96759832986992,7.06644367377811,-9.19685039370081));
#6228=CARTESIAN_POINT('',(-7.18508703361246,7.06644367377811,-0.950787401574783));
#6229=CARTESIAN_POINT('',(-7.14141180387802,7.09520039873337,-0.950787401574783));
#6230=CARTESIAN_POINT('',(-7.09978514945325,7.12806862161162,-0.950787401574783));
#6231=CARTESIAN_POINT('',(-7.06405169524835,7.16624708639341,-0.950787401574783));
#6232=CARTESIAN_POINT('',(-7.03593434341726,7.19628832787219,-0.950787401574783));
#6233=CARTESIAN_POINT('',(-7.01086097424391,7.23019908928242,-0.950787401574785));
#6234=CARTESIAN_POINT('',(-6.99334861496226,7.26743319912769,-0.950787401574785));
#6235=CARTESIAN_POINT('',(-6.9818023001805,7.29198253288551,-0.950787401574785));
#6236=CARTESIAN_POINT('',(-6.97354796581203,7.31857109588975,-0.950787401574783));
#6237=CARTESIAN_POINT('',(-6.97039355922383,7.34551616764821,-0.950787401574783));
#6238=CARTESIAN_POINT('',(-6.96717380584058,7.37301943443723,-0.950787401574783));
#6239=CARTESIAN_POINT('',(-6.9688505912577,7.40148099213203,-0.950787401574785));
#6240=CARTESIAN_POINT('',(-6.97510949378367,7.42845547331494,-0.950787401574785));
#6241=CARTESIAN_POINT('',(-6.98042342179361,7.45135732400149,-0.950787401574785));
#6242=CARTESIAN_POINT('',(-6.98970837166729,7.47373891190761,-0.950787401574785));
#6243=CARTESIAN_POINT('',(-7.00256209575278,7.49342429666123,-0.950787401574785));
#6244=CARTESIAN_POINT('',(-7.01536907660594,7.51303809449521,-0.950787401574785));
#6245=CARTESIAN_POINT('',(-7.03195750845916,7.53045627370064,-0.950787401574783));
#6246=CARTESIAN_POINT('',(-7.05038988770485,7.54491197220982,-0.950787401574783));
#6247=CARTESIAN_POINT('',(-7.18508703361246,7.06644367377811,-9.19685039370081));
#6248=CARTESIAN_POINT('',(-7.11559360164739,7.1121996668517,-9.19685039370081));
#6249=CARTESIAN_POINT('',(-7.0619721263657,7.16159189778544,-9.19685039370081));
#6250=CARTESIAN_POINT('',(-6.98718800284581,7.26724486450445,-9.19685039370081));
#6251=CARTESIAN_POINT('',(-6.96888524527668,7.31946522488038,-9.19685039370081));
#6252=CARTESIAN_POINT('',(-6.96888524527668,7.44430939141228,-9.19685039370081));
#6253=CARTESIAN_POINT('',(-6.99591046881865,7.50218617735302,-9.19685039370081));
#6254=CARTESIAN_POINT('',(-7.05038988770485,7.54491197220982,-9.19685039370081));
#6255=CARTESIAN_POINT('',(-6.96759832986992,1.59087549603208,-0.950787401574783));
#6256=CARTESIAN_POINT('',(-6.96759832969783,1.58226353960645,-0.950787401574783));
#6257=CARTESIAN_POINT('',(-6.96823662144943,1.5736221032955,-0.95078740157478));
#6258=CARTESIAN_POINT('',(-6.96958208787904,1.56511589887968,-0.95078740157478));
#6259=CARTESIAN_POINT('',(-6.97251143671687,1.54659619487856,-0.95078740157478));
#6260=CARTESIAN_POINT('',(-6.97906094147094,1.52833797984356,-0.950787401574783));
#6261=CARTESIAN_POINT('',(-6.98852433538753,1.51215142071315,-0.950787401574783));
#6262=CARTESIAN_POINT('',(-6.99792213547361,1.49607705583625,-0.950787401574783));
#6263=CARTESIAN_POINT('',(-7.01029847936712,1.48158749467552,-0.95078740157478));
#6264=CARTESIAN_POINT('',(-7.02408735808569,1.46907467419658,-0.95078740157478));
#6265=CARTESIAN_POINT('',(-7.05558661705399,1.44049043752771,-0.95078740157478));
#6266=CARTESIAN_POINT('',(-7.09491607558729,1.42057555680515,-0.95078740157478));
#6267=CARTESIAN_POINT('',(-7.13461368973634,1.40529938803261,-0.95078740157478));
#6268=CARTESIAN_POINT('',(-7.2993389458385,1.34191092332872,-0.95078740157478));
#6269=CARTESIAN_POINT('',(-7.48273953021856,1.33611882959092,-0.950787401574783));
#6270=CARTESIAN_POINT('',(-7.6592202737086,1.33346277374783,-0.950787401574783));
#6271=CARTESIAN_POINT('',(-7.83703393209232,1.3307866573796,-0.950787401574783));
#6272=CARTESIAN_POINT('',(-8.01880259664576,1.33299160280927,-0.950787401574783));
#6273=CARTESIAN_POINT('',(-8.19086548409333,1.37792735104853,-0.950787401574783));
#6274=CARTESIAN_POINT('',(-8.23796682834209,1.39022828461003,-0.950787401574783));
#6275=CARTESIAN_POINT('',(-8.28496173329781,1.40640327038959,-0.950787401574783));
#6276=CARTESIAN_POINT('',(-8.32682982380225,1.43124099560824,-0.950787401574783));
#6277=CARTESIAN_POINT('',(-8.34869698616452,1.44421341836557,-0.950787401574783));
#6278=CARTESIAN_POINT('',(-8.36946369543328,1.45996267982267,-0.950787401574783));
#6279=CARTESIAN_POINT('',(-8.38627224662635,1.47903960695369,-0.950787401574783));
#6280=CARTESIAN_POINT('',(-8.3978882368762,1.49222321790301,-0.950787401574783));
#6281=CARTESIAN_POINT('',(-8.40774791474313,1.507310205646,-0.950787401574783));
#6282=CARTESIAN_POINT('',(-8.41461818079853,1.52348235057102,-0.950787401574783));
#6283=CARTESIAN_POINT('',(-8.42162315626022,1.53997159239211,-0.950787401574783));
#6284=CARTESIAN_POINT('',(-8.42563856027287,1.55797436831596,-0.950787401574793));
#6285=CARTESIAN_POINT('',(-8.42667019856245,1.57586013079601,-0.950787401574793));
#6286=CARTESIAN_POINT('',(-8.42763459023051,1.59258002233834,-0.950787401574793));
#6287=CARTESIAN_POINT('',(-8.426207390865,1.6096841134308,-0.950787401574783));
#6288=CARTESIAN_POINT('',(-8.4219460304865,1.62588058317582,-0.950787401574783));
#6289=CARTESIAN_POINT('',(-8.4176825513721,1.64208510575817,-0.950787401574783));
#6290=CARTESIAN_POINT('',(-8.4104371966784,1.65772060395152,-0.950787401574783));
#6291=CARTESIAN_POINT('',(-8.40104715800911,1.67159831918388,-0.950787401574783));
#6292=CARTESIAN_POINT('',(-8.38798731512297,1.69089970727571,-0.950787401574783));
#6293=CARTESIAN_POINT('',(-8.37055489495417,1.70743613998759,-0.950787401574783));
#6294=CARTESIAN_POINT('',(-8.35167701737329,1.72110101527145,-0.950787401574783));
#6295=CARTESIAN_POINT('',(-8.33296084053896,1.73464884241124,-0.950787401574783));
#6296=CARTESIAN_POINT('',(-8.31245604086818,1.74581448230811,-0.950787401574783));
#6297=CARTESIAN_POINT('',(-8.29139467411695,1.75531488893487,-0.950787401574783));
#6298=CARTESIAN_POINT('',(-8.22860044523738,1.78364024479693,-0.950787401574783));
#6299=CARTESIAN_POINT('',(-8.16007712014017,1.7989321578476,-0.950787401574783));
#6300=CARTESIAN_POINT('',(-8.09206360986843,1.80986849113663,-0.950787401574783));
#6301=CARTESIAN_POINT('',(-7.95652056574444,1.83166333600828,-0.950787401574783));
#6302=CARTESIAN_POINT('',(-7.81824216449389,1.83562563866902,-0.950787401574783));
#6303=CARTESIAN_POINT('',(-7.68096108837446,1.83471009900936,-0.950787401574783));
#6304=CARTESIAN_POINT('',(-7.50611897913377,1.83354406149192,-0.950787401574783));
#6305=CARTESIAN_POINT('',(-7.32638418173301,1.82875903266908,-0.950787401574783));
#6306=CARTESIAN_POINT('',(-7.15973623099123,1.77584794384271,-0.950787401574783));
#6307=CARTESIAN_POINT('',(-7.12066202966705,1.76344179946541,-0.950787401574783));
#6308=CARTESIAN_POINT('',(-7.08188710029823,1.74763866811795,-0.950787401574783));
#6309=CARTESIAN_POINT('',(-7.04784105584859,1.72480070663348,-0.950787401574783));
#6310=CARTESIAN_POINT('',(-7.02949732359929,1.71249579846093,-0.950787401574783));
#6311=CARTESIAN_POINT('',(-7.01228583875665,1.69777243796534,-0.950787401574783));
#6312=CARTESIAN_POINT('',(-6.99866657878032,1.68038223855113,-0.950787401574783));
#6313=CARTESIAN_POINT('',(-6.98878101997021,1.66775953810136,-0.950787401574783));
#6314=CARTESIAN_POINT('',(-6.98067512888509,1.65342439376358,-0.950787401574783));
#6315=CARTESIAN_POINT('',(-6.97540460169136,1.63828245258244,-0.950787401574783));
#6316=CARTESIAN_POINT('',(-6.97013994873276,1.62315738776294,-0.950787401574783));
#6317=CARTESIAN_POINT('',(-6.96759833018995,1.60689061877805,-0.950787401574783));
#6318=CARTESIAN_POINT('',(-6.96759832986992,1.59087549603208,-0.950787401574783));
#6319=CARTESIAN_POINT('',(-6.96759832986992,1.59087549603208,-0.950787401574783));
#6320=CARTESIAN_POINT('',(-7.86023622047258,4.99999999983572,-0.950787401574784));
#6321=CARTESIAN_POINT('',(-8.42696040113644,1.58602717888521,-0.803149606299192));
#6322=CARTESIAN_POINT('',(-8.42696040113644,1.41724513820979,-0.803149606299192));
#6323=CARTESIAN_POINT('',(-8.1918838535015,1.33300562778295,-0.803149606299192));
#6324=CARTESIAN_POINT('',(-7.21897580599049,1.33300562778295,-0.803149606299192));
#6325=CARTESIAN_POINT('',(-6.96759832986992,1.41906325713989,-0.803149606299192));
#6326=CARTESIAN_POINT('',(-6.96759832986992,1.75329412045221,-0.803149606299192));
#6327=CARTESIAN_POINT('',(-7.21511505977021,1.83480645248396,-0.803149606299192));
#6328=CARTESIAN_POINT('',(-8.18802310728122,1.83480645248396,-0.803149606299192));
#6329=CARTESIAN_POINT('',(-8.42696040113644,1.75177902134382,-0.803149606299192));
#6330=CARTESIAN_POINT('',(-8.42696040113644,1.58602717888521,-0.803149606299192));
#6331=CARTESIAN_POINT('',(-8.42696040113644,1.58602717888521,-0.803149606299192));
#6332=CARTESIAN_POINT('',(-7.86023622047258,4.99999999983572,-0.803149606299193));
#6333=CARTESIAN_POINT('',(-8.42696040113644,1.58602717888521,-9.19685039370081));
#6334=CARTESIAN_POINT('',(-8.42696040113644,1.41724513820979,-9.19685039370081));
#6335=CARTESIAN_POINT('',(-8.1918838535015,1.33300562778295,-9.19685039370081));
#6336=CARTESIAN_POINT('',(-7.21897580599049,1.33300562778295,-9.19685039370081));
#6337=CARTESIAN_POINT('',(-6.96759832986992,1.41906325713989,-9.19685039370081));
#6338=CARTESIAN_POINT('',(-6.96759832986992,1.75329412045221,-9.19685039370081));
#6339=CARTESIAN_POINT('',(-7.21511505977021,1.83480645248396,-9.19685039370081));
#6340=CARTESIAN_POINT('',(-8.18802310728122,1.83480645248396,-9.19685039370081));
#6341=CARTESIAN_POINT('',(-8.42696040113644,1.75177902134382,-9.19685039370081));
#6342=CARTESIAN_POINT('',(-8.42696040113644,1.58602717888521,-9.19685039370081));
#6343=CARTESIAN_POINT('',(-6.96759832986992,2.56114496504939,-0.950787401574783));
#6344=CARTESIAN_POINT('',(-6.96759832999788,2.56754842172211,-0.950787401574783));
#6345=CARTESIAN_POINT('',(-6.96798571083185,2.57396594662031,-0.950787401574783));
#6346=CARTESIAN_POINT('',(-6.96879546709984,2.58031799763915,-0.950787401574783));
#6347=CARTESIAN_POINT('',(-6.97078921348422,2.59595773919209,-0.950787401574783));
#6348=CARTESIAN_POINT('',(-6.97551671973591,2.61147733719075,-0.950787401574783));
#6349=CARTESIAN_POINT('',(-6.98262667706031,2.62554947446031,-0.950787401574783));
#6350=CARTESIAN_POINT('',(-6.99248552207352,2.64506225266913,-0.950787401574783));
#6351=CARTESIAN_POINT('',(-7.00715320828769,2.66238417136853,-0.950787401574783));
#6352=CARTESIAN_POINT('',(-7.02367361431661,2.67670274402995,-0.950787401574783));
#6353=CARTESIAN_POINT('',(-7.04001584560639,2.690866889013,-0.950787401574783));
#6354=CARTESIAN_POINT('',(-7.05849163054197,2.70266308444727,-0.950787401574783));
#6355=CARTESIAN_POINT('',(-7.07763984531684,2.71271482049457,-0.950787401574783));
#6356=CARTESIAN_POINT('',(-7.12302397252013,2.73653893531406,-0.950787401574783));
#6357=CARTESIAN_POINT('',(-7.17293230982887,2.75168648087497,-0.950787401574783));
#6358=CARTESIAN_POINT('',(-7.22286346043177,2.7632704201189,-0.950787401574783));
#6359=CARTESIAN_POINT('',(-7.26810450789673,2.77376626367223,-0.950787401574783));
#6360=CARTESIAN_POINT('',(-7.31408411009919,2.78118676195664,-0.950787401574783));
#6361=CARTESIAN_POINT('',(-7.36017669655002,2.78687785867832,-0.950787401574783));
#6362=CARTESIAN_POINT('',(-7.60131786244564,2.81665179423636,-0.950787401574783));
#6363=CARTESIAN_POINT('',(-7.84909158057801,2.81866192892235,-0.950787401574783));
#6364=CARTESIAN_POINT('',(-8.08906676846584,2.78061645184143,-0.950787401574783));
#6365=CARTESIAN_POINT('',(-8.16341229475377,2.76882977072097,-0.950787401574783));
#6366=CARTESIAN_POINT('',(-8.23883091303116,2.75215236488175,-0.950787401574783));
#6367=CARTESIAN_POINT('',(-8.30619670520426,2.71856615974102,-0.950787401574783));
#6368=CARTESIAN_POINT('',(-8.33169807371596,2.70585207791144,-0.950787401574783));
#6369=CARTESIAN_POINT('',(-8.35633749218084,2.69021730299041,-0.950787401574783));
#6370=CARTESIAN_POINT('',(-8.37683893092356,2.67042693456996,-0.950787401574783));
#6371=CARTESIAN_POINT('',(-8.38873707695935,2.65894146291485,-0.950787401574783));
#6372=CARTESIAN_POINT('',(-8.3993568236323,2.64582299957454,-0.950787401574783));
#6373=CARTESIAN_POINT('',(-8.40752581314546,2.63144421142799,-0.950787401574783));
#6374=CARTESIAN_POINT('',(-8.4167210037295,2.61525913772186,-0.950787401574783));
#6375=CARTESIAN_POINT('',(-8.42290370168183,2.59699567255222,-0.950787401574783));
#6376=CARTESIAN_POINT('',(-8.42545590333392,2.57855673528684,-0.950787401574783));
#6377=CARTESIAN_POINT('',(-8.42782618288933,2.56143213387152,-0.950787401574783));
#6378=CARTESIAN_POINT('',(-8.42743969977276,2.54372230325736,-0.950787401574783));
#6379=CARTESIAN_POINT('',(-8.42439920800774,2.52670391295065,-0.950787401574783));
#6380=CARTESIAN_POINT('',(-8.42081172975294,2.50662390291427,-0.950787401574783));
#6381=CARTESIAN_POINT('',(-8.4129576651267,2.48692857959612,-0.950787401574783));
#6382=CARTESIAN_POINT('',(-8.40186629633351,2.46980963273648,-0.950787401574783));
#6383=CARTESIAN_POINT('',(-8.39087363913185,2.45284304204869,-0.950787401574783));
#6384=CARTESIAN_POINT('',(-8.3765851060067,2.43784243927909,-0.950787401574783));
#6385=CARTESIAN_POINT('',(-8.3609018703481,2.42508548700995,-0.950787401574783));
#6386=CARTESIAN_POINT('',(-8.33836214582595,2.40675137559648,-0.950787401574783));
#6387=CARTESIAN_POINT('',(-8.31251405304507,2.39236207787658,-0.950787401574783));
#6388=CARTESIAN_POINT('',(-8.2859534276702,2.38058447189947,-0.950787401574783));
#6389=CARTESIAN_POINT('',(-8.21290179831305,2.34819166132325,-0.950787401574783));
#6390=CARTESIAN_POINT('',(-8.13267990956166,2.33266329932528,-0.950787401574782));
#6391=CARTESIAN_POINT('',(-8.05347806082388,2.32203776944302,-0.950787401574782));
#6392=CARTESIAN_POINT('',(-7.97469732997024,2.3114687357251,-0.950787401574782));
#6393=CARTESIAN_POINT('',(-7.89512358295844,2.30660349396015,-0.950787401574783));
#6394=CARTESIAN_POINT('',(-7.8156652438089,2.30448680617953,-0.950787401574783));
#6395=CARTESIAN_POINT('',(-7.61634332979666,2.29917707702694,-0.950787401574783));
#6396=CARTESIAN_POINT('',(-7.41259742150167,2.30090047457847,-0.950787401574783));
#6397=CARTESIAN_POINT('',(-7.21916845845928,2.34930145479088,-0.950787401574783));
#6398=CARTESIAN_POINT('',(-7.16850429557181,2.36197895203237,-0.950787401574783));
#6399=CARTESIAN_POINT('',(-7.11787187912263,2.37862287839231,-0.950787401574783));
#6400=CARTESIAN_POINT('',(-7.07258916866293,2.40464311034398,-0.950787401574783));
#6401=CARTESIAN_POINT('',(-7.04976179237257,2.41776011725221,-0.950787401574783));
#6402=CARTESIAN_POINT('',(-7.02798266968995,2.43367719586483,-0.950787401574783));
#6403=CARTESIAN_POINT('',(-7.01023781062611,2.45312623068244,-0.950787401574783));
#6404=CARTESIAN_POINT('',(-6.99694572597139,2.46769485680217,-0.950787401574783));
#6405=CARTESIAN_POINT('',(-6.98575065930275,2.48470391092605,-0.950787401574783));
#6406=CARTESIAN_POINT('',(-6.97844707485381,2.50302280924668,-0.950787401574783));
#6407=CARTESIAN_POINT('',(-6.97114812314527,2.52133008769751,-0.950787401574783));
#6408=CARTESIAN_POINT('',(-6.96759832947608,2.54143630856753,-0.950787401574783));
#6409=CARTESIAN_POINT('',(-6.96759832986992,2.56114496504939,-0.950787401574783));
#6410=CARTESIAN_POINT('',(-6.96759832986992,2.56114496504939,-0.950787401574783));
#6411=CARTESIAN_POINT('',(-7.86023622047258,4.99999999983572,-0.950787401574784));
#6412=CARTESIAN_POINT('',(-8.42696040113644,2.55629664790252,-0.803149606299192));
#6413=CARTESIAN_POINT('',(-8.42696040113644,2.72204849036114,-0.803149606299192));
#6414=CARTESIAN_POINT('',(-8.18802310728122,2.80507592150127,-0.803149606299192));
#6415=CARTESIAN_POINT('',(-7.21511505977021,2.80507592150127,-0.803149606299192));
#6416=CARTESIAN_POINT('',(-6.96759832986992,2.72356358946952,-0.803149606299192));
#6417=CARTESIAN_POINT('',(-6.96759832986992,2.3893327261572,-0.803149606299192));
#6418=CARTESIAN_POINT('',(-7.21897580599049,2.30327509680027,-0.803149606299192));
#6419=CARTESIAN_POINT('',(-8.1918838535015,2.30327509680027,-0.803149606299192));
#6420=CARTESIAN_POINT('',(-8.42696040113644,2.38751460722711,-0.803149606299192));
#6421=CARTESIAN_POINT('',(-8.42696040113644,2.55629664790252,-0.803149606299192));
#6422=CARTESIAN_POINT('',(-8.42696040113644,2.55629664790252,-0.803149606299192));
#6423=CARTESIAN_POINT('',(-8.42696040113644,2.55629664790252,-9.19685039370081));
#6424=CARTESIAN_POINT('',(-8.42696040113644,2.38751460722711,-9.19685039370081));
#6425=CARTESIAN_POINT('',(-8.1918838535015,2.30327509680027,-9.19685039370081));
#6426=CARTESIAN_POINT('',(-7.21897580599049,2.30327509680027,-9.19685039370081));
#6427=CARTESIAN_POINT('',(-6.96759832986992,2.3893327261572,-9.19685039370081));
#6428=CARTESIAN_POINT('',(-6.96759832986992,2.72356358946952,-9.19685039370081));
#6429=CARTESIAN_POINT('',(-7.21511505977021,2.80507592150127,-9.19685039370081));
#6430=CARTESIAN_POINT('',(-8.18802310728122,2.80507592150127,-9.19685039370081));
#6431=CARTESIAN_POINT('',(-8.42696040113644,2.72204849036114,-9.19685039370081));
#6432=CARTESIAN_POINT('',(-8.42696040113644,2.55629664790252,-9.19685039370081));
#6433=CARTESIAN_POINT('',(-7.86023622047258,4.99999999983572,-0.803149606299193));
#6434=CARTESIAN_POINT('',(-6.96759832986992,4.50168390308402,-0.95078740157479));
#6435=CARTESIAN_POINT('',(-6.96759832969783,4.49307194665149,-0.95078740157479));
#6436=CARTESIAN_POINT('',(-6.96823662145046,4.48443051033357,-0.950787401574783));
#6437=CARTESIAN_POINT('',(-6.96958208788228,4.47592430591112,-0.950787401574783));
#6438=CARTESIAN_POINT('',(-6.97251143672275,4.4574046019093,-0.950787401574783));
#6439=CARTESIAN_POINT('',(-6.97906094148008,4.4391463868742,-0.950787401574783));
#6440=CARTESIAN_POINT('',(-6.98852433539968,4.42295982774429,-0.950787401574783));
#6441=CARTESIAN_POINT('',(-6.99792213548872,4.40688546286792,-0.950787401574783));
#6442=CARTESIAN_POINT('',(-7.01029847938494,4.39239590170824,-0.950787401574783));
#6443=CARTESIAN_POINT('',(-7.0240873581058,4.37988308123029,-0.950787401574783));
#6444=CARTESIAN_POINT('',(-7.05558661708328,4.35129884456008,-0.950787401574783));
#6445=CARTESIAN_POINT('',(-7.09491607562562,4.33138396383827,-0.950787401574783));
#6446=CARTESIAN_POINT('',(-7.13461368978321,4.3161077950665,-0.950787401574783));
#6447=CARTESIAN_POINT('',(-7.29933894588418,4.25271933037985,-0.950787401574783));
#6448=CARTESIAN_POINT('',(-7.48273953025302,4.24692723664112,-0.950787401574776));
#6449=CARTESIAN_POINT('',(-7.65922027373578,4.24427118079938,-0.950787401574776));
#6450=CARTESIAN_POINT('',(-7.83703393211264,4.2415950644325,-0.950787401574776));
#6451=CARTESIAN_POINT('',(-8.01880259665907,4.24380000986323,-0.950787401574783));
#6452=CARTESIAN_POINT('',(-8.19086548409963,4.28873575810208,-0.950787401574783));
#6453=CARTESIAN_POINT('',(-8.23796682834714,4.30103669166365,-0.950787401574783));
#6454=CARTESIAN_POINT('',(-8.28496173330155,4.31721167744328,-0.950787401574783));
#6455=CARTESIAN_POINT('',(-8.32682982380474,4.34204940266168,-0.950787401574783));
#6456=CARTESIAN_POINT('',(-8.34869698616658,4.35502182541902,-0.950787401574783));
#6457=CARTESIAN_POINT('',(-8.3694636954349,4.37077108687609,-0.950787401574783));
#6458=CARTESIAN_POINT('',(-8.38627224662755,4.389848014007,-0.950787401574783));
#6459=CARTESIAN_POINT('',(-8.39788823687732,4.40303162495648,-0.950787401574783));
#6460=CARTESIAN_POINT('',(-8.40774791474411,4.41811861269966,-0.95078740157478));
#6461=CARTESIAN_POINT('',(-8.41461818079932,4.43429075762483,-0.95078740157478));
#6462=CARTESIAN_POINT('',(-8.42162315626075,4.4507799994459,-0.95078740157478));
#6463=CARTESIAN_POINT('',(-8.42563856027314,4.46878277536968,-0.950787401574793));
#6464=CARTESIAN_POINT('',(-8.42667019856254,4.48666853784961,-0.950787401574793));
#6465=CARTESIAN_POINT('',(-8.42763459023044,4.503388429392,-0.950787401574793));
#6466=CARTESIAN_POINT('',(-8.42620739086474,4.5204925204845,-0.950787401574783));
#6467=CARTESIAN_POINT('',(-8.42194603048603,4.53668899022951,-0.950787401574783));
#6468=CARTESIAN_POINT('',(-8.41768255137142,4.55289351281184,-0.950787401574783));
#6469=CARTESIAN_POINT('',(-8.4104371966775,4.56852901100513,-0.950787401574783));
#6470=CARTESIAN_POINT('',(-8.40104715800803,4.5824067262374,-0.950787401574783));
#6471=CARTESIAN_POINT('',(-8.38798731512132,4.60170811432957,-0.950787401574783));
#6472=CARTESIAN_POINT('',(-8.37055489495184,4.61824454704164,-0.95078740157478));
#6473=CARTESIAN_POINT('',(-8.35167701737028,4.63190942232559,-0.95078740157478));
#6474=CARTESIAN_POINT('',(-8.33296084053529,4.64545724946545,-0.95078740157478));
#6475=CARTESIAN_POINT('',(-8.31245604086384,4.65662288936232,-0.950787401574783));
#6476=CARTESIAN_POINT('',(-8.29139467411197,4.66612329598906,-0.950787401574783));
#6477=CARTESIAN_POINT('',(-8.22860044523254,4.69444865185014,-0.950787401574783));
#6478=CARTESIAN_POINT('',(-8.16007712013591,4.70974056490042,-0.950787401574783));
#6479=CARTESIAN_POINT('',(-8.09206360986467,4.72067689818917,-0.950787401574783));
#6480=CARTESIAN_POINT('',(-7.95652056574164,4.74247174306028,-0.950787401574783));
#6481=CARTESIAN_POINT('',(-7.81824216449217,4.74643404572096,-0.950787401574783));
#6482=CARTESIAN_POINT('',(-7.68096108837377,4.74551850606128,-0.950787401574783));
#6483=CARTESIAN_POINT('',(-7.50611897913327,4.74435246854381,-0.950787401574783));
#6484=CARTESIAN_POINT('',(-7.32638418173271,4.73956743972095,-0.950787401574783));
#6485=CARTESIAN_POINT('',(-7.15973623099113,4.68665635089461,-0.950787401574783));
#6486=CARTESIAN_POINT('',(-7.12066202966695,4.6742502065173,-0.950787401574783));
#6487=CARTESIAN_POINT('',(-7.08188710029812,4.65844707516984,-0.950787401574783));
#6488=CARTESIAN_POINT('',(-7.04784105584849,4.63560911368535,-0.950787401574783));
#6489=CARTESIAN_POINT('',(-7.02949732359921,4.62330420551281,-0.950787401574783));
#6490=CARTESIAN_POINT('',(-7.01228583875659,4.60858084501722,-0.950787401574783));
#6491=CARTESIAN_POINT('',(-6.99866657878028,4.59119064560302,-0.950787401574783));
#6492=CARTESIAN_POINT('',(-6.98878101997018,4.57856794515326,-0.950787401574783));
#6493=CARTESIAN_POINT('',(-6.98067512888508,4.56423280081549,-0.950787401574783));
#6494=CARTESIAN_POINT('',(-6.97540460169136,4.54909085963437,-0.950787401574783));
#6495=CARTESIAN_POINT('',(-6.97013994873277,4.53396579481487,-0.950787401574783));
#6496=CARTESIAN_POINT('',(-6.96759833018995,4.51769902582999,-0.95078740157479));
#6497=CARTESIAN_POINT('',(-6.96759832986992,4.50168390308402,-0.95078740157479));
#6498=CARTESIAN_POINT('',(-6.96759832986992,4.50168390308402,-0.95078740157479));
#6499=CARTESIAN_POINT('',(-7.86023622047258,4.99999999983572,-0.950787401574784));
#6500=CARTESIAN_POINT('',(-8.42696040113644,4.49683558593714,-0.803149606299192));
#6501=CARTESIAN_POINT('',(-8.42696040113644,4.32805354526173,-0.803149606299192));
#6502=CARTESIAN_POINT('',(-8.1918838535015,4.24381403483488,-0.803149606299192));
#6503=CARTESIAN_POINT('',(-7.21897580599049,4.24381403483488,-0.803149606299192));
#6504=CARTESIAN_POINT('',(-6.96759832986992,4.32987166419183,-0.803149606299192));
#6505=CARTESIAN_POINT('',(-6.96759832986992,4.66410252750415,-0.803149606299192));
#6506=CARTESIAN_POINT('',(-7.21511505977021,4.7456148595359,-0.803149606299192));
#6507=CARTESIAN_POINT('',(-8.18802310728122,4.7456148595359,-0.803149606299192));
#6508=CARTESIAN_POINT('',(-8.42696040113644,4.66258742839576,-0.803149606299192));
#6509=CARTESIAN_POINT('',(-8.42696040113644,4.49683558593714,-0.803149606299192));
#6510=CARTESIAN_POINT('',(-8.42696040113644,4.49683558593714,-0.803149606299192));
#6511=CARTESIAN_POINT('',(-7.86023622047258,4.99999999983572,-0.803149606299193));
#6512=CARTESIAN_POINT('',(-8.42696040113644,4.49683558593714,-9.19685039370081));
#6513=CARTESIAN_POINT('',(-8.42696040113644,4.32805354526173,-9.19685039370081));
#6514=CARTESIAN_POINT('',(-8.1918838535015,4.24381403483488,-9.19685039370081));
#6515=CARTESIAN_POINT('',(-7.21897580599049,4.24381403483488,-9.19685039370081));
#6516=CARTESIAN_POINT('',(-6.96759832986992,4.32987166419183,-9.19685039370081));
#6517=CARTESIAN_POINT('',(-6.96759832986992,4.66410252750415,-9.19685039370081));
#6518=CARTESIAN_POINT('',(-7.21511505977021,4.7456148595359,-9.19685039370081));
#6519=CARTESIAN_POINT('',(-8.18802310728122,4.7456148595359,-9.19685039370081));
#6520=CARTESIAN_POINT('',(-8.42696040113644,4.66258742839576,-9.19685039370081));
#6521=CARTESIAN_POINT('',(-8.42696040113644,4.49683558593714,-9.19685039370081));
#6522=CARTESIAN_POINT('',(-6.96759832986992,6.44222284111862,-0.95078740157478));
#6523=CARTESIAN_POINT('',(-6.96759832999788,6.44862629779121,-0.95078740157478));
#6524=CARTESIAN_POINT('',(-6.96798571083183,6.45504382268928,-0.950787401574783));
#6525=CARTESIAN_POINT('',(-6.96879546709979,6.46139587370799,-0.950787401574783));
#6526=CARTESIAN_POINT('',(-6.97078921348413,6.47703561526095,-0.950787401574783));
#6527=CARTESIAN_POINT('',(-6.97551671973577,6.49255521325963,-0.950787401574782));
#6528=CARTESIAN_POINT('',(-6.98262667706014,6.50662735052922,-0.950787401574782));
#6529=CARTESIAN_POINT('',(-6.99248552207327,6.526140128738,-0.950787401574782));
#6530=CARTESIAN_POINT('',(-7.00715320828735,6.54346204743739,-0.950787401574783));
#6531=CARTESIAN_POINT('',(-7.02367361431618,6.55778062009881,-0.950787401574783));
#6532=CARTESIAN_POINT('',(-7.04001584560587,6.57194476508186,-0.950787401574783));
#6533=CARTESIAN_POINT('',(-7.05849163054137,6.58374096051614,-0.950787401574783));
#6534=CARTESIAN_POINT('',(-7.07763984531617,6.59379269656345,-0.950787401574783));
#6535=CARTESIAN_POINT('',(-7.12302397251929,6.61761681138297,-0.950787401574783));
#6536=CARTESIAN_POINT('',(-7.17293230982789,6.63276435694392,-0.950787401574783));
#6537=CARTESIAN_POINT('',(-7.22286346043064,6.64434829618788,-0.950787401574783));
#6538=CARTESIAN_POINT('',(-7.26810450789543,6.65484413974123,-0.950787401574783));
#6539=CARTESIAN_POINT('',(-7.31408411009773,6.66226463802567,-0.950787401574785));
#6540=CARTESIAN_POINT('',(-7.3601766965484,6.66795573474737,-0.950787401574785));
#6541=CARTESIAN_POINT('',(-7.6013178624447,6.69772967030572,-0.950787401574785));
#6542=CARTESIAN_POINT('',(-7.84909158057784,6.69973980499172,-0.950787401574783));
#6543=CARTESIAN_POINT('',(-8.08906676846636,6.6616943279106,-0.950787401574783));
#6544=CARTESIAN_POINT('',(-8.16341229475417,6.64990764679013,-0.950787401574783));
#6545=CARTESIAN_POINT('',(-8.23883091303145,6.63323024095088,-0.950787401574783));
#6546=CARTESIAN_POINT('',(-8.30619670520443,6.59964403581016,-0.950787401574783));
#6547=CARTESIAN_POINT('',(-8.3316980737161,6.58692995398058,-0.950787401574783));
#6548=CARTESIAN_POINT('',(-8.35633749218098,6.57129517905956,-0.950787401574782));
#6549=CARTESIAN_POINT('',(-8.37683893092367,6.55150481063912,-0.950787401574782));
#6550=CARTESIAN_POINT('',(-8.38873707695947,6.54001933898399,-0.950787401574782));
#6551=CARTESIAN_POINT('',(-8.3993568236324,6.52690087564364,-0.950787401574785));
#6552=CARTESIAN_POINT('',(-8.40752581314555,6.51252208749707,-0.950787401574785));
#6553=CARTESIAN_POINT('',(-8.41672100372958,6.49633701379093,-0.950787401574785));
#6554=CARTESIAN_POINT('',(-8.42290370168188,6.47807354862127,-0.950787401574783));
#6555=CARTESIAN_POINT('',(-8.42545590333395,6.45963461135588,-0.950787401574783));
#6556=CARTESIAN_POINT('',(-8.42782618288934,6.44251000994056,-0.950787401574783));
#6557=CARTESIAN_POINT('',(-8.42743969977275,6.42480017932641,-0.950787401574785));
#6558=CARTESIAN_POINT('',(-8.42439920800771,6.40778178901971,-0.950787401574785));
#6559=CARTESIAN_POINT('',(-8.42081172975288,6.38770177898333,-0.950787401574785));
#6560=CARTESIAN_POINT('',(-8.41295766512662,6.36800645566518,-0.950787401574783));
#6561=CARTESIAN_POINT('',(-8.4018662963334,6.35088750880555,-0.950787401574783));
#6562=CARTESIAN_POINT('',(-8.39087363913171,6.33392091811776,-0.950787401574783));
#6563=CARTESIAN_POINT('',(-8.37658510600652,6.31892031534818,-0.950787401574783));
#6564=CARTESIAN_POINT('',(-8.36090187034789,6.30616336307905,-0.950787401574783));
#6565=CARTESIAN_POINT('',(-8.33836214582565,6.28782925166555,-0.950787401574783));
#6566=CARTESIAN_POINT('',(-8.3125140530447,6.27343995394561,-0.950787401574783));
#6567=CARTESIAN_POINT('',(-8.28595342766974,6.2616623479685,-0.950787401574783));
#6568=CARTESIAN_POINT('',(-8.21290179831264,6.2292695373924,-0.950787401574783));
#6569=CARTESIAN_POINT('',(-8.13267990956138,6.21374117539445,-0.950787401574783));
#6570=CARTESIAN_POINT('',(-8.05347806082369,6.20311564551221,-0.950787401574783));
#6571=CARTESIAN_POINT('',(-7.97469732997015,6.19254661179431,-0.950787401574783));
#6572=CARTESIAN_POINT('',(-7.89512358295845,6.18768137002938,-0.950787401574785));
#6573=CARTESIAN_POINT('',(-7.81566524380901,6.18556468224876,-0.950787401574785));
#6574=CARTESIAN_POINT('',(-7.61634332979674,6.18025495309616,-0.950787401574785));
#6575=CARTESIAN_POINT('',(-7.41259742150172,6.18197835064768,-0.950787401574783));
#6576=CARTESIAN_POINT('',(-7.2191684584593,6.23037933086009,-0.950787401574783));
#6577=CARTESIAN_POINT('',(-7.16850429557184,6.24305682810158,-0.950787401574783));
#6578=CARTESIAN_POINT('',(-7.11787187912267,6.25970075446151,-0.950787401574783));
#6579=CARTESIAN_POINT('',(-7.07258916866297,6.28572098641316,-0.950787401574783));
#6580=CARTESIAN_POINT('',(-7.04976179237258,6.2988379933214,-0.950787401574783));
#6581=CARTESIAN_POINT('',(-7.02798266968994,6.31475507193406,-0.950787401574783));
#6582=CARTESIAN_POINT('',(-7.01023781062609,6.3342041067517,-0.950787401574783));
#6583=CARTESIAN_POINT('',(-6.99694572597138,6.34877273287143,-0.950787401574783));
#6584=CARTESIAN_POINT('',(-6.98575065930274,6.3657817869953,-0.950787401574783));
#6585=CARTESIAN_POINT('',(-6.9784470748538,6.38410068531593,-0.950787401574783));
#6586=CARTESIAN_POINT('',(-6.97114812314526,6.40240796376676,-0.950787401574783));
#6587=CARTESIAN_POINT('',(-6.96759832947608,6.42251418463677,-0.95078740157478));
#6588=CARTESIAN_POINT('',(-6.96759832986992,6.44222284111862,-0.95078740157478));
#6589=CARTESIAN_POINT('',(-6.96759832986992,6.44222284111862,-0.95078740157478));
#6590=CARTESIAN_POINT('',(-7.86023622047258,4.99999999983572,-0.950787401574784));
#6591=CARTESIAN_POINT('',(-8.42696040113644,6.43737452397176,-0.803149606299192));
#6592=CARTESIAN_POINT('',(-8.42696040113644,6.60312636643037,-0.803149606299192));
#6593=CARTESIAN_POINT('',(-8.18802310728122,6.68615379757051,-0.803149606299192));
#6594=CARTESIAN_POINT('',(-7.21511505977021,6.68615379757051,-0.803149606299192));
#6595=CARTESIAN_POINT('',(-6.96759832986992,6.60464146553876,-0.803149606299192));
#6596=CARTESIAN_POINT('',(-6.96759832986992,6.27041060222643,-0.803149606299192));
#6597=CARTESIAN_POINT('',(-7.21897580599049,6.18435297286949,-0.803149606299192));
#6598=CARTESIAN_POINT('',(-8.1918838535015,6.18435297286949,-0.803149606299192));
#6599=CARTESIAN_POINT('',(-8.42696040113644,6.26859248329635,-0.803149606299192));
#6600=CARTESIAN_POINT('',(-8.42696040113644,6.43737452397176,-0.803149606299192));
#6601=CARTESIAN_POINT('',(-8.42696040113644,6.43737452397176,-0.803149606299192));
#6602=CARTESIAN_POINT('',(-8.42696040113644,6.43737452397176,-9.19685039370081));
#6603=CARTESIAN_POINT('',(-8.42696040113644,6.26859248329635,-9.19685039370081));
#6604=CARTESIAN_POINT('',(-8.1918838535015,6.18435297286949,-9.19685039370081));
#6605=CARTESIAN_POINT('',(-7.21897580599049,6.18435297286949,-9.19685039370081));
#6606=CARTESIAN_POINT('',(-6.96759832986992,6.27041060222643,-9.19685039370081));
#6607=CARTESIAN_POINT('',(-6.96759832986992,6.60464146553876,-9.19685039370081));
#6608=CARTESIAN_POINT('',(-7.21511505977021,6.68615379757051,-9.19685039370081));
#6609=CARTESIAN_POINT('',(-8.18802310728122,6.68615379757051,-9.19685039370081));
#6610=CARTESIAN_POINT('',(-8.42696040113644,6.60312636643037,-9.19685039370081));
#6611=CARTESIAN_POINT('',(-8.42696040113644,6.43737452397176,-9.19685039370081));
#6612=CARTESIAN_POINT('',(-7.86023622047258,4.99999999983572,-0.803149606299193));
#6613=CARTESIAN_POINT('',(-7.98082972679276,8.48760663745431,-0.950787401574783));
#6614=CARTESIAN_POINT('',(-7.98082972679276,8.48760663745431,-0.950787401574783));
#6615=CARTESIAN_POINT('',(-7.98082972679276,8.08125705658228,-0.950787401574783));
#6616=CARTESIAN_POINT('',(-7.98082972679276,8.48760663745431,-9.19685039370081));
#6617=CARTESIAN_POINT('',(-7.98082972679276,8.48760663745431,-0.803149606299193));
#6618=CARTESIAN_POINT('',(-7.98082972679276,4.99999999983572,-0.803149606299193));
#6619=CARTESIAN_POINT('',(-7.98082972679276,8.08125705658228,-0.803149606299194));
#6620=CARTESIAN_POINT('',(-7.98082972679276,8.08125705658228,-9.19685039370081));
#6621=CARTESIAN_POINT('',(-7.98082972679276,8.48760663745431,-9.19685039370081));
#6622=CARTESIAN_POINT('',(-7.98082972679276,8.08125705658228,-0.950787401574783));
#6623=CARTESIAN_POINT('',(-7.91631017463723,8.11797440554358,-0.950787401574783));
#6624=CARTESIAN_POINT('',(-7.85131611169426,8.15387556440358,-0.950787401574783));
#6625=CARTESIAN_POINT('',(-7.78578983576319,8.18876458112378,-0.950787401574783));
#6626=CARTESIAN_POINT('',(-7.70847493896124,8.22993036826666,-0.950787401574783));
#6627=CARTESIAN_POINT('',(-7.63039502550117,8.26971069126499,-0.950787401574783));
#6628=CARTESIAN_POINT('',(-7.55142895273699,8.30761286337677,-0.950787401574783));
#6629=CARTESIAN_POINT('',(-7.47527406918659,8.34416571959009,-0.950787401574783));
#6630=CARTESIAN_POINT('',(-7.39826859552791,8.37898517114464,-0.950787401574783));
#6631=CARTESIAN_POINT('',(-7.32061806030463,8.41224283139706,-0.950787401574783));
#6632=CARTESIAN_POINT('',(-7.25981263118664,8.43828574658488,-0.950787401574783));
#6633=CARTESIAN_POINT('',(-7.19859340041883,8.46337891873486,-0.950787401574783));
#6634=CARTESIAN_POINT('',(-7.13704219176007,8.48760663745431,-0.950787401574783));
#6635=CARTESIAN_POINT('',(-7.13704219176007,8.48760663745431,-0.950787401574783));
#6636=CARTESIAN_POINT('',(-7.13704219176007,8.48760663745431,-0.803149606299194));
#6637=CARTESIAN_POINT('',(-7.27946083010824,8.43154797044363,-0.803149606299194));
#6638=CARTESIAN_POINT('',(-7.41770773382394,8.37179643585067,-0.803149606299194));
#6639=CARTESIAN_POINT('',(-7.68526815504008,8.24337266118076,-0.803149606299194));
#6640=CARTESIAN_POINT('',(-7.82854473699276,8.16792072558259,-0.803149606299194));
#6641=CARTESIAN_POINT('',(-7.98082972679276,8.08125705658228,-0.803149606299194));
#6642=CARTESIAN_POINT('',(-7.13704219176007,8.48760663745431,-0.803149606299194));
#6643=CARTESIAN_POINT('',(-7.13704219176007,8.48760663745431,-9.19685039370081));
#6644=CARTESIAN_POINT('',(-7.98082972679276,8.08125705658228,-9.19685039370081));
#6645=CARTESIAN_POINT('',(-7.82854473699276,8.16792072558259,-9.19685039370081));
#6646=CARTESIAN_POINT('',(-7.68526815504008,8.24337266118076,-9.19685039370081));
#6647=CARTESIAN_POINT('',(-7.41770773382394,8.37179643585067,-9.19685039370081));
#6648=CARTESIAN_POINT('',(-7.27946083010824,8.43154797044363,-9.19685039370081));
#6649=CARTESIAN_POINT('',(-7.13704219176007,8.48760663745431,-9.19685039370081));
#6650=CARTESIAN_POINT('',(-7.13704219176007,8.48760663745431,-0.950787401574783));
#6651=CARTESIAN_POINT('',(-7.86023622047258,8.48760663745431,-0.803149606299193));
#6652=CARTESIAN_POINT('',(-7.13704219176007,8.48760663745431,-9.19685039370081));
#6653=CARTESIAN_POINT('',(-7.86023622047258,4.99999999983572,-0.803149606299193));
#6654=CARTESIAN_POINT('',(-7.86023622047258,4.99999999983572,-0.950787401574784));
#6655=CARTESIAN_POINT('',(-7.63164667975839,3.34384516444718,-0.803149606299194));
#6656=CARTESIAN_POINT('',(-7.70156908352571,3.38687397912565,-0.803149606299194));
#6657=CARTESIAN_POINT('',(-7.73631579950825,3.44656888399648,-0.803149606299194));
#6658=CARTESIAN_POINT('',(-7.73631579950825,3.58807914072074,-0.803149606299194));
#6659=CARTESIAN_POINT('',(-7.70457284879269,3.64323012028856,-0.803149606299194));
#6660=CARTESIAN_POINT('',(-7.57716726087219,3.7326195956618,-0.803149606299194));
#6661=CARTESIAN_POINT('',(-7.49995233646655,3.75504306246608,-0.803149606299194));
#6662=CARTESIAN_POINT('',(-7.28160568911951,3.75504306246608,-0.803149606299194));
#6663=CARTESIAN_POINT('',(-7.17663316473028,3.73268600614175,-0.803149606299194));
#6664=CARTESIAN_POINT('',(-7.00920859468851,3.64413780773144,-0.803149606299194));
#6665=CARTESIAN_POINT('',(-6.96759832986992,3.58535196232563,-0.803149606299194));
#6666=CARTESIAN_POINT('',(-6.96759832986992,3.44535680470976,-0.803149606299194));
#6667=CARTESIAN_POINT('',(-7.00349730838862,3.38937974691529,-0.803149606299194));
#6668=CARTESIAN_POINT('',(-7.14862443042091,3.30142238941206,-0.803149606299194));
#6669=CARTESIAN_POINT('',(-7.23956645249866,3.27930194242948,-0.803149606299194));
#6670=CARTESIAN_POINT('',(-7.46735047949528,3.27930194242948,-0.803149606299194));
#6671=CARTESIAN_POINT('',(-7.56172427599106,3.30081634976871,-0.803149606299194));
#6672=CARTESIAN_POINT('',(-7.63164667975839,3.34384516444718,-0.803149606299194));
#6673=CARTESIAN_POINT('',(-7.63164667975839,3.34384516444718,-0.803149606299194));
#6674=CARTESIAN_POINT('',(-7.09285809612796,3.68837870169663,-0.95078740157478));
#6675=CARTESIAN_POINT('',(-7.10203455223379,3.69323198372237,-0.95078740157478));
#6676=CARTESIAN_POINT('',(-7.11138037719806,3.69777629543699,-0.950787401574783));
#6677=CARTESIAN_POINT('',(-7.12085612515044,3.7020156224858,-0.950787401574783));
#6678=CARTESIAN_POINT('',(-7.18422575635382,3.7303663756911,-0.950787401574783));
#6679=CARTESIAN_POINT('',(-7.25404358412085,3.74519516594756,-0.950787401574783));
#6680=CARTESIAN_POINT('',(-7.32319075927988,3.75137121109693,-0.950787401574783));
#6681=CARTESIAN_POINT('',(-7.38332618267278,3.75674235010726,-0.950787401574783));
#6682=CARTESIAN_POINT('',(-7.44508286433917,3.75797270157807,-0.950787401574783));
#6683=CARTESIAN_POINT('',(-7.50423154612037,3.74586684661206,-0.950787401574783));
#6684=CARTESIAN_POINT('',(-7.54379475526499,3.7377695153196,-0.950787401574783));
#6685=CARTESIAN_POINT('',(-7.58273325402972,3.72345711966056,-0.950787401574783));
#6686=CARTESIAN_POINT('',(-7.61753081635398,3.70296458569888,-0.950787401574783));
#6687=CARTESIAN_POINT('',(-7.64383249926132,3.68747533604383,-0.950787401574783));
#6688=CARTESIAN_POINT('',(-7.66872230213819,3.66849786533505,-0.950787401574783));
#6689=CARTESIAN_POINT('',(-7.6889094163985,3.64560297952018,-0.950787401574783));
#6690=CARTESIAN_POINT('',(-7.70233411037143,3.63037758218767,-0.950787401574783));
#6691=CARTESIAN_POINT('',(-7.71379740579425,3.61301486309096,-0.950787401574783));
#6692=CARTESIAN_POINT('',(-7.72183269376883,3.59437433521847,-0.950787401574783));
#6693=CARTESIAN_POINT('',(-7.73128836980391,3.57243874395618,-0.950787401574783));
#6694=CARTESIAN_POINT('',(-7.73608794768434,3.54807676169826,-0.950787401574783));
#6695=CARTESIAN_POINT('',(-7.73630724188553,3.52419095245176,-0.950787401574783));
#6696=CARTESIAN_POINT('',(-7.73649989314288,3.50320712725646,-0.950787401574783));
#6697=CARTESIAN_POINT('',(-7.73389316825265,3.48191673947697,-0.950787401574783));
#6698=CARTESIAN_POINT('',(-7.72793272590575,3.46179632294641,-0.950787401574783));
#6699=CARTESIAN_POINT('',(-7.72195758253422,3.44162628078041,-0.950787401574783));
#6700=CARTESIAN_POINT('',(-7.71235880902142,3.42222739545941,-0.950787401574783));
#6701=CARTESIAN_POINT('',(-7.69999540102963,3.40520743417515,-0.950787401574783));
#6702=CARTESIAN_POINT('',(-7.68336094529741,3.3823077779691,-0.950787401574783));
#6703=CARTESIAN_POINT('',(-7.66136096528881,3.36299897954346,-0.950787401574778));
#6704=CARTESIAN_POINT('',(-7.6376072497468,3.34760871087094,-0.950787401574778));
#6705=CARTESIAN_POINT('',(-7.61405471201783,3.33234878730542,-0.950787401574778));
#6706=CARTESIAN_POINT('',(-7.5883122074048,3.32023775905219,-0.950787401574783));
#6707=CARTESIAN_POINT('',(-7.56186832536431,3.31084050395672,-0.950787401574783));
#6708=CARTESIAN_POINT('',(-7.48399819722127,3.2831681123859,-0.950787401574783));
#6709=CARTESIAN_POINT('',(-7.3984388004695,3.27646443848039,-0.950787401574783));
#6710=CARTESIAN_POINT('',(-7.3158729953523,3.27998664483595,-0.950787401574783));
#6711=CARTESIAN_POINT('',(-7.25792412959289,3.28245870773156,-0.950787401574783));
#6712=CARTESIAN_POINT('',(-7.19923080700234,3.2919852469062,-0.950787401574785));
#6713=CARTESIAN_POINT('',(-7.14488658193439,3.31225560308279,-0.950787401574785));
#6714=CARTESIAN_POINT('',(-7.10844809247888,3.3258471329809,-0.950787401574785));
#6715=CARTESIAN_POINT('',(-7.07310666868027,3.34430065991406,-0.950787401574783));
#6716=CARTESIAN_POINT('',(-7.04267590154968,3.36851762939033,-0.950787401574783));
#6717=CARTESIAN_POINT('',(-7.02433443379495,3.38311386887585,-0.950787401574783));
#6718=CARTESIAN_POINT('',(-7.0075587098995,3.40035915252452,-0.950787401574783));
#6719=CARTESIAN_POINT('',(-6.99479271474476,3.42001847637416,-0.950787401574783));
#6720=CARTESIAN_POINT('',(-6.98396554703859,3.4366920528349,-0.950787401574783));
#6721=CARTESIAN_POINT('',(-6.97589429628467,3.45555675471112,-0.950787401574783));
#6722=CARTESIAN_POINT('',(-6.97161022550654,3.47497021525008,-0.950787401574783));
#6723=CARTESIAN_POINT('',(-6.96763759100672,3.49297238820473,-0.950787401574783));
#6724=CARTESIAN_POINT('',(-6.96665982347125,3.51183493340459,-0.950787401574783));
#6725=CARTESIAN_POINT('',(-6.96843297079317,3.53018475641555,-0.950787401574783));
#6726=CARTESIAN_POINT('',(-6.97033651574491,3.54988402929952,-0.950787401574783));
#6727=CARTESIAN_POINT('',(-6.97582713288023,3.56956843752765,-0.950787401574783));
#6728=CARTESIAN_POINT('',(-6.98457382668906,3.58732175223097,-0.950787401574783));
#6729=CARTESIAN_POINT('',(-6.9932751379263,3.60498295314898,-0.950787401574783));
#6730=CARTESIAN_POINT('',(-7.00531453911169,3.62118946623503,-0.950787401574783));
#6731=CARTESIAN_POINT('',(-7.01910529779032,3.63524100743811,-0.950787401574783));
#6732=CARTESIAN_POINT('',(-7.04032938308927,3.65686643907863,-0.950787401574783));
#6733=CARTESIAN_POINT('',(-7.06607302707084,3.67421250368793,-0.95078740157478));
#6734=CARTESIAN_POINT('',(-7.09285809612796,3.68837870169663,-0.95078740157478));
#6735=CARTESIAN_POINT('',(-7.09285809612796,3.68837870169663,-0.95078740157478));
#6736=CARTESIAN_POINT('',(-7.63164667975839,3.34384516444718,-9.19685039370081));
#6737=CARTESIAN_POINT('',(-7.56172427599106,3.30081634976871,-9.19685039370081));
#6738=CARTESIAN_POINT('',(-7.46735047949528,3.27930194242948,-9.19685039370081));
#6739=CARTESIAN_POINT('',(-7.23956645249866,3.27930194242948,-9.19685039370081));
#6740=CARTESIAN_POINT('',(-7.14862443042091,3.30142238941206,-9.19685039370081));
#6741=CARTESIAN_POINT('',(-7.00349730838862,3.38937974691529,-9.19685039370081));
#6742=CARTESIAN_POINT('',(-6.96759832986992,3.44535680470976,-9.19685039370081));
#6743=CARTESIAN_POINT('',(-6.96759832986992,3.58535196232563,-9.19685039370081));
#6744=CARTESIAN_POINT('',(-7.00920859468851,3.64413780773144,-9.19685039370081));
#6745=CARTESIAN_POINT('',(-7.17663316473028,3.73268600614175,-9.19685039370081));
#6746=CARTESIAN_POINT('',(-7.28160568911951,3.75504306246608,-9.19685039370081));
#6747=CARTESIAN_POINT('',(-7.49995233646655,3.75504306246608,-9.19685039370081));
#6748=CARTESIAN_POINT('',(-7.57716726087219,3.7326195956618,-9.19685039370081));
#6749=CARTESIAN_POINT('',(-7.70457284879269,3.64323012028856,-9.19685039370081));
#6750=CARTESIAN_POINT('',(-7.73631579950825,3.58807914072074,-9.19685039370081));
#6751=CARTESIAN_POINT('',(-7.73631579950825,3.44656888399648,-9.19685039370081));
#6752=CARTESIAN_POINT('',(-7.70156908352571,3.38687397912565,-9.19685039370081));
#6753=CARTESIAN_POINT('',(-7.63164667975839,3.34384516444718,-9.19685039370081));
#6754=CARTESIAN_POINT('',(-7.86023622047258,4.99999999983572,-0.803149606299193));
#6755=CARTESIAN_POINT('',(-7.86023622047258,4.99999999983572,-0.950787401574784));
#6756=CARTESIAN_POINT('',(-7.86023622047258,4.99999999983572,-0.950787401574784));
#6757=CARTESIAN_POINT('',(-7.86023622047258,4.99999999983572,-0.950787401574784));
#6758=CARTESIAN_POINT('',(6.88976377952751,4.69685039353651,-0.803149606299211));
#6759=CARTESIAN_POINT('',(9.84251968503932,4.69685039353651,-0.803149606299211));
#6760=CARTESIAN_POINT('',(6.88976377952751,4.69685039353659,-56.1181102362205));
#6761=CARTESIAN_POINT('',(1.96850393700773,11.9713580182215,-0.803149606299208));
#6762=CARTESIAN_POINT('',(-4.89547160464636E-14,-3.17716535449498,-0.803149606299211));
#6763=CARTESIAN_POINT('',(1.96850393700783,-3.17716535449498,-0.803149606299211));
#6764=CARTESIAN_POINT('',(-4.89547160464636E-14,-3.17716535449491,-56.1181102362205));
#6765=CARTESIAN_POINT('',(4.92125984251954,4.09734227019004,-0.803149606299208));
#6766=CARTESIAN_POINT('',(-0.864999624618976,4.93446379426253,1.11594074449539));
#6767=CARTESIAN_POINT('',(-1.09999916725968,4.93446393837343,1.11594064817099));
#6768=CARTESIAN_POINT('',(-0.630000081978379,4.93446365015147,1.11594084081978));
#6769=CARTESIAN_POINT('',(-0.630000081978379,5.99999933491091,1.11594079407411));
#6770=CARTESIAN_POINT('',(-0.63000008197838,7.06553658053386,1.11594074732832));
#6771=CARTESIAN_POINT('',(-0.864999624618976,7.06553670786433,1.11594065100389));
#6772=CARTESIAN_POINT('',(-1.09999916725968,7.06553683519473,1.11594055467949));
#6773=CARTESIAN_POINT('',(-1.09999916725968,7.53908781698263,1.11594053390449));
#6774=CARTESIAN_POINT('',(0.499999999996118,5.99999933491093,1.11594125725209));
#6775=CARTESIAN_POINT('',(-1.09999916725968,7.53908779504733,1.45009410370989));
#6776=CARTESIAN_POINT('',(-1.09999916725968,4.93446393837333,1.45009410370989));
#6777=CARTESIAN_POINT('',(-1.09999916725968,7.06553683519473,1.45009410370989));
#6778=CARTESIAN_POINT('',(-1.09999916725958,4.93446393837343,1.11594064817099));
#6779=CARTESIAN_POINT('',(-1.09999916725968,7.06553683519473,1.45009410370989));
#6780=CARTESIAN_POINT('',(-1.09999916725968,7.53908779504733,0.615940847360087));
#6781=CARTESIAN_POINT('',(-0.764999583629782,4.93446373293873,1.78509368733979));
#6782=CARTESIAN_POINT('',(-0.429999999999982,4.93446352750403,2.12009327096959));
#6783=CARTESIAN_POINT('',(-0.764999583629782,7.06553665368113,1.78509368733969));
#6784=CARTESIAN_POINT('',(-0.429999999999982,7.06553647216743,2.12009327096959));
#6785=CARTESIAN_POINT('',(-0.429999999999982,5.99999957988503,2.12009327096959));
#6786=CARTESIAN_POINT('',(-0.500710678118587,5.99999957988503,2.04938259285089));
#6787=CARTESIAN_POINT('',(-0.429999999999982,7.06553647216743,2.41594084736009));
#6788=CARTESIAN_POINT('',(-0.429999999999982,7.06553647216743,2.41594084736069));
#6789=CARTESIAN_POINT('',(-0.429999999999982,4.80323046577103,2.41594084736009));
#6790=CARTESIAN_POINT('',(-0.429999999999281,4.93446358882783,2.41594084735979));
#6791=CARTESIAN_POINT('',(-0.429999999999982,4.93446352750403,2.12009327096959));
#6792=CARTESIAN_POINT('',(-0.429999999999982,4.49999957988503,2.31594084736009));
#6793=CARTESIAN_POINT('',(-0.629999999999981,4.93446365015173,2.41594084736009));
#6794=CARTESIAN_POINT('',(-0.629999999999981,4.93446365015173,2.61594084758449));
#6795=CARTESIAN_POINT('',(-0.629999999999981,7.06553647216743,2.41594084736009));
#6796=CARTESIAN_POINT('',(-0.629999999999981,7.06553652635063,2.61594084758389));
#6797=CARTESIAN_POINT('',(-0.629999999999981,7.19676940128923,2.61594084736009));
#6798=CARTESIAN_POINT('',(-0.629999999999981,4.49999957988503,2.41594084736009));
#6799=CARTESIAN_POINT('',(-0.864999583629778,4.93446379426253,2.61594084736009));
#6800=CARTESIAN_POINT('',(-1.09999916725968,4.93446393837333,2.61594084736009));
#6801=CARTESIAN_POINT('',(-0.864999583629778,7.06553670786433,2.61594084736009));
#6802=CARTESIAN_POINT('',(-1.09999916725958,7.06553683519473,2.61594084736009));
#6803=CARTESIAN_POINT('',(-1.09999916725968,7.53908779504733,2.61594084736009));
#6804=CARTESIAN_POINT('',(-0.499999999999983,4.49999957988503,2.61594084736009));
#6805=CARTESIAN_POINT('',(-1.09999916725968,7.53908779504733,2.95009410370989));
#6806=CARTESIAN_POINT('',(-1.09999916725958,4.93446393837343,2.95009410370989));
#6807=CARTESIAN_POINT('',(-1.09999916725968,7.06553683519473,2.95009410370989));
#6808=CARTESIAN_POINT('',(-1.09999916725968,4.93446393837343,2.61594084736009));
#6809=CARTESIAN_POINT('',(-1.09999916725968,7.06553683519473,2.95009410370989));
#6810=CARTESIAN_POINT('',(-1.09999916725968,7.53908779504733,0.615940847360087));
#6811=CARTESIAN_POINT('',(-0.764999583629782,4.93446373293873,3.28509368733979));
#6812=CARTESIAN_POINT('',(-0.429999999999982,4.93446352750403,3.62009327096959));
#6813=CARTESIAN_POINT('',(-0.764999583629782,7.06553665368113,3.28509368733969));
#6814=CARTESIAN_POINT('',(-0.429999999999982,7.06553647216743,3.62009327096959));
#6815=CARTESIAN_POINT('',(-0.429999999999982,5.99999957988503,3.62009327096959));
#6816=CARTESIAN_POINT('',(-0.500710678118587,5.99999957988503,3.54938259285089));
#6817=CARTESIAN_POINT('',(-0.430000000000079,7.06553647216743,3.91594084735769));
#6818=CARTESIAN_POINT('',(-0.430000000000079,7.06553647216743,3.91594084736068));
#6819=CARTESIAN_POINT('',(-0.429999999999982,4.93446352736913,3.91594084736008));
#6820=CARTESIAN_POINT('',(-0.429999999999281,4.93446358882783,3.91594084735979));
#6821=CARTESIAN_POINT('',(-0.429999999999982,4.93446352750403,3.62009327096959));
#6822=CARTESIAN_POINT('',(-0.429999999999982,4.49999957988503,3.81594084736009));
#6823=CARTESIAN_POINT('',(-0.629999999999981,4.93446365015173,3.91594084736008));
#6824=CARTESIAN_POINT('',(-0.629999999999981,4.93446365015173,4.11594084736009));
#6825=CARTESIAN_POINT('',(-0.629999999999981,7.06553647216743,3.91594084736008));
#6826=CARTESIAN_POINT('',(-0.629999999999981,7.06553652635063,4.11594084767469));
#6827=CARTESIAN_POINT('',(-0.629999999999981,7.06553647230963,4.11594084736009));
#6828=CARTESIAN_POINT('',(-0.629999999999981,5.99999957988503,3.91594084736008));
#6829=CARTESIAN_POINT('',(-0.960274382203582,4.93446385268873,4.11594084736009));
#6830=CARTESIAN_POINT('',(-1.29054876440728,4.93446405522574,4.11594084736009));
#6831=CARTESIAN_POINT('',(-0.960273765193978,7.06553675948693,4.11594084736009));
#6832=CARTESIAN_POINT('',(-1.29054753038808,7.06553693843994,4.11594084736009));
#6833=CARTESIAN_POINT('',(-1.29054876440728,4.93446407180434,4.11594084736009));
#6834=CARTESIAN_POINT('',(1.76589428843577E-14,5.99999957988503,4.11594084736009));
#6835=CARTESIAN_POINT('',(-0.429999999999982,4.93446352750403,0.894477982783188));
#6836=CARTESIAN_POINT('',(-0.429999999999982,4.93446352750403,0.701311927342588));
#6837=CARTESIAN_POINT('',(-0.429999999999915,4.93446352750403,0.915940840819819));
#6838=CARTESIAN_POINT('',(-0.429999999999915,4.93446352750403,0.915940840819819));
#6839=CARTESIAN_POINT('',(-0.429999999999915,4.93446352750403,0.938325598951741));
#6840=CARTESIAN_POINT('',(-0.433864761330027,4.93446352987405,0.961019056717352));
#6841=CARTESIAN_POINT('',(-0.441274241424032,4.93446353441783,0.982141959012282));
#6842=CARTESIAN_POINT('',(-0.448683721518036,4.9344635389616,1.00326486130721));
#6843=CARTESIAN_POINT('',(-0.459842282985363,4.93446354580446,1.02339980385686));
#6844=CARTESIAN_POINT('',(-0.473825880499304,4.93446355437974,1.0408794033143));
#6845=CARTESIAN_POINT('',(-0.487809478013247,4.93446356295502,1.05835900277174));
#6846=CARTESIAN_POINT('',(-0.505003796458575,4.93446357349924,1.07366536807179));
#6847=CARTESIAN_POINT('',(-0.523984966848966,4.93446358513923,1.08553097244896));
#6848=CARTESIAN_POINT('',(-0.542966137239359,4.93446359677921,1.09739657682612));
#6849=CARTESIAN_POINT('',(-0.564257683689946,4.93446360983601,1.1061486882994));
#6850=CARTESIAN_POINT('',(-0.586096443981865,4.93446362322838,1.11106254071238));
#6851=CARTESIAN_POINT('',(-0.600461898591676,4.93446363203783,1.11429485439935));
#6852=CARTESIAN_POINT('',(-0.61527547203707,4.93446364112208,1.11594084685623));
#6853=CARTESIAN_POINT('',(-0.630000081978167,4.93446365015178,1.11594084082074));
#6854=CARTESIAN_POINT('',(-1.29054876440728,4.93446405522574,4.11594084737799));
#6855=CARTESIAN_POINT('',(-1.29264908551738,4.93446405651373,4.11594084737399));
#6856=CARTESIAN_POINT('',(-1.29474940662148,4.93446289995713,4.11592761315259));
#6857=CARTESIAN_POINT('',(-1.29684956096058,4.93446058564783,4.11590114576459));
#6858=CARTESIAN_POINT('',(-1.29684956096038,4.93446058558513,4.11590114574668));
#6859=CARTESIAN_POINT('',(-1.29684956096038,4.93446058564773,-0.355879627368112));
#6860=CARTESIAN_POINT('',(-1.29684956096038,4.93446058564773,-0.355879627368112));
#6861=CARTESIAN_POINT('',(-1.29684956096038,4.93446058564773,-0.355879627368112));
#6862=CARTESIAN_POINT('',(-1.29633616396088,4.93446115139643,-0.355253499149112));
#6863=CARTESIAN_POINT('',(-1.29582276692888,4.93446164794803,-0.354627370890414));
#6864=CARTESIAN_POINT('',(-1.29464349309798,4.93446262960074,-0.353189153245413));
#6865=CARTESIAN_POINT('',(-1.29397761627728,4.93446306750054,-0.352377063832614));
#6866=CARTESIAN_POINT('',(-1.29264586259918,4.93446371054133,-0.350752884961811));
#6867=CARTESIAN_POINT('',(-1.29197998573338,4.93446391568243,-0.349940795493813));
#6868=CARTESIAN_POINT('',(-1.29064823200178,4.93446409321334,-0.348316616557414));
#6869=CARTESIAN_POINT('',(-1.28998235513348,4.93446405487843,-0.347504527086115));
#6870=CARTESIAN_POINT('',(-1.28398946333858,4.93446405120334,-0.340195721868913));
#6871=CARTESIAN_POINT('',(-1.27866244840987,4.93446404793663,-0.333699006120214));
#6872=CARTESIAN_POINT('',(-1.27067192601688,4.93446404303653,-0.323953932497314));
#6873=CARTESIAN_POINT('',(-1.26800841855248,4.93446404140313,-0.320705574623013));
#6874=CARTESIAN_POINT('',(-1.25443254349178,4.93446403307793,-0.304148721960013));
#6875=CARTESIAN_POINT('',(-1.24352017589548,4.93446402638603,-0.290840227171314));
#6876=CARTESIAN_POINT('',(-1.22461728590618,4.93446401479403,-0.267786658759712));
#6877=CARTESIAN_POINT('',(-1.21662676351298,4.93446400989393,-0.258041585136813));
#6878=CARTESIAN_POINT('',(-1.17589913833098,4.93446398491823,-0.208371027147913));
#6879=CARTESIAN_POINT('',(-1.14316203554218,4.93446396484253,-0.168445542781613));
#6880=CARTESIAN_POINT('',(-1.08645336557398,4.93446393006653,-0.099284837546813));
#6881=CARTESIAN_POINT('',(-1.06248179839458,4.93446391536623,-0.0700496166782128));
#6882=CARTESIAN_POINT('',(-0.940298922847481,4.93446384043903,0.0789620572898865));
#6883=CARTESIAN_POINT('',(-0.842087614479379,4.93446378021193,0.198738510388987));
#6884=CARTESIAN_POINT('',(-0.67196160457408,4.93446367588403,0.406220626094488));
#6885=CARTESIAN_POINT('',(-0.600046903036877,4.93446363178333,0.493926288700887));
#6886=CARTESIAN_POINT('',(-0.495421467663886,4.93446356762293,0.621525276650388));
#6887=CARTESIAN_POINT('',(-0.462710733828277,4.93446354756353,0.661418601993487));
#6888=CARTESIAN_POINT('',(-0.429999999992682,4.93446352750403,0.701311927336688));
#6889=CARTESIAN_POINT('',(-0.430000000023477,4.93446352750403,-6.61647522974571));
#6890=CARTESIAN_POINT('',(-0.632836743756078,4.93446365189133,-6.61647523013287));
#6891=CARTESIAN_POINT('',(-0.835673487488583,4.93446377627863,-6.61647523052004));
#6892=CARTESIAN_POINT('',(-1.09521890118808,4.93446393544193,-6.61647523101544));
#6893=CARTESIAN_POINT('',(-1.15192757115498,4.93446397021793,-6.61647523112369));
#6894=CARTESIAN_POINT('',(-1.22753913111078,4.93446401658583,-6.61647523126801));
#6895=CARTESIAN_POINT('',(-1.24644202109978,4.93446402817783,-6.61647523130409));
#6896=CARTESIAN_POINT('',(-1.27164587441838,4.93446404363373,-6.6164752313522));
#6897=CARTESIAN_POINT('',(-1.27794683774798,4.93446404749773,-6.61647523136422));
#6898=CARTESIAN_POINT('',(-1.28634812218758,4.93446405264973,-6.61647523138026));
#6899=CARTESIAN_POINT('',(-1.28844844329748,4.93446405393773,-6.61647523138427));
#6900=CARTESIAN_POINT('',(-1.29264908551718,4.93446405651373,-6.61647523139229));
#6901=CARTESIAN_POINT('',(-1.29474940662148,4.93446289995713,-6.61648846561367));
#6902=CARTESIAN_POINT('',(-1.29894971529948,4.93445827133843,-6.61654140038968));
#6903=CARTESIAN_POINT('',(-1.30104986963848,4.93445595702913,-6.61656786777768));
#6904=CARTESIAN_POINT('',(-1.30945048699449,4.93444669979173,-6.61667373732969));
#6905=CARTESIAN_POINT('',(-1.31575095001138,4.93443975686363,-6.6167531394937));
#6906=CARTESIAN_POINT('',(-1.34095280207928,4.93441198515143,-6.61707074814974));
#6907=CARTESIAN_POINT('',(-1.35985419113028,4.93439115636733,-6.61730895464176));
#6908=CARTESIAN_POINT('',(-1.43545974733398,4.93430784123083,-6.61826178060986));
#6909=CARTESIAN_POINT('',(-1.49216391448679,4.93424535487843,-6.61897640008594));
#6910=CARTESIAN_POINT('',(-1.54886808163958,4.93418286852603,-6.61969101956201));
#6911=CARTESIAN_POINT('',(-0.42999999997308,4.93446352750403,9.48222035128309));
#6912=CARTESIAN_POINT('',(-0.632836743717581,4.93446365189133,9.48222035089539));
#6913=CARTESIAN_POINT('',(-0.835673487461979,4.93446377627863,9.48222035050779));
#6914=CARTESIAN_POINT('',(-1.09521890117668,4.93446393544193,9.48222035001169));
#6915=CARTESIAN_POINT('',(-1.15192757114688,4.93446397021793,9.48222034990339));
#6916=CARTESIAN_POINT('',(-1.22753913110708,4.93446401658583,9.48222034975888));
#6917=CARTESIAN_POINT('',(-1.24644202109718,4.93446402817783,9.48222034972268));
#6918=CARTESIAN_POINT('',(-1.27164587441728,4.93446404363373,9.48222034967459));
#6919=CARTESIAN_POINT('',(-1.27794683774728,4.93446404749773,9.48222034966249));
#6920=CARTESIAN_POINT('',(-1.28634812218728,4.93446405264973,9.48222034964648));
#6921=CARTESIAN_POINT('',(-1.28844844329728,4.93446405393773,9.48222034964239));
#6922=CARTESIAN_POINT('',(-1.29264908551738,4.93446405651373,9.48222034963439));
#6923=CARTESIAN_POINT('',(-1.29474940662138,4.93446289995713,9.48220711541298));
#6924=CARTESIAN_POINT('',(-1.29894971529958,4.93445827133843,9.48215418063699));
#6925=CARTESIAN_POINT('',(-1.30104986963868,4.93445595702913,9.48212771324899));
#6926=CARTESIAN_POINT('',(-1.30945048699518,4.93444669979173,9.48202184369699));
#6927=CARTESIAN_POINT('',(-1.31575095001258,4.93443975686363,9.48194244153299));
#6928=CARTESIAN_POINT('',(-1.34095280208188,4.93441198515143,9.48162483287689));
#6929=CARTESIAN_POINT('',(-1.35985419113398,4.93439115636733,9.48138662638479));
#6930=CARTESIAN_POINT('',(-1.43545974734208,4.93430784123083,9.48043380041649));
#6931=CARTESIAN_POINT('',(-1.49216391449818,4.93424535487843,9.47971918094029));
#6932=CARTESIAN_POINT('',(-1.54886808165429,4.93418286852603,9.47900456146409));
#6933=CARTESIAN_POINT('',(-0.429999999999982,7.06553647216743,0.915940747328387));
#6934=CARTESIAN_POINT('',(-0.429999999999982,7.06553647216743,0.915940747328371));
#6935=CARTESIAN_POINT('',(-0.42999999999958,7.06553647216743,0.701310332834347));
#6936=CARTESIAN_POINT('',(-0.429999999999982,4.49999958427209,0.915940859880013));
#6937=CARTESIAN_POINT('',(-0.429999999999982,5.99999995458883,0.701311130081086));
#6938=CARTESIAN_POINT('',(-0.429999999999982,4.49999957988503,0.815940847360088));
#6939=CARTESIAN_POINT('',(-0.63000008197838,7.06553658053386,1.11594074732832));
#6940=CARTESIAN_POINT('',(-0.607615323846459,7.06553656840507,1.11594075650366));
#6941=CARTESIAN_POINT('',(-0.584921864496699,7.06553655610913,1.1120760044755));
#6942=CARTESIAN_POINT('',(-0.563798959164684,7.06553654466405,1.1046665330396));
#6943=CARTESIAN_POINT('',(-0.542676053832667,7.06553653321898,1.09725706160371));
#6944=CARTESIAN_POINT('',(-0.522541106709202,7.06553652230921,1.08609850838953));
#6945=CARTESIAN_POINT('',(-0.505061501519996,7.06553651283819,1.07211491804032));
#6946=CARTESIAN_POINT('',(-0.487581896330793,7.06553650336718,1.05813132769112));
#6947=CARTESIAN_POINT('',(-0.472275523982927,7.06553649507368,1.04093701551975));
#6948=CARTESIAN_POINT('',(-0.460409911825537,7.06553648864451,1.02195584999296));
#6949=CARTESIAN_POINT('',(-0.448544299668149,7.06553648221533,1.00297468446618));
#6950=CARTESIAN_POINT('',(-0.439792179467644,7.06553647747315,0.981683141603014));
#6951=CARTESIAN_POINT('',(-0.434878318103135,7.06553647481066,0.959844383325241));
#6952=CARTESIAN_POINT('',(-0.431645998527882,7.06553647305928,0.945478930040316));
#6953=CARTESIAN_POINT('',(-0.429999999999998,7.06553647216743,0.930665357269484));
#6954=CARTESIAN_POINT('',(-0.429999999999982,7.06553647216743,0.915940747328371));
#6955=CARTESIAN_POINT('',(-0.42999999999958,7.06553647216743,0.701310332834347));
#6956=CARTESIAN_POINT('',(-0.530265545040187,7.06553652649456,0.579028575747544));
#6957=CARTESIAN_POINT('',(-0.630531090080975,7.0655365808217,0.45674681866089));
#6958=CARTESIAN_POINT('',(-0.730796635121582,7.06553663514883,0.334465061574087));
#6959=CARTESIAN_POINT('',(-0.82513878942841,7.06553668626647,0.21940734766727));
#6960=CARTESIAN_POINT('',(-0.919480943735254,7.0655367373841,0.104349633760464));
#6961=CARTESIAN_POINT('',(-1.01382309804208,7.06553678850174,-0.010708080146353));
#6962=CARTESIAN_POINT('',(-1.10816525235176,7.06553683961938,-0.125765794056646));
#6963=CARTESIAN_POINT('',(-1.20250742977526,7.06543632511302,-0.240823536080878));
#6964=CARTESIAN_POINT('',(-1.29684956096049,7.06554041665373,-0.355881221866913));
#6965=CARTESIAN_POINT('',(-1.29684956096049,7.06554041665373,-0.355881221866913));
#6966=CARTESIAN_POINT('',(-1.29684956096049,7.06554041665373,-0.355881221866913));
#6967=CARTESIAN_POINT('',(-1.29684956096038,7.06554041665713,4.11590113019329));
#6968=CARTESIAN_POINT('',(-1.29684956096049,7.06554041665363,4.11590113021119));
#6969=CARTESIAN_POINT('',(-1.29474899534848,7.06553809901353,4.11592760796789));
#6970=CARTESIAN_POINT('',(-1.29264826287178,7.06553693957823,4.11594084737399));
#6971=CARTESIAN_POINT('',(-1.29054753038808,7.06553693843994,4.11594084737809));
#6972=CARTESIAN_POINT('',(-0.429999999967682,7.06553647216743,-1.25024598534031));
#6973=CARTESIAN_POINT('',(-0.632819877427078,7.06553658206183,-1.25024598572671));
#6974=CARTESIAN_POINT('',(-0.835639754886579,7.06553669195623,-1.25024598611311));
#6975=CARTESIAN_POINT('',(-1.09517940940538,7.06553683258323,-1.25024598660761));
#6976=CARTESIAN_POINT('',(-1.15189918646488,7.06553686331584,-1.25024598671561));
#6977=CARTESIAN_POINT('',(-1.22752555587758,7.06553690429263,-1.25024598685971));
#6978=CARTESIAN_POINT('',(-1.24643214823068,7.06553691453684,-1.25024598689571));
#6979=CARTESIAN_POINT('',(-1.27164093803498,7.06553692819574,-1.25024598694371));
#6980=CARTESIAN_POINT('',(-1.27794313548598,7.06553693161053,-1.25024598695571));
#6981=CARTESIAN_POINT('',(-1.28634606542068,7.06553693616354,-1.25024598697171));
#6982=CARTESIAN_POINT('',(-1.28844679790438,7.06553693730174,-1.25024598697571));
#6983=CARTESIAN_POINT('',(-1.29264826287178,7.06553693957823,-1.25024598698381));
#6984=CARTESIAN_POINT('',(-1.29474899534837,7.06553809901353,-1.25025922638991));
#6985=CARTESIAN_POINT('',(-1.29895012657258,7.06554273429383,-1.25031218190331));
#6986=CARTESIAN_POINT('',(-1.30105069218468,7.06554505193404,-1.25033865965991));
#6987=CARTESIAN_POINT('',(-1.30945295463308,7.06555432249473,-1.25044457068671));
#6988=CARTESIAN_POINT('',(-1.31575465146938,7.06556127541534,-1.25052400395671));
#6989=CARTESIAN_POINT('',(-1.34096143881458,7.06558908709743,-1.25084173703701));
#6990=CARTESIAN_POINT('',(-1.35986652932358,7.06560994585913,-1.25108003684711));
#6991=CARTESIAN_POINT('',(-1.37877161983248,7.06563080462073,-1.25131833665731));
#6992=CARTESIAN_POINT('',(-0.430000000034878,7.06553647216743,9.48222300453979));
#6993=CARTESIAN_POINT('',(-0.632819877478475,7.06553658206183,9.48222300415339));
#6994=CARTESIAN_POINT('',(-0.835639754921981,7.06553669195623,9.48222300376698));
#6995=CARTESIAN_POINT('',(-1.09517940942068,7.06553683258323,9.48222300327259));
#6996=CARTESIAN_POINT('',(-1.15189918647568,7.06553686331584,9.48222300316449));
#6997=CARTESIAN_POINT('',(-1.22752555588248,7.06553690429263,9.48222300302039));
#6998=CARTESIAN_POINT('',(-1.24643214823418,7.06553691453684,9.48222300298439));
#6999=CARTESIAN_POINT('',(-1.27164093803639,7.06553692819574,9.48222300293638));
#7000=CARTESIAN_POINT('',(-1.27794313548698,7.06553693161053,9.48222300292438));
#7001=CARTESIAN_POINT('',(-1.28634606542108,7.06553693616354,9.48222300290839));
#7002=CARTESIAN_POINT('',(-1.28844679790458,7.06553693730174,9.48222300290439));
#7003=CARTESIAN_POINT('',(-1.29264826287158,7.06553693957823,9.48222300289639));
#7004=CARTESIAN_POINT('',(-1.29474899534848,7.06553809901353,9.48220976349019));
#7005=CARTESIAN_POINT('',(-1.29895012657238,7.06554273429383,9.48215680797689));
#7006=CARTESIAN_POINT('',(-1.30105069218438,7.06554505193404,9.48213033022019));
#7007=CARTESIAN_POINT('',(-1.30945295463228,7.06555432249473,9.48202441919349));
#7008=CARTESIAN_POINT('',(-1.31575465146818,7.06556127541534,9.48194498592339));
#7009=CARTESIAN_POINT('',(-1.34096143881178,7.06558908709743,9.48162725284329));
#7010=CARTESIAN_POINT('',(-1.35986652931948,7.06560994585913,9.48138895303309));
#7011=CARTESIAN_POINT('',(-1.37877161982718,7.06563080462073,9.48115065322299));
#7012=CARTESIAN_POINT('',(-1.29684956096038,4.50000027035094,-0.850000472405315));
#7013=CARTESIAN_POINT('',(-1.29684956096038,4.54323029015673,-0.355879334645013));
#7014=CARTESIAN_POINT('',(-1.29684956096038,5.99999916358573,-0.355880424616513));
#7015=CARTESIAN_POINT('',(-1.29684956096038,5.99999993819743,2.40862547833629));
#7016=CARTESIAN_POINT('',(-1.29054750505748,7.10928124809983,3.61594084736009));
#7017=CARTESIAN_POINT('',(-1.79024292660348,7.10775488229723,3.63339039089019));
#7018=CARTESIAN_POINT('',(-1.79024295105008,7.06553720973873,3.63339039089019));
#7019=CARTESIAN_POINT('',(-1.79024420951588,4.89224664588453,3.63339039089019));
#7020=CARTESIAN_POINT('',(-1.29054878973798,4.89071970135973,3.61594084736009));
#7021=CARTESIAN_POINT('',(-1.29054814739779,6.00000032718994,3.61594084736009));
#7022=CARTESIAN_POINT('',(-1.94663878555678,4.50041974299993,-0.845210436271414));
#7023=CARTESIAN_POINT('',(-1.91167597242938,4.58801466560283,0.156003849772686));
#7024=CARTESIAN_POINT('',(-1.94663705345648,7.49958158137483,-0.845210567845612));
#7025=CARTESIAN_POINT('',(-1.91167434150618,7.41198670623513,0.156003725883586));
#7026=CARTESIAN_POINT('',(-1.91167515696778,6.00000068632823,0.156003787828186));
#7027=CARTESIAN_POINT('',(-1.91167486804598,6.50027405348124,0.156003765880786));
#7028=CARTESIAN_POINT('',(-1.89252164365438,6.47152925088843,0.704487273216287));
#7029=CARTESIAN_POINT('',(-1.82926508932518,6.37659499179323,2.51594084736019));
#7030=CARTESIAN_POINT('',(-1.82926530739658,5.99999957988503,2.51594084736029));
#7031=CARTESIAN_POINT('',(-1.82926552546768,5.62340416797693,2.51594084736009));
#7032=CARTESIAN_POINT('',(-1.89252218500178,5.52846991599623,0.704487408968986));
#7033=CARTESIAN_POINT('',(-1.91167544589098,5.49972510858933,0.156003809775486));
#7034=CARTESIAN_POINT('',(-1.91167515696778,6.00000068632823,0.156003787828186));
#7035=CARTESIAN_POINT('',(-1.89338380902988,6.00000069874383,0.679805616028187));
#7036=CARTESIAN_POINT('',(-0.441425706901779,4.63450296641103,0.687377599116187));
#7037=CARTESIAN_POINT('',(-0.441424129664285,7.36549675381783,0.687377479320586));
#7038=CARTESIAN_POINT('',(-1.29684956096038,7.45677050614383,-0.355881514589812));
#7039=CARTESIAN_POINT('',(-1.29684956096038,5.99999916358573,-0.355880424616513));
#7040=CARTESIAN_POINT('',(-0.499999794954676,5.99999989071373,0.615940847405187));
#7041=CARTESIAN_POINT('',(-1.29684956096038,7.50000030754583,-0.850000655320112));
#7042=CARTESIAN_POINT('',(-1.29684956096038,5.99999993819743,2.40862547833629));
#7043=CARTESIAN_POINT('',(-2.89844249694128,4.48272788747173,-1.04743584134201));
#7044=CARTESIAN_POINT('',(-2.94896867400468,5.43342606940613,-1.10905721914351));
#7045=CARTESIAN_POINT('',(-2.96352715676768,6.00000123762473,-1.12681286348221));
#7046=CARTESIAN_POINT('',(-1.93698496878088,6.50189175949383,0.125136096333685));
#7047=CARTESIAN_POINT('',(-2.89844074444458,7.51727451855673,-1.04743597451691));
#7048=CARTESIAN_POINT('',(-2.96352715676768,6.00000123762473,-1.12681286348221));
#7049=CARTESIAN_POINT('',(-2.11670798530618,6.43843452065703,1.33597234440559));
#7050=CARTESIAN_POINT('',(-1.98753466113748,6.49972548683593,0.166471041021287));
#7051=CARTESIAN_POINT('',(-2.11670823380528,5.56156463954923,1.33597235272729));
#7052=CARTESIAN_POINT('',(-2.40415091554188,6.50027404908464,0.156003849772686));
#7053=CARTESIAN_POINT('',(-1.98753466113748,5.50027367293413,0.166471041021287));
#7054=CARTESIAN_POINT('',(-1.80841774869208,4.50000058176083,-0.850000499650214));
#7055=CARTESIAN_POINT('',(-1.80841601610828,7.50000058253973,-0.850000631261214));
#7056=CARTESIAN_POINT('',(-0.629999999999982,5.99999932613679,0.915940794074125));
#7057=CARTESIAN_POINT('',(0.630000832740324,4.93446352750383,0.915940840819888));
#7058=CARTESIAN_POINT('',(0.430000832740318,4.93446352750383,0.915940840819888));
#7059=CARTESIAN_POINT('',(0.63000091471872,4.93446359321483,1.11594084081979));
#7060=CARTESIAN_POINT('',(0.63000091471872,7.32800233285583,1.11594073581389));
#7061=CARTESIAN_POINT('',(0.63000091471872,7.06553658053403,1.11594074732839));
#7062=CARTESIAN_POINT('',(0.630000832740324,7.06553657175993,0.915940747328387));
#7063=CARTESIAN_POINT('',(0.430000832740318,7.06553652196373,0.915940747328387));
#7064=CARTESIAN_POINT('',(0.430000832740318,4.67199740300613,0.915940852334386));
#7065=CARTESIAN_POINT('',(0.630000832740324,5.99999932613683,0.915940794074185));
#7066=CARTESIAN_POINT('',(0.865000873729514,4.93446379426273,1.11594074449519));
#7067=CARTESIAN_POINT('',(1.10000083274032,4.93446393837383,1.11594064817059));
#7068=CARTESIAN_POINT('',(1.10000083274042,5.99999933491093,1.11594060142489));
#7069=CARTESIAN_POINT('',(1.10000083274042,7.06553683519514,1.11594055467919));
#7070=CARTESIAN_POINT('',(0.865000873729618,7.06553670786453,1.11594065100379));
#7071=CARTESIAN_POINT('',(-0.499999167255686,5.99999933491093,1.11594125725209));
#7072=CARTESIAN_POINT('',(1.10000083274042,5.99999957988503,1.45009327096959));
#7073=CARTESIAN_POINT('',(1.10000083274032,4.93446393837383,1.45009327096959));
#7074=CARTESIAN_POINT('',(1.10000083274032,7.06553683519514,1.45009327096959));
#7075=CARTESIAN_POINT('',(1.10000083274032,7.06553683519514,1.11594055467919));
#7076=CARTESIAN_POINT('',(1.10000083274042,4.93446393837383,1.45009327096959));
#7077=CARTESIAN_POINT('',(1.10000083274042,7.53908779504733,0.615940847360087));
#7078=CARTESIAN_POINT('',(0.765000832740417,4.93446373293883,1.78509327096959));
#7079=CARTESIAN_POINT('',(0.430000832740318,4.93446352750383,2.12009327096959));
#7080=CARTESIAN_POINT('',(0.430000832740318,5.99999957988503,2.12009327096959));
#7081=CARTESIAN_POINT('',(0.430000832740318,7.06553647216753,2.12009327096959));
#7082=CARTESIAN_POINT('',(0.765000832740417,7.06553665368133,1.78509327096959));
#7083=CARTESIAN_POINT('',(0.50071151085902,5.99999957988503,2.04938259285089));
#7084=CARTESIAN_POINT('',(0.430000832740318,7.06553647216753,2.12009327096959));
#7085=CARTESIAN_POINT('',(0.430000832738319,7.06553652635073,2.41594084735919));
#7086=CARTESIAN_POINT('',(0.430000832740318,4.93446352750383,2.41594084736009));
#7087=CARTESIAN_POINT('',(0.430000832740318,4.93446352750383,2.41594084736079));
#7088=CARTESIAN_POINT('',(0.430000832740318,4.80323046577103,2.41594084736009));
#7089=CARTESIAN_POINT('',(0.430000832740318,4.49999957988503,2.31594084736009));
#7090=CARTESIAN_POINT('',(0.630000832740324,4.93446352750383,2.41594084736009));
#7091=CARTESIAN_POINT('',(0.630000832740324,4.93446358882763,2.61594084736009));
#7092=CARTESIAN_POINT('',(0.630000832740324,7.19676940128923,2.61594084736009));
#7093=CARTESIAN_POINT('',(0.630000832740324,7.06553658053393,2.61594084758389));
#7094=CARTESIAN_POINT('',(0.630000832740324,7.06553658053393,2.41594084736009));
#7095=CARTESIAN_POINT('',(0.630000832740324,4.49999957988503,2.41594084736009));
#7096=CARTESIAN_POINT('',(0.865000832740323,4.93446379426273,2.61594084736009));
#7097=CARTESIAN_POINT('',(1.10000083274032,4.93446393837383,2.61594084736009));
#7098=CARTESIAN_POINT('',(1.10000083274042,4.49999957988503,2.61594084736009));
#7099=CARTESIAN_POINT('',(1.10000083274042,7.06553683519514,2.61594084736009));
#7100=CARTESIAN_POINT('',(0.865000832740323,7.06553670786453,2.61594084736009));
#7101=CARTESIAN_POINT('',(0.500000832740318,4.49999957988503,2.61594084736009));
#7102=CARTESIAN_POINT('',(1.10000083274042,5.99999957988503,2.95009327096959));
#7103=CARTESIAN_POINT('',(1.10000083274042,4.93446393837383,2.95009327096959));
#7104=CARTESIAN_POINT('',(1.10000083274042,7.06553683519514,2.95009327096959));
#7105=CARTESIAN_POINT('',(1.10000083274042,7.06553683519514,2.61594084736009));
#7106=CARTESIAN_POINT('',(1.10000083274032,4.93446393837383,2.95009327096959));
#7107=CARTESIAN_POINT('',(1.10000083274042,7.53908779504733,0.615940847360087));
#7108=CARTESIAN_POINT('',(0.765000832740417,4.93446373293883,3.28509327096959));
#7109=CARTESIAN_POINT('',(0.430000832740318,4.93446352750383,3.62009327096959));
#7110=CARTESIAN_POINT('',(0.430000832740318,5.99999957988503,3.62009327096959));
#7111=CARTESIAN_POINT('',(0.430000832740318,7.06553647216753,3.62009327096959));
#7112=CARTESIAN_POINT('',(0.76500083274032,7.06553665368133,3.28509327096959));
#7113=CARTESIAN_POINT('',(0.50071151085902,5.99999957988503,3.54938259285089));
#7114=CARTESIAN_POINT('',(0.430000832740318,7.06553647216753,3.62009327096959));
#7115=CARTESIAN_POINT('',(0.430000832738319,7.06553652635073,3.91594084735919));
#7116=CARTESIAN_POINT('',(0.430000832740318,4.93446352750383,3.91594084736008));
#7117=CARTESIAN_POINT('',(0.430000832740318,4.93446352750383,3.91594084736079));
#7118=CARTESIAN_POINT('',(0.430000832740318,4.93446352736913,3.91594084736008));
#7119=CARTESIAN_POINT('',(0.430000832740318,4.49999957988503,3.81594084736009));
#7120=CARTESIAN_POINT('',(0.630000832740324,4.93446352750383,3.91594084736008));
#7121=CARTESIAN_POINT('',(0.630000832740324,4.93446358882763,4.11594084736009));
#7122=CARTESIAN_POINT('',(0.630000832740324,7.06553647230963,4.11594084736009));
#7123=CARTESIAN_POINT('',(0.630000832740324,7.06553658053393,4.11594084767469));
#7124=CARTESIAN_POINT('',(0.630000832740324,7.06553658053393,3.91594084736008));
#7125=CARTESIAN_POINT('',(0.630000832740324,5.99999957988503,3.91594084736008));
#7126=CARTESIAN_POINT('',(0.960275214944021,4.93446385268863,4.11594084736009));
#7127=CARTESIAN_POINT('',(1.29054959714772,4.93446405522574,4.11594084736009));
#7128=CARTESIAN_POINT('',(1.29054959714772,4.93446407180434,4.11594084736009));
#7129=CARTESIAN_POINT('',(1.29054836312852,7.06553693843994,4.11594084736009));
#7130=CARTESIAN_POINT('',(0.960274597934418,7.06553675948693,4.11594084736009));
#7131=CARTESIAN_POINT('',(8.32740317986149E-7,5.99999957988503,4.11594084736009));
#7132=CARTESIAN_POINT('',(0.863426029848919,7.06553670701133,0.172714047373887));
#7133=CARTESIAN_POINT('',(0.430000832740318,7.06553647216753,0.701310332853287));
#7134=CARTESIAN_POINT('',(1.29685122644111,7.06554041756173,-0.355882237459514));
#7135=CARTESIAN_POINT('',(0.430000832740415,7.06553647216753,0.894477672379585));
#7136=CARTESIAN_POINT('',(1.29685122644122,7.06554041757253,4.11590111971379));
#7137=CARTESIAN_POINT('',(1.29475038329322,7.06553809931993,4.11592760446858));
#7138=CARTESIAN_POINT('',(1.29264937321442,7.06553693957833,4.11594084737409));
#7139=CARTESIAN_POINT('',(1.29054836312852,7.06553693843994,4.11594084737809));
#7140=CARTESIAN_POINT('',(1.29685122644111,7.06554041757253,4.11590111969589));
#7141=CARTESIAN_POINT('',(1.29685122644111,7.06554041755243,4.11590111969589));
#7142=CARTESIAN_POINT('',(0.430000832806917,7.06553647216753,-6.61648293029994));
#7143=CARTESIAN_POINT('',(0.632809606158917,7.06553658205583,-6.61648293068627));
#7144=CARTESIAN_POINT('',(0.835618379510819,7.06553669194423,-6.61648293107259));
#7145=CARTESIAN_POINT('',(1.09515442517262,7.06553683256924,-6.61648293156697));
#7146=CARTESIAN_POINT('',(1.15188169748242,7.06553686330593,-6.61648293167503));
#7147=CARTESIAN_POINT('',(1.22751806056212,7.06553690428814,-6.61648293181911));
#7148=CARTESIAN_POINT('',(1.24642715133201,7.06553691453373,-6.61648293185513));
#7149=CARTESIAN_POINT('',(1.27163927235862,7.06553692819443,-6.61648293190315));
#7150=CARTESIAN_POINT('',(1.27794230261522,7.06553693160964,-6.61648293191516));
#7151=CARTESIAN_POINT('',(1.28634634295742,7.06553693616324,-6.61648293193117));
#7152=CARTESIAN_POINT('',(1.28844735304301,7.06553693730153,-6.61648293193517));
#7153=CARTESIAN_POINT('',(1.29264937321412,7.06553693957833,-6.61648293194318));
#7154=CARTESIAN_POINT('',(1.29475038329332,7.06553809931993,-6.61649617484863));
#7155=CARTESIAN_POINT('',(1.29895206958892,7.06554273582513,-6.61654914435821));
#7156=CARTESIAN_POINT('',(1.30105291273682,7.06554505407773,-6.61657562911301));
#7157=CARTESIAN_POINT('',(1.30945628532822,7.06555432708803,-6.61668156813217));
#7158=CARTESIAN_POINT('',(1.31575881477172,7.06556128184574,-6.61676102239654));
#7159=CARTESIAN_POINT('',(1.34096893254581,7.06558910087673,-6.61707883945403));
#7160=CARTESIAN_POINT('',(1.35987652087642,7.06560996514993,-6.61731720224715));
#7161=CARTESIAN_POINT('',(1.43550687419872,7.06569342224273,-6.61827065341961));
#7162=CARTESIAN_POINT('',(1.49222963919042,7.06575601506243,-6.61898574179897));
#7163=CARTESIAN_POINT('',(1.54895240418211,7.06581860788203,-6.61970083017832));
#7164=CARTESIAN_POINT('',(0.430000832664316,7.06553647216753,9.48222424844469));
#7165=CARTESIAN_POINT('',(0.63280960604992,7.06553658205583,9.48222424805829));
#7166=CARTESIAN_POINT('',(0.835618379435421,7.06553669194423,9.48222424767198));
#7167=CARTESIAN_POINT('',(1.09515442514022,7.06553683256924,9.48222424717759));
#7168=CARTESIAN_POINT('',(1.15188169745941,7.06553686330593,9.48222424706958));
#7169=CARTESIAN_POINT('',(1.22751806055162,7.06553690428814,9.48222424692548));
#7170=CARTESIAN_POINT('',(1.24642715132471,7.06553691453373,9.48222424688949));
#7171=CARTESIAN_POINT('',(1.27163927235542,7.06553692819443,9.48222424684139));
#7172=CARTESIAN_POINT('',(1.27794230261312,7.06553693160964,9.48222424682939));
#7173=CARTESIAN_POINT('',(1.28634634295672,7.06553693616324,9.48222424681339));
#7174=CARTESIAN_POINT('',(1.28844735304262,7.06553693730153,9.48222424680939));
#7175=CARTESIAN_POINT('',(1.29264937321442,7.06553693957833,9.48222424680139));
#7176=CARTESIAN_POINT('',(1.29475038329302,7.06553809931993,9.48221100389599));
#7177=CARTESIAN_POINT('',(1.29895206958932,7.06554273582513,9.48215803438639));
#7178=CARTESIAN_POINT('',(1.30105291273742,7.06554505407773,9.48213154963159));
#7179=CARTESIAN_POINT('',(1.30945628533002,7.06555432708803,9.48202561061239));
#7180=CARTESIAN_POINT('',(1.31575881477452,7.06556128184574,9.48194615634809));
#7181=CARTESIAN_POINT('',(1.34096893255222,7.06558910087673,9.48162833929059));
#7182=CARTESIAN_POINT('',(1.35987652088562,7.06560996514993,9.48138997649749));
#7183=CARTESIAN_POINT('',(1.43550687421902,7.06569342224273,9.48043652532499));
#7184=CARTESIAN_POINT('',(1.49222963921902,7.06575601506243,9.47972143694559));
#7185=CARTESIAN_POINT('',(1.54895240421902,7.06581860788203,9.47900634856629));
#7186=CARTESIAN_POINT('',(0.430000832740318,5.99999995458883,0.701311130081086));
#7187=CARTESIAN_POINT('',(0.43000083273952,4.93446352750383,0.701311927328887));
#7188=CARTESIAN_POINT('',(0.430000832740318,4.93446352750383,0.915940840819888));
#7189=CARTESIAN_POINT('',(0.430000832740318,4.49999957988503,0.815940847360088));
#7190=CARTESIAN_POINT('',(1.29054959714772,4.93446405522574,4.11594084737799));
#7191=CARTESIAN_POINT('',(1.29265019585972,4.93446405651393,4.11594084737399));
#7192=CARTESIAN_POINT('',(1.29475079456622,4.93446289965133,4.11592760965399));
#7193=CARTESIAN_POINT('',(1.29685122644111,4.93446058473003,4.11590113526929));
#7194=CARTESIAN_POINT('',(1.29685122644111,4.93446058480193,4.11590113525129));
#7195=CARTESIAN_POINT('',(1.29685122642472,4.93446058473003,-0.355880642940693));
#7196=CARTESIAN_POINT('',(1.19658614541694,4.93457108856206,-0.233599451861318));
#7197=CARTESIAN_POINT('',(1.09632101553371,4.93446393611719,-0.111318201011566));
#7198=CARTESIAN_POINT('',(0.996055910085222,4.93446387463073,0.0109630199579061));
#7199=CARTESIAN_POINT('',(0.901713397194281,4.93446381677624,0.126021171186396));
#7200=CARTESIAN_POINT('',(0.807370884303357,4.93446375892177,0.241079322414898));
#7201=CARTESIAN_POINT('',(0.713028371412416,4.93446370106728,0.356137473643388));
#7202=CARTESIAN_POINT('',(0.618685858521467,4.93446364321278,0.471195624871888));
#7203=CARTESIAN_POINT('',(0.524343345630566,4.93446358535829,0.586253776100427));
#7204=CARTESIAN_POINT('',(0.430000832739617,4.93446352750383,0.701311927328927));
#7205=CARTESIAN_POINT('',(1.29685122642472,4.93446058473003,-0.355880642940693));
#7206=CARTESIAN_POINT('',(1.29685122644102,4.93446058473003,4.11590113525129));
#7207=CARTESIAN_POINT('',(0.430000832702619,4.93446352750383,-1.25024458811331));
#7208=CARTESIAN_POINT('',(0.632826472370219,4.93446365188433,-1.25024458850081));
#7209=CARTESIAN_POINT('',(0.835652112037722,4.93446377626493,-1.25024458888821));
#7210=CARTESIAN_POINT('',(1.09519391692982,4.93446393542603,-1.25024458938391));
#7211=CARTESIAN_POINT('',(1.15191008215442,4.93446397020663,-1.25024458949231));
#7212=CARTESIAN_POINT('',(1.22753163578712,4.93446401658073,-1.25024458963671));
#7213=CARTESIAN_POINT('',(1.24643702419532,4.93446402817423,-1.25024458967281));
#7214=CARTESIAN_POINT('',(1.27164420873952,4.93446404363223,-1.25024458972101));
#7215=CARTESIAN_POINT('',(1.27794600487562,4.93446404749673,-1.25024458973301));
#7216=CARTESIAN_POINT('',(1.28634839972372,4.93446405264944,-1.25024458974911));
#7217=CARTESIAN_POINT('',(1.28844899843572,4.93446405393763,-1.25024458975311));
#7218=CARTESIAN_POINT('',(1.29265019585972,4.93446405651393,-1.25024458976111));
#7219=CARTESIAN_POINT('',(1.29475079456602,4.93446289965133,-1.25025782748111));
#7220=CARTESIAN_POINT('',(1.29895165831612,4.93445826980873,-1.25031077625061));
#7221=CARTESIAN_POINT('',(1.30105209019112,4.93445595488743,-1.25033725063531));
#7222=CARTESIAN_POINT('',(1.30945381769112,4.93444669520223,-1.25044314817431));
#7223=CARTESIAN_POINT('',(1.31575511331612,4.93443975043823,-1.25052257132851));
#7224=CARTESIAN_POINT('',(1.34096029581612,4.93441197138253,-1.25084026394531));
#7225=CARTESIAN_POINT('',(1.35986418269122,4.93439113709083,-1.25107853340801));
#7226=CARTESIAN_POINT('',(1.37876806956622,4.93437030279903,-1.25131680287061));
#7227=CARTESIAN_POINT('',(0.430000832781014,4.93446352750383,9.48222159518219));
#7228=CARTESIAN_POINT('',(0.632826472430116,4.93446365188433,9.48222159479469));
#7229=CARTESIAN_POINT('',(0.83565211207912,4.93446377626493,9.48222159440729));
#7230=CARTESIAN_POINT('',(1.09519391694762,4.93446393542603,9.48222159391159));
#7231=CARTESIAN_POINT('',(1.15191008216702,4.93446397020663,9.48222159380319));
#7232=CARTESIAN_POINT('',(1.22753163579292,4.93446401658073,9.48222159365879));
#7233=CARTESIAN_POINT('',(1.24643702419932,4.93446402817423,9.48222159362269));
#7234=CARTESIAN_POINT('',(1.27164420874131,4.93446404363223,9.48222159357449));
#7235=CARTESIAN_POINT('',(1.27794600487672,4.93446404749673,9.48222159356249));
#7236=CARTESIAN_POINT('',(1.28634839972412,4.93446405264944,9.48222159354639));
#7237=CARTESIAN_POINT('',(1.28844899843592,4.93446405393763,9.48222159354239));
#7238=CARTESIAN_POINT('',(1.29265019585962,4.93446405651393,9.48222159353439));
#7239=CARTESIAN_POINT('',(1.29475079456622,4.93446289965133,9.48220835581438));
#7240=CARTESIAN_POINT('',(1.29895165831592,4.93445826980873,9.48215540704489));
#7241=CARTESIAN_POINT('',(1.30105209019072,4.93445595488743,9.48212893266019));
#7242=CARTESIAN_POINT('',(1.30945381769002,4.93444669520223,9.48202303512119));
#7243=CARTESIAN_POINT('',(1.31575511331452,4.93443975043823,9.48194361196698));
#7244=CARTESIAN_POINT('',(1.34096029581242,4.93441197138253,9.48162591935019));
#7245=CARTESIAN_POINT('',(1.35986418268582,4.93439113709083,9.48138764988749));
#7246=CARTESIAN_POINT('',(1.37876806955932,4.93437030279903,9.48114938042489));
#7247=CARTESIAN_POINT('',(1.29685122644111,7.50000030754623,-0.850000655320014));
#7248=CARTESIAN_POINT('',(1.29685122644111,7.45677059499713,-0.355882530182514));
#7249=CARTESIAN_POINT('',(1.29685122644111,5.99999916358504,-0.355881440209113));
#7250=CARTESIAN_POINT('',(1.29685122644111,5.99999993819743,2.40862547833629));
#7251=CARTESIAN_POINT('',(1.29054962247832,4.89071970135973,3.61594084736009));
#7252=CARTESIAN_POINT('',(1.79024504225622,4.89224664588453,3.63339039089019));
#7253=CARTESIAN_POINT('',(1.79024378379052,7.06553720973873,3.63339039089019));
#7254=CARTESIAN_POINT('',(1.79024375934392,7.10775488229723,3.63339039089019));
#7255=CARTESIAN_POINT('',(1.29054833779792,7.10928124809983,3.61594084736009));
#7256=CARTESIAN_POINT('',(1.29054898013822,6.00000032718994,3.61594084736009));
#7257=CARTESIAN_POINT('',(1.94663961829722,4.50041974299993,-0.845210436271414));
#7258=CARTESIAN_POINT('',(1.91167680516982,4.58801466560283,0.156003849772686));
#7259=CARTESIAN_POINT('',(1.91167598970822,6.00000068632823,0.156003787828186));
#7260=CARTESIAN_POINT('',(1.91167627863142,5.49972510858933,0.156003809775486));
#7261=CARTESIAN_POINT('',(1.89252301774222,5.52846991599623,0.704487408968986));
#7262=CARTESIAN_POINT('',(1.82926635820812,5.62340416797693,2.51594084736009));
#7263=CARTESIAN_POINT('',(1.82926614013702,5.99999957988503,2.51594084736019));
#7264=CARTESIAN_POINT('',(1.82926592206562,6.37659499179323,2.51594084736019));
#7265=CARTESIAN_POINT('',(1.89252247639472,6.47152925088843,0.704487273216287));
#7266=CARTESIAN_POINT('',(1.91167570078632,6.50027405348113,0.156003765880987));
#7267=CARTESIAN_POINT('',(1.91167598970822,6.00000068632823,0.156003787828186));
#7268=CARTESIAN_POINT('',(1.91167517424662,7.41198670623513,0.156003725883586));
#7269=CARTESIAN_POINT('',(1.94663788619692,7.49958158137483,-0.845210567845612));
#7270=CARTESIAN_POINT('',(1.89338464177032,6.00000069874383,0.679805616028187));
#7271=CARTESIAN_POINT('',(1.29685122644111,5.99999916358504,-0.355881440209113));
#7272=CARTESIAN_POINT('',(1.29685122644111,4.54323020130433,-0.355880350237614));
#7273=CARTESIAN_POINT('',(1.29685122644111,4.50000027035144,-0.850000472405413));
#7274=CARTESIAN_POINT('',(1.29685122644111,5.99999993819743,2.40862547833629));
#7275=CARTESIAN_POINT('',(0.441424962404725,7.36549675381783,0.687377479320586));
#7276=CARTESIAN_POINT('',(0.441426539642218,4.63450296641103,0.687377599116187));
#7277=CARTESIAN_POINT('',(0.500000627695122,5.99999989071373,0.615940847405187));
#7278=CARTESIAN_POINT('',(2.11670881804662,6.43843452065703,1.33597234440559));
#7279=CARTESIAN_POINT('',(2.94896917518352,6.56657311360513,-1.10905766261181));
#7280=CARTESIAN_POINT('',(1.98753549387792,6.49972548683593,0.166471041021287));
#7281=CARTESIAN_POINT('',(2.89844157718501,7.51727451855673,-1.04743597451691));
#7282=CARTESIAN_POINT('',(2.96352798950812,6.00000123762473,-1.12681286348221));
#7283=CARTESIAN_POINT('',(2.89844332968172,4.48272788747173,-1.04743584134201));
#7284=CARTESIAN_POINT('',(1.93698617176092,5.49810741597273,0.125136395840386));
#7285=CARTESIAN_POINT('',(2.96352798950812,6.00000123762473,-1.12681286348221));
#7286=CARTESIAN_POINT('',(2.11670906654572,5.56156463954923,1.33597235272729));
#7287=CARTESIAN_POINT('',(1.98753549387792,5.50027367293413,0.166471041021287));
#7288=CARTESIAN_POINT('',(2.40415174828232,6.50027404908464,0.156003849772686));
#7289=CARTESIAN_POINT('',(1.80841684884872,7.50000058253973,-0.850000631261214));
#7290=CARTESIAN_POINT('',(1.80841858143252,4.50000058176083,-0.850000499650214));
#7291=MECHANICAL_DESIGN_GEOMETRIC_PRESENTATION_REPRESENTATION('',(#3653,
#3654),#7292);
#7292=(
GEOMETRIC_REPRESENTATION_CONTEXT(3)
GLOBAL_UNCERTAINTY_ASSIGNED_CONTEXT((#7293))
GLOBAL_UNIT_ASSIGNED_CONTEXT((#7299,#7295,#7294))
REPRESENTATION_CONTEXT('FF132-\X2\62C94E016263\X0\-2025.01',
'TOP_LEVEL_ASSEMBLY_PART')
);
#7293=UNCERTAINTY_MEASURE_WITH_UNIT(LENGTH_MEASURE(0.0508),#7299,
'DISTANCE_ACCURACY_VALUE','Maximum Tolerance applied to model');
#7294=(
NAMED_UNIT(*)
SI_UNIT($,.STERADIAN.)
SOLID_ANGLE_UNIT()
);
#7295=(
CONVERSION_BASED_UNIT('DEGREE',#7297)
NAMED_UNIT(#7296)
PLANE_ANGLE_UNIT()
);
#7296=DIMENSIONAL_EXPONENTS(0.,0.,0.,0.,0.,0.,0.);
#7297=PLANE_ANGLE_MEASURE_WITH_UNIT(PLANE_ANGLE_MEASURE(0.0174532925),#7298);
#7298=(
NAMED_UNIT(*)
PLANE_ANGLE_UNIT()
SI_UNIT($,.RADIAN.)
);
#7299=(
LENGTH_UNIT()
NAMED_UNIT(*)
SI_UNIT(.MILLI.,.METRE.)
);
ENDSEC;
END-ISO-10303-21;
